<?xml version="1.0" encoding="utf-8"?>
<COLLADA xmlns="http://www.collada.org/2005/11/COLLADASchema" version="1.4.1" xmlns:xsi="http://www.w3.org/2001/XMLSchema-instance">
  <asset>
    <contributor>
      <author>Blender User</author>
      <authoring_tool>Blender 2.90.0 commit date:2020-08-31, commit time:11:26, hash:0330d1af29c0</authoring_tool>
    </contributor>
    <created>2024-09-21T15:24:34</created>
    <modified>2024-09-21T15:24:34</modified>
    <unit name="meter" meter="1"/>
    <up_axis>Z_UP</up_axis>
  </asset>
  <library_effects>
    <effect id="Material_001-effect">
      <profile_COMMON>
        <technique sid="common">
          <lambert>
            <emission>
              <color sid="emission">0 0 0 1</color>
            </emission>
            <diffuse>
              <color sid="diffuse">0.4019688 0.4019688 0.4019688 1</color>
            </diffuse>
            <reflectivity>
              <float sid="specular">1</float>
            </reflectivity>
            <index_of_refraction>
              <float sid="ior">1.45</float>
            </index_of_refraction>
          </lambert>
        </technique>
      </profile_COMMON>
    </effect>
    <effect id="Material_004-effect">
      <profile_COMMON>
        <technique sid="common">
          <lambert>
            <emission>
              <color sid="emission">0 0 0 1</color>
            </emission>
            <diffuse>
              <color sid="diffuse">0.3931141 0.3816021 0.3816021 1</color>
            </diffuse>
            <index_of_refraction>
              <float sid="ior">1.45</float>
            </index_of_refraction>
          </lambert>
        </technique>
      </profile_COMMON>
    </effect>
    <effect id="Material_005-effect">
      <profile_COMMON>
        <technique sid="common">
          <lambert>
            <emission>
              <color sid="emission">0 0 0 1</color>
            </emission>
            <diffuse>
              <color sid="diffuse">0.2265831 0.2122139 0.2185082 1</color>
            </diffuse>
            <reflectivity>
              <float sid="specular">1</float>
            </reflectivity>
            <index_of_refraction>
              <float sid="ior">1.45</float>
            </index_of_refraction>
          </lambert>
        </technique>
      </profile_COMMON>
    </effect>
    <effect id="Material_006-effect">
      <profile_COMMON>
        <technique sid="common">
          <lambert>
            <emission>
              <color sid="emission">0 0 0 1</color>
            </emission>
            <diffuse>
              <color sid="diffuse">0.00901803 0.00901803 0.00901803 1</color>
            </diffuse>
            <index_of_refraction>
              <float sid="ior">1.45</float>
            </index_of_refraction>
          </lambert>
        </technique>
      </profile_COMMON>
    </effect>
    <effect id="Material_007-effect">
      <profile_COMMON>
        <technique sid="common">
          <lambert>
            <emission>
              <color sid="emission">0 0 0 1</color>
            </emission>
            <diffuse>
              <color sid="diffuse">0.7105536 0.7105536 0.7105536 1</color>
            </diffuse>
            <index_of_refraction>
              <float sid="ior">1.45</float>
            </index_of_refraction>
          </lambert>
        </technique>
      </profile_COMMON>
    </effect>
  </library_effects>
  <library_images/>
  <library_materials>
    <material id="Material_001-material" name="Material.001">
      <instance_effect url="#Material_001-effect"/>
    </material>
    <material id="Material_004-material" name="Material.004">
      <instance_effect url="#Material_004-effect"/>
    </material>
    <material id="Material_005-material" name="Material.005">
      <instance_effect url="#Material_005-effect"/>
    </material>
    <material id="Material_006-material" name="Material.006">
      <instance_effect url="#Material_006-effect"/>
    </material>
    <material id="Material_007-material" name="Material.007">
      <instance_effect url="#Material_007-effect"/>
    </material>
  </library_materials>
  <library_geometries>
    <geometry id="Cube_010-mesh" name="Cube.010">
      <mesh>
        <source id="Cube_010-mesh-positions">
          <float_array id="Cube_010-mesh-positions-array" count="972">-0.4421531 0.09682184 0.2857656 -0.4419491 0.2043643 0.2236762 -0.4074394 0.1386888 0.2346206 -0.4419059 0.2272053 0.2008339 -0.4417881 0.2892954 0.09329193 -0.4072514 0.2378498 0.1354574 -0.4417723 0.2976561 0.06209009 -0.4417723 0.2976561 -0.06209069 -0.4071825 0.2741457 -3.01284e-7 -0.4417881 0.289296 -0.09329253 -0.4419058 0.2272058 -0.2008345 -0.4072512 0.2378498 -0.135458 -0.4419491 0.2043646 -0.2236768 -0.442153 0.09682208 -0.2857662 -0.4074392 0.1386888 -0.234619 -0.4422122 0.06562077 -0.2941257 -0.4424477 -0.05855762 -0.2941257 -0.4076962 0.003232359 -0.2709157 -0.4425068 -0.08975893 -0.285764 -0.4427108 -0.1973 -0.2236736 -0.407953 -0.132224 -0.234619 -0.4427541 -0.2201411 -0.2008334 -0.4428718 -0.2822295 -0.09329146 -0.408141 -0.2313843 -0.1354569 -0.4428877 -0.2905898 -0.06208962 -0.4428877 -0.29059 0.06208902 -0.4082098 -0.2676798 -3.01284e-7 -0.4428718 -0.2822296 0.09329086 -0.4427542 -0.2201413 0.2008318 -0.4081411 -0.2313847 0.1354574 -0.4427108 -0.1973002 0.2236741 -0.4425069 -0.0897597 0.2857645 -0.4079531 -0.1322245 0.2346195 -0.4424478 -0.05855792 0.2941241 -0.4422123 0.06562024 0.2941251 -0.4076962 0.003231823 0.2709151 0.1723224 0.2136747 0.2628536 0.1723224 0.117761 0.3182849 0.1414249 0.1520001 0.2663059 0.1723224 0.05355274 0.3355083 0.1723224 -0.05722242 0.3355093 0.1414249 -0.001567661 0.307497 0.1723224 0.3160707 0.1197871 0.1723224 0.2607185 0.2157563 0.1414249 0.2644297 0.1537579 0.1723224 0.3333048 -0.05539518 0.1723224 0.3333045 0.05539596 0.1414249 0.3055855 0 0.1723225 0.2607185 -0.2157555 0.1723224 0.3160707 -0.1197873 0.141425 0.2644297 -0.1537572 0.1723225 0.1177613 -0.3182841 0.1723225 0.2136749 -0.2628527 0.141425 0.1520003 -0.266305 0.1723225 -0.05722194 -0.3355094 0.1723225 0.0535537 -0.3355084 0.141425 -0.001567184 -0.3074971 0.1723225 -0.2173449 -0.2628537 0.1723225 -0.1214298 -0.318286 0.141425 -0.1551347 -0.266306 0.1723225 -0.3197423 -0.1197882 0.1723225 -0.2643887 -0.2157574 0.141425 -0.2675653 -0.1537581 0.1723225 -0.3369764 0.05539691 0.1723225 -0.3369764 -0.05539613 0.141425 -0.3087217 0 0.1723225 -0.2643892 0.2157573 0.1723225 -0.3197425 0.1197881 0.141425 -0.2675656 0.1537579 0.1723224 -0.1214307 0.3182859 0.1723224 -0.2173454 0.2628545 0.1414249 -0.1551352 0.2663059 0.1723224 0.2136747 0.2628536 0.1723224 0.117761 0.3182849 0.1414249 0.1520001 0.2663059 0.1723224 0.05355274 0.3355083 0.1723224 -0.05722242 0.3355093 0.1414249 -0.001567661 0.307497 0.1723224 0.3160707 0.1197871 0.1723224 0.2607185 0.2157563 0.1414249 0.2644297 0.1537579 0.1723224 0.3333048 -0.05539518 0.1723224 0.3333045 0.05539596 0.1414249 0.3055855 0 0.1723225 0.2607185 -0.2157555 0.1723224 0.3160707 -0.1197873 0.141425 0.2644297 -0.1537572 0.1723225 0.1177613 -0.3182841 0.1723225 0.2136749 -0.2628527 0.141425 0.1520003 -0.266305 0.1723225 -0.05722194 -0.3355094 0.1723225 0.0535537 -0.3355084 0.141425 -0.001567184 -0.3074971 0.1723225 -0.2173449 -0.2628537 0.1723225 -0.1214298 -0.318286 0.141425 -0.1551347 -0.266306 0.1723225 -0.3197423 -0.1197882 0.1723225 -0.2643887 -0.2157574 0.141425 -0.2675653 -0.1537581 0.1723225 -0.3369764 0.05539691 0.1723225 -0.3369764 -0.05539613 0.141425 -0.3087217 0 0.1723225 -0.2643892 0.2157573 0.1723225 -0.3197425 0.1197881 0.141425 -0.2675656 0.1537579 0.1723224 -0.1214307 0.3182859 0.1723224 -0.2173454 0.2628545 0.1414249 -0.1551352 0.2663059 0.3150032 0.1833404 0.1863641 0.2165276 0.2173725 0.2673654 0.2581092 0.211723 0.2512216 0.2165276 0.1198124 0.3237476 0.3150032 0.06679213 0.2537784 0.2581092 0.1086789 0.3107891 0.2164327 0.1554448 0.2722711 0.3150032 0.108436 0.1905574 0.2580814 0.1457075 0.2553377 0.3150032 0.06566941 0.2540788 0.2165274 0.05450212 0.3412675 0.2581089 0.05771577 0.324459 0.2165275 -0.0581749 0.3412685 0.3150032 -0.06915551 0.2541322 0.258109 -0.06134682 0.3244714 0.2164327 -0.001563608 0.3143863 0.3150032 -0.001368343 0.2200106 0.2580814 -0.001516401 0.2948303 0.3150032 0.2515298 0.06881517 0.2165276 0.3215262 0.1218423 0.2581092 0.3085555 0.110711 0.2165276 0.2652239 0.2194594 0.3150032 0.1843504 0.1853532 0.2581092 0.2491068 0.2137975 0.2164327 0.2703937 0.1572036 0.3150032 0.1888586 0.1100434 0.2580814 0.2535015 0.1474313 0.3150032 0.251953 -0.067236 0.2165277 0.3390561 -0.05634695 0.2581092 0.3222624 -0.05949598 0.2165277 0.3390559 0.05634582 0.3150032 0.251953 0.06723493 0.2581092 0.3222622 0.05949485 0.2164326 0.3124715 0 0.3150032 0.2183095 0 0.2580814 0.2929632 0 0.3150032 0.1843504 -0.1853533 0.2165276 0.2652239 -0.2194577 0.2581092 0.2491061 -0.2137957 0.2165276 0.3215262 -0.1218425 0.3150032 0.2515305 -0.06881433 0.2581092 0.3085555 -0.1107093 0.2164326 0.2703937 -0.1572028 0.3150032 0.1888586 -0.1100417 0.2580814 0.2535025 -0.1474305 0.3150032 0.06679236 -0.2537785 0.2165276 0.1198126 -0.3237477 0.2581092 0.1086794 -0.3107892 0.2165276 0.2173728 -0.2673655 0.3150032 0.1833404 -0.1863642 0.2581092 0.2117235 -0.2512217 0.2164327 0.155445 -0.2722712 0.3150032 0.1084365 -0.1905575 0.2580814 0.145708 -0.2553378 0.3150032 -0.06915432 -0.2541314 0.2165275 -0.05817419 -0.3412686 0.258109 -0.06134611 -0.3244706 0.2165274 0.05450308 -0.3412667 0.3150032 0.06567013 -0.2540789 0.2581089 0.05771648 -0.3244591 0.2164327 -0.001563131 -0.3143874 0.3150032 -0.001366674 -0.2200137 0.2580814 -0.001515448 -0.2948304 0.3150032 -0.1870359 -0.186348 0.2165274 -0.2210458 -0.2673665 0.2581089 -0.2154035 -0.2512189 0.2165272 -0.1234842 -0.3237487 0.3150032 -0.07011395 -0.2538739 0.258109 -0.1122709 -0.3108121 0.2164328 -0.1585716 -0.2722722 0.3150032 -0.1111701 -0.1905566 0.2580813 -0.1487396 -0.2553397 0.3150032 -0.2552715 -0.06858259 0.2165272 -0.3252007 -0.1218434 0.258109 -0.3122469 -0.1106568 0.2165271 -0.268897 -0.2194606 0.3150032 -0.187718 -0.1856652 0.258109 -0.2527098 -0.2138701 0.2164329 -0.2735213 -0.1572037 0.3150032 -0.1915924 -0.1100436 0.2580814 -0.2565337 -0.1474314 0.3150032 -0.2555305 0.06761544 0.2165272 -0.3427308 0.05634677 0.258109 -0.3259164 0.05958545 0.2165271 -0.3427306 -0.0563479 0.3150032 -0.2555307 -0.06761461 0.258109 -0.3259161 -0.05958658 0.2164329 -0.3155997 0 0.3150032 -0.2210437 8.83032e-7 0.2580815 -0.2959959 0 0.3150032 -0.1877185 0.185665 0.2165272 -0.2688974 0.2194604 0.258109 -0.2527099 0.2138699 0.2165272 -0.325201 0.1218442 0.3150032 -0.2552715 0.06858342 0.258109 -0.3122471 0.1106566 0.2164329 -0.2735215 0.1572036 0.3150032 -0.1915928 0.1100425 0.2580815 -0.2565342 0.1474313 0.3150032 -0.07011419 0.2538747 0.2165272 -0.1234849 0.3237495 0.258109 -0.1122714 0.3108119 0.2165274 -0.2210463 0.2673664 0.3150032 -0.1870366 0.1863469 0.2581089 -0.2154041 0.2512187 0.2164328 -0.158572 0.2722711 0.3150032 -0.1111706 0.1905555 0.2580813 -0.1487406 0.2553386 -0.4939729 0.09563547 0.2821342 -0.4939729 0.08037239 0.2555676 -0.4939729 0.201799 0.2208209 -0.4939729 0.1864036 0.1943558 -0.4939729 0.1359104 0.2298015 -0.4939729 0.121332 0.2046139 -0.4939729 0.2243452 0.1982672 -0.4939729 0.1978456 0.18291 -0.4939729 0.2856317 0.0920968 -0.4939729 0.2590835 0.07684975 -0.4939729 0.2330273 0.1326695 -0.4939729 0.2078076 0.11813 -0.4939729 0.2938833 0.06129372 -0.4939729 0.2632644 0.0612424 -0.4939729 0.2938833 -0.06129431 -0.4939729 0.2632644 -0.06124192 -0.4939729 0.2685732 -3.01284e-7 -0.4939729 0.2394599 -3.01284e-7 -0.4939729 0.285632 -0.0920974 -0.4939729 0.2590835 -0.07684928 -0.4939729 0.2243455 -0.1982678 -0.4939729 0.1978451 -0.1829107 -0.4939729 0.2330273 -0.1326701 -0.4939729 0.207807 -0.1181306 -0.4939729 0.2017993 -0.2208204 -0.4939729 0.1864041 -0.1943553 -0.4939729 0.09563577 -0.2821348 -0.4939729 0.08037239 -0.2555681 -0.4939729 0.1359104 -0.2298 -0.4939729 0.1213307 -0.2046102 -0.4939729 0.06483185 -0.2903938 -0.4939729 0.06469959 -0.2597682 -0.4939729 -0.05777567 -0.2904152 -0.4939729 -0.057684 -0.2597628 -0.4939729 0.003236651 -0.2653612 -0.4939729 0.003199756 -0.2362685 -0.4939729 -0.08858489 -0.2821647 -0.4939729 -0.07340544 -0.2555531 -0.4939729 -0.1947842 -0.2208707 -0.4939729 -0.1793466 -0.194382 -0.4939729 -0.1294488 -0.2298203 -0.4939729 -0.114934 -0.2046166 -0.4939729 -0.2173418 -0.1983191 -0.4939729 -0.1908869 -0.1828433 -0.4939729 -0.2786636 -0.09212625 -0.4939729 -0.2520325 -0.07692837 -0.4939729 -0.2265881 -0.1326893 -0.4939729 -0.2014173 -0.118136 -0.4939729 -0.286921 -0.06131356 -0.4939729 -0.256263 -0.06114143 -0.4939729 -0.2869212 0.06131404 -0.4939729 -0.256263 0.06114083 -0.4939729 -0.2621454 -3.01284e-7 -0.4939729 -0.2330721 -3.01284e-7 -0.4939729 -0.2786637 0.09212565 -0.4939729 -0.2520317 0.07692885 -0.4939729 -0.2173421 0.1983175 -0.4939729 -0.1908859 0.1828427 -0.4939729 -0.2265884 0.1326908 -0.4939729 -0.2014164 0.1181375 -0.4939729 -0.1947845 0.2208701 -0.4939729 -0.179346 0.1943814 -0.4939729 -0.08858597 0.2821652 -0.4939729 -0.07340598 0.2555526 -0.4939729 -0.1294494 0.2298197 -0.4939729 -0.1149343 0.204616 -0.4939729 -0.05777591 0.2904136 -0.4939729 -0.057684 0.2597623 -0.4939729 0.06483107 0.2903932 -0.4939729 0.06469929 0.2597676 -0.4939729 0.003236114 0.2653617 -0.4939729 0.003199756 0.23627 0.3050856 0.1183764 0.2078332 0.3050856 0.1911291 0.203761 0.3050856 0.07793939 0.2692222 0.3050856 -0.001406729 0.2399634 0.3050856 0.06368863 0.2730445 0.3050856 -0.06721335 0.2730875 0.3050856 0.2060984 0.1200141 0.3050856 0.2669772 0.07996553 0.3050856 0.2017199 0.193158 0.3050856 0.2382189 0 0.3050856 0.2708997 -0.06531149 0.3050856 0.2708994 0.06531041 0.3050856 0.2060984 -0.1200124 0.3050856 0.2017199 -0.1931582 0.3050856 0.2669777 -0.07996469 0.3050856 0.1183769 -0.2078334 0.3050856 0.07793962 -0.2692223 0.3050856 0.1911291 -0.2037612 0.3050856 -0.001405298 -0.2399655 0.3050856 -0.06721168 -0.2730866 0.3050856 0.06368958 -0.2730447 0.3050856 -0.121188 -0.2078334 0.3050856 -0.1948205 -0.2037478 0.3050856 -0.08133202 -0.2692996 0.3050856 -0.2089097 -0.1200143 0.3050856 -0.2707064 -0.07977968 0.3050856 -0.2051494 -0.1934081 0.3050856 -0.2410306 8.83032e-7 0.3050856 -0.2744973 0.06561559 0.3050856 -0.2744973 -0.06561475 0.3050856 -0.2089101 0.1200141 0.3050856 -0.2051498 0.1934079 0.3050856 -0.2707062 0.07978051 0.3050856 -0.1211885 0.2078322 0.3050856 -0.08133274 0.2692995 0.3050856 -0.1948212 0.2037476</float_array>
          <technique_common>
            <accessor source="#Cube_010-mesh-positions-array" count="324" stride="3">
              <param name="X" type="float"/>
              <param name="Y" type="float"/>
              <param name="Z" type="float"/>
            </accessor>
          </technique_common>
        </source>
        <source id="Cube_010-mesh-normals">
          <float_array id="Cube_010-mesh-normals-array" count="1509">-0.05319678 0.9646319 0.2581772 -0.05984628 0.2586186 0.9641239 -0.05319571 0.964632 -0.2581771 -0.05570763 0.7064105 -0.7056068 -0.05984514 0.2586347 -0.9641197 -0.06430226 -0.2585485 -0.9638558 -0.06788694 -0.7058683 -0.7050825 -0.06985187 -0.9636402 -0.2579116 -0.06985223 -0.9636401 0.2579118 -0.06788933 -0.7058759 0.7050746 -0.06430119 -0.2585468 0.9638563 -0.05948787 0.08547371 0.9945629 -0.05283337 0.8192238 0.5710351 -0.06390297 -0.4234147 0.9036794 -0.05652469 0.4236527 0.9040594 -0.05499446 0.5715029 0.8187552 -0.05104011 0.9950729 0.08500063 -0.05182731 0.9043543 0.423624 -0.05182719 0.9043583 -0.4236153 -0.05103987 0.9950729 -0.08500021 -0.05499202 0.5714915 -0.8187633 -0.05283445 0.8192233 -0.5710357 -0.05948919 0.08547431 -0.9945628 -0.05652368 0.4236532 -0.9040593 -0.06390231 -0.423412 -0.9036807 -0.06092268 -0.08544576 -0.9944785 -0.06704396 -0.8184981 -0.5705839 -0.06485152 -0.5711469 -0.8182821 -0.06827241 -0.9940432 -0.08495378 -0.06746685 -0.9035205 -0.4232009 -0.06746697 -0.9035179 0.4232065 -0.06827193 -0.9940435 0.08494985 -0.06485033 -0.5711462 0.8182826 -0.06704306 -0.8185021 0.5705785 -0.06092113 -0.08542978 0.99448 -0.05570948 0.7064092 0.705608 0 0 1 -0.1301214 0.957785 -0.2563521 -0.08305281 -0.9057286 0.4156416 -0.1302447 -0.7014847 0.7006822 -0.1078807 0.9907398 -0.08243948 -0.08317911 -0.5778434 0.811898 -0.1073977 -0.8214446 0.5600843 -0.1302127 0.7015017 -0.7006712 -0.1078153 0.5656152 0.8175911 -0.08329641 -0.09639716 0.9918515 -0.1078804 0.8173393 -0.5659667 -0.1302614 0.2568792 -0.9576247 -0.1077352 0.07867354 0.9910619 -0.1078312 0.4262908 -0.8981362 -0.1075787 -0.4296776 0.8965513 -0.1302778 -0.2568767 -0.9576231 -0.08346408 0.9913855 0.1009393 -0.1077102 -0.07798916 -0.9911187 -0.08344686 0.8086863 0.5822913 -0.08345174 0.9090213 -0.408309 -0.1302389 -0.7014743 -0.7006938 -0.1302598 0.2568755 0.9576259 -0.08343511 0.5820133 -0.8088877 -0.1074851 -0.5615537 -0.8204295 -0.08341556 0.4106839 0.9079542 -0.08335244 0.09727263 -0.9917613 -0.1301957 -0.9577776 -0.2563422 -0.1302987 -0.2568753 0.9576207 -0.08324646 -0.4139854 -0.9064691 -0.1073557 -0.8958579 -0.4311768 -0.130122 0.9577867 0.2563451 -0.083099 -0.8128744 -0.5764807 -0.1301914 -0.9577782 0.256342 -0.1078596 0.8991891 0.4240581 -0.08302652 -0.9922716 -0.09221601 -0.1072975 -0.9914838 0.07380455 -0.05940538 0.380124 -0.923026 -0.06078237 -0.9254514 0.3739591 -0.05964946 -0.6127532 -0.78802 -0.05970335 -0.9885739 0.1384094 -0.0608676 0.9225854 -0.3809614 -0.06075894 -0.613392 0.787438 -0.07356137 0.9633214 -0.2580711 -0.07341718 0.2582278 -0.9632904 -0.06090193 0.6095932 -0.7903715 -0.07316905 -0.705128 -0.705295 -0.060741 -0.1354621 0.9889189 -0.07310134 -0.96333 0.2581698 -0.07325613 -0.2579147 0.9633866 -0.0595178 -0.3768177 0.9243734 -0.06094741 0.1347842 -0.9889988 -0.05921006 0.9221929 0.3821707 -0.06074029 0.3791314 0.9233472 -0.0592758 0.7917988 -0.6078989 -0.05952054 -0.1345731 -0.9891145 -0.05970549 -0.9252071 -0.3747359 -0.06094259 -0.3758007 -0.9246945 -0.05963689 -0.7874372 0.6135034 -0.07347768 0.705313 0.7050778 -0.07354199 0.9633269 0.2580559 -0.06090372 -0.7867816 -0.6142196 -0.07350414 0.7052803 -0.7051078 -0.07328987 -0.2580319 -0.9633526 -0.0731098 -0.9633325 -0.2581579 -0.06081163 0.9895199 0.1309667 -0.0593819 0.1336483 0.9892482 -0.0731588 -0.7051329 0.705291 -0.06085222 -0.9883859 -0.1392493 -0.05928391 0.6086776 0.7911998 -0.0592122 0.9897761 -0.1297587 -0.06077045 0.7910202 0.6087645 -0.1301931 0.7014859 0.7006906 -0.07339024 0.2582684 0.9632816 0.7213514 0.03870475 0.691487 0.3874697 0.05720525 0.9201059 0.7192987 0.5778991 0.3855411 0.3693556 0.7644082 0.5284475 0.7213869 -0.3137506 0.617383 0.3875558 -0.412547 0.824382 0.7193 0.3086633 0.6223621 0.3694369 0.3991089 0.8391832 0.7213497 0.3806273 0.5785996 0.387404 0.5114185 0.7670525 0.7192971 0.6932043 0.04560309 0.3693703 0.926141 0.0763458 0.7213483 0.6193608 0.3099175 0.3873697 0.8270025 0.4074454 0.7193008 0.623092 -0.3071852 0.3693989 0.8401858 -0.3970295 0.7213515 0.6913316 -0.04138356 0.3873504 0.9199269 -0.06077969 0.7193064 0.385235 -0.5780937 0.3694478 0.5280801 -0.7646175 0.7213402 0.5783786 -0.380981 0.3873705 0.7667877 -0.5118408 0.7193181 0.04292774 -0.6933533 0.3695458 0.07281625 -0.9263551 0.7213544 0.3113628 -0.6186284 0.3874077 0.4093921 -0.8260228 0.7193492 -0.3110309 -0.6211252 0.3696519 -0.4021936 -0.8376144 0.7213653 -0.03836786 -0.6914912 0.3874768 -0.05671727 -0.9201331 0.7193657 -0.5805985 -0.3813377 0.3697811 -0.7680501 -0.5228394 0.7213767 -0.3778688 -0.5803714 0.3876109 -0.5076829 -0.7694257 0.7193709 -0.6934958 -0.03961443 0.3698771 -0.9265695 -0.06826299 0.7214004 -0.6169076 -0.314653 0.3877078 -0.8236881 -0.4137884 0.7193608 -0.6206387 0.3119739 0.369839 -0.8368729 0.4035628 0.7214013 -0.6916102 0.03543329 0.3877388 -0.9202553 0.05280995 0.7193376 -0.3824302 0.5799143 0.3697081 -0.5242128 0.7671486 0.7213913 -0.5810682 0.3767682 0.3876643 -0.7703454 0.5062454 0.7193177 -0.04255282 0.6933768 0.3695495 -0.07217127 0.9264042 0.7154965 0.4942623 0.4937303 0.3474222 0.6634383 0.6626821 0.7154963 0.1809908 0.6747648 0.3473417 0.2429638 0.9057165 0.7155098 0.6748531 0.1806074 0.3474538 0.9058149 0.2424359 0.7155051 0.6748532 -0.1806259 0.3474739 0.9058076 -0.2424347 0.7154922 0.4942827 -0.4937161 0.3474005 0.66345 -0.6626816 0.7154966 0.1809934 -0.6747637 0.3473104 0.2429463 -0.9057332 0.7154893 -0.1809744 -0.6747766 0.3473616 -0.2429226 -0.9057199 0.7154948 -0.4942563 -0.4937388 0.3473744 -0.6634489 -0.6626965 0.7154915 -0.6748707 -0.1806147 0.3474156 -0.9058259 -0.24245 0.7154961 -0.6748622 0.1806274 0.3474093 -0.9058314 0.2424383 0.7154839 -0.494288 0.4937229 0.3473723 -0.6634534 0.6626932 0.7154887 -0.1809939 0.674772 0.3473224 -0.2429563 0.9057259 -1 4.94856e-7 0 -1 -1.04967e-6 0 -1 0 0 -1 -1.5709e-6 0 -1 1.98636e-6 0 -1 1.5638e-6 0 -1 9.97202e-7 0 -1 -9.96703e-7 0 -1 -5.22631e-7 0 -1 -3.9645e-6 0 -1 5.25007e-7 0 -1 1.05117e-6 0 -1 1.94796e-6 0 -1 1.9248e-6 0 -1 7.50527e-7 0 -1 1.9696e-6 0 -1 -9.85395e-7 0 1 0 0 0.8736093 0.02720022 0.4858673 0.8736107 0.4063854 0.2676852 0.8736163 -0.2204602 0.4338111 0.8736106 0.2187909 0.4346667 0.8736126 0.2674427 0.4065409 0.8736153 0.4857477 0.02907812 0.8736131 0.4351817 0.2177549 0.8736136 0.4351789 -0.2177581 0.873614 0.4857501 -0.02907747 0.8736146 0.2674329 -0.4065433 0.8736112 0.4063825 -0.267688 0.8736165 0.02719503 -0.4858546 0.8736098 0.2187739 -0.4346768 0.8736177 -0.2204496 -0.4338133 0.8736176 -0.02695351 -0.4858661 0.8736163 -0.4082934 -0.2647472 0.8736109 -0.2655178 -0.4078041 0.8736142 -0.4859819 -0.0248996 0.8736135 -0.4334898 -0.2211022 0.8736115 -0.4334944 0.2211008 0.8736144 -0.4859815 0.02489799 0.8736165 -0.2655061 0.4078 0.8736157 -0.408298 0.2647425 0.8736185 -0.02695167 0.4858645 0.873616 0.3442868 0.343892 0.8736177 0.1260616 0.4700008 0.8736155 0.470073 0.1258075 0.8736121 0.4700738 -0.1258275 0.8736087 0.3442627 -0.3439349 0.8735724 0.1258498 -0.4701418 0.8736068 -0.1261125 -0.4700074 0.8735977 -0.344302 -0.3439232 0.8736191 -0.4700525 -0.125858 0.8736147 -0.4700738 0.1258094 0.873611 -0.3442803 0.3439112 0.8736143 -0.1260937 0.4699986 -1 -2.66931e-7 0 -0.05317628 0.964565 0.258431 -0.05983257 0.258435 0.964174 -0.05317646 0.9645691 -0.2584161 -0.055673 0.7060792 -0.705941 -0.05983042 0.2584378 -0.9641734 -0.06432753 -0.2582077 -0.9639455 -0.06793642 -0.7053943 -0.705552 -0.06987637 -0.9635577 -0.2582131 -0.06987679 -0.9635574 0.2582142 -0.06793594 -0.7054263 0.70552 -0.06433147 -0.2581408 0.9639632 -0.06507569 0.1306632 0.9892889 -0.05915522 0.7917519 0.6079717 -0.06956321 -0.3814118 0.9217842 -0.06290501 0.3817402 0.9221266 -0.0606628 0.608057 0.7915723 -0.05718106 0.9897531 0.1308401 -0.05771541 0.9225724 0.381483 -0.05771422 0.9225729 -0.381482 -0.05717974 0.9897541 -0.1308329 -0.06066173 0.6080538 -0.791575 -0.05915337 0.7917654 -0.6079545 -0.06507337 0.1306326 -0.989293 -0.06290268 0.3817512 -0.9221222 -0.06956219 -0.3814113 -0.9217845 -0.06726562 -0.130446 -0.989171 -0.0728783 -0.7909719 -0.6074967 -0.07111787 -0.6074988 -0.7911306 -0.074292 -0.988636 -0.1306899 -0.07363182 -0.9215681 -0.3811702 -0.07363295 -0.9215686 0.3811687 -0.07429265 -0.9886351 0.1306958 -0.07111895 -0.6075107 0.7911213 -0.07287782 -0.7909743 0.6074938 -0.06726622 -0.1304463 0.9891709 -0.05567532 0.7060835 0.7059366 -0.1301327 0.9577854 -0.2563446 -0.1073336 -0.8958642 0.4311691 -0.1302368 -0.701482 0.7006863 -0.08346444 0.9913854 -0.1009397 -0.1075016 -0.5615423 0.8204351 -0.08309119 -0.8128806 0.5764729 -0.1301785 0.7014893 -0.70069 -0.08343559 0.5820239 0.80888 -0.1076877 -0.07797425 0.9911224 -0.08345443 0.8086835 -0.5822942 -0.1302788 0.2568909 -0.9576193 -0.08333992 0.09726625 0.9917629 -0.08342796 0.410678 -0.9079557 -0.08323532 -0.4139943 0.9064661 -0.1302961 -0.2568884 -0.9576176 -0.1078822 0.9907399 0.08243781 -0.08331018 -0.09641885 -0.9918482 -0.1078681 0.8173401 0.5659678 -0.1078774 0.899186 -0.4240603 -0.1302601 -0.7014825 -0.7006815 -0.1302799 0.256889 0.9576196 -0.1078146 0.5656055 -0.817598 -0.08317929 -0.5778436 -0.8118979 -0.1078273 0.4263019 0.8981314 -0.1077569 0.0786733 -0.9910596 -0.1301861 -0.957777 -0.256349 -0.1302971 -0.2568743 0.9576212 -0.1075624 -0.4296505 -0.8965662 -0.08305299 -0.9057314 -0.4156357 -0.1301211 0.9577867 0.2563457 -0.1073925 -0.8214337 -0.5601015 -0.1301897 -0.9577783 0.2563425 -0.08345139 0.9090172 0.4083181 -0.1073006 -0.9914834 -0.07380694 -0.0830264 -0.9922719 0.09221279 -0.06073921 0.3791579 -0.9233365 -0.05970555 -0.925208 0.3747336 -0.06075817 -0.6133713 -0.7874543 -0.06085282 -0.988385 0.1392559 -0.05921 0.9221929 -0.3821707 -0.05964142 -0.6127684 0.7880089 -0.07354682 0.9633288 -0.2580475 -0.07338786 0.2582716 -0.9632808 -0.05928361 0.6086733 -0.7912031 -0.07315927 -0.7051165 -0.7053075 -0.05953282 -0.1345673 0.9891146 -0.07310974 -0.9633326 0.2581576 -0.07329082 -0.2579652 0.9633703 -0.06094002 -0.3757888 0.9246996 -0.059381 0.1336167 -0.9892525 -0.06086754 0.9225854 0.3809614 -0.05939394 0.3801062 0.923034 -0.06076896 0.7910338 -0.6087469 -0.0607205 -0.1354619 -0.9889202 -0.06079077 -0.9254522 -0.3739555 -0.05952978 -0.3768234 -0.9243702 -0.06089907 -0.7867916 0.6142071 -0.07350027 0.7052848 0.7051036 -0.07356125 0.9633173 0.2580862 -0.05962932 -0.7874326 -0.6135099 -0.07349216 0.7052949 -0.7050944 -0.07325869 -0.2579836 -0.9633678 -0.07310622 -0.9633322 -0.2581604 -0.05921244 0.989775 0.129767 -0.06092828 0.1348007 0.9889978 -0.07318395 -0.70516 0.7052613 -0.05970323 -0.9885748 -0.1384034 -0.06089872 0.6095954 0.7903701 -0.06081664 0.9895203 -0.1309626 -0.05927646 0.7917851 0.6079167 -0.130197 0.7014874 0.7006884 -0.07341641 0.258224 0.9632915 0.7193181 0.04292774 0.6933533 0.3695458 0.07281625 0.9263551 0.7213395 0.5783804 0.3809798 0.387374 0.7667864 0.5118399 0.7193486 -0.3110303 0.6211263 0.3696672 -0.4022169 0.8375965 0.7213617 0.3113802 0.6186111 0.387394 0.4094063 0.826022 0.7193115 0.3852203 0.5780972 0.3694189 0.5280967 0.76462 0.7213447 0.6913387 0.04138511 0.387365 0.9199225 0.06075519 0.7193008 0.6230932 0.3071829 0.369399 0.8401871 0.3970265 0.7213479 0.6193603 -0.3099195 0.3873692 0.8270016 -0.4074476 0.7192941 0.6932061 -0.04562127 0.3693839 0.9261355 -0.07634562 0.7213566 0.3806151 -0.5785991 0.3873965 0.5114356 -0.7670449 0.7192999 0.577898 -0.3855406 0.3693528 0.7644091 -0.5284481 0.7213509 0.03870505 -0.6914875 0.3874697 0.05720525 -0.920106 0.7192988 0.3086546 -0.6223679 0.369455 0.3990955 -0.8391817 0.72138 -0.3137404 -0.6173961 0.3875738 -0.4125449 -0.8243745 0.7193199 -0.04256224 -0.6933739 0.3695502 -0.07218527 -0.9264028 0.7213905 -0.5810651 -0.3767747 0.3876718 -0.7703417 -0.5062453 0.7193415 -0.3824257 -0.5799126 0.3696939 -0.5242254 -0.7671468 0.7213996 -0.691612 -0.03543478 0.3877432 -0.9202538 -0.05280381 0.7193676 -0.6206293 -0.311977 0.3698389 -0.8368685 -0.4035722 0.7213954 -0.6169141 0.3146519 0.3877094 -0.8236913 0.4137804 0.7193693 -0.6934971 0.03961974 0.3698824 -0.9265676 0.06826055 0.7213765 -0.3778641 0.5803747 0.3876076 -0.5076857 0.7694256 0.7193642 -0.5806005 0.3813376 0.3697933 -0.7680569 0.5228208 0.7213637 -0.03835892 0.6914933 0.3874737 -0.0567044 0.9201352 0.7155064 0.4942733 0.4937049 0.3473845 0.6634275 0.6627127 0.715495 0.1809853 0.6747676 0.3473121 0.2429451 0.9057329 0.7155075 0.674854 0.1806135 0.3474768 0.9058112 0.2424173 0.7155075 0.6748521 -0.1806205 0.3474651 0.9058092 -0.2424413 0.715493 0.4942852 -0.4937123 0.3474154 0.663455 -0.662669 0.715496 0.1809917 -0.6747648 0.3473263 0.2429555 -0.9057247 0.7154858 -0.1809823 -0.6747781 0.3473038 -0.2429708 -0.9057292 0.7154843 -0.4942848 -0.4937254 0.347368 -0.6634539 -0.6626948 0.7154976 -0.6748598 -0.1806308 0.3474077 -0.9058305 -0.2424442 0.715493 -0.6748672 0.1806213 0.3474196 -0.9058256 0.2424452 0.7154932 -0.494265 0.4937323 0.3473718 -0.6634544 0.6626924 0.715476 -0.1810317 0.6747753 0.3473381 -0.2429419 0.9057237 -1 -1.04143e-6 0 -1 1.99349e-6 0 -1 -5.21282e-7 0 -1 -1.57087e-6 0 -1 1.04956e-6 0 -1 -4.94859e-7 0 -1 1.05116e-6 0 -1 -1.97942e-6 0 -1 5.25029e-7 0 -1 1.56787e-6 0 -1 -1.04291e-6 0 -1 -9.96704e-7 0 -1 1.97335e-6 0 -1 -9.85389e-7 0 -1 1.96967e-6 0 -1 1.05065e-6 0 1 3.25899e-7 0 1 3.1902e-5 0 1 -6.48632e-7 0 1 0 0 1 0 0 1 3.27793e-7 0 1 0 0 1 6.4566e-7 0 1 -7.61453e-5 0 1 0 0 1 -6.43812e-7 0 1 -9.14744e-6 0 1 1.54106e-7 0 1 3.19122e-5 0 1 0 0 1 -3.21897e-7 0 1 1.7796e-7 0 1 1.25745e-7 0 0.8736163 0.02719485 0.485855 0.8736109 0.4063836 0.2676872 0.8736177 -0.2204583 0.4338091 0.8736163 0.2187896 0.434656 0.8736169 0.2674373 0.4065353 0.8736139 0.4857502 0.02907824 0.8736169 0.4351741 0.2177547 0.873614 0.4351785 -0.2177582 0.8736153 0.4857479 -0.02907735 0.8736108 0.2674381 -0.4065478 0.8736118 0.4063823 -0.2676864 0.8736097 0.02720034 -0.4858666 0.8736153 0.2187728 -0.4346662 0.8736104 -0.2204524 -0.4338268 0.8736085 -0.02695912 -0.4858822 0.8736162 -0.4082945 -0.2647459 0.873618 -0.2655075 -0.4077957 0.873614 -0.4859823 -0.02489894 0.8736128 -0.4334909 -0.2211028 0.8736135 -0.433491 0.2211 0.873613 -0.4859842 0.02489852 0.8736181 -0.2655034 0.4077979 0.8736138 -0.4083002 0.2647452 0.8736175 -0.02695345 0.4858662 0.8736087 0.3442627 0.3439349 0.8735594 0.1258054 0.4701777 0.8735998 0.4700806 0.1258874 0.8736137 0.4700738 -0.1258163 0.873616 0.3442868 -0.343892 0.873617 0.1260677 -0.4700005 0.8736173 -0.1260552 -0.4700033 0.8736104 -0.3442775 -0.3439156 0.8736138 -0.470076 -0.1258069 0.8736105 -0.4700847 0.1257982 0.8736503 -0.3440636 0.3440281 0.8735906 -0.1262382 0.4700036 -1 -5.93606e-6 0 -1 5.94557e-6 0 -1 9.96338e-7 0 -1 4.45208e-6 0 -1 0 0 -1 7.29336e-7 0 -1 -7.84167e-7 0 -1 1.48505e-6 0 -1 -1.59025e-6 0 -1 -8.42157e-7 0 -1 3.92903e-7 0 -1 -2.22938e-6 0 -1 1.59364e-6 0 -1 -1.59368e-6 0 -1 0 0 -1 -7.44262e-7 0 -1 6.67349e-7 0</float_array>
          <technique_common>
            <accessor source="#Cube_010-mesh-normals-array" count="503" stride="3">
              <param name="X" type="float"/>
              <param name="Y" type="float"/>
              <param name="Z" type="float"/>
            </accessor>
          </technique_common>
        </source>
        <source id="Cube_010-mesh-map-0">
          <float_array id="Cube_010-mesh-map-0-array" count="3864">0.9375 0.1403154 1 0.1166328 0.9375 0.109685 0.9375 0.9736231 1 0.9499653 0.9375 0.9430449 1 0.2167004 0.9375 0.1930179 0.9375 0.2236483 1 0.3000344 0.9375 0.276364 0.9375001 0.3069683 1 0.383368 0.9375 0.3597103 0.9375 0.3902883 1 0.4667013 0.9375 0.4430436 0.9375 0.4736217 1 0.5500344 0.9375 0.526364 0.9375 0.5569683 1 0.6333672 0.9375 0.6096846 0.9375 0.6403151 0.9374999 0.7236487 1 0.6999662 0.9375 0.6930183 0.9375 0.8069693 1 0.783299 0.9375 0.776365 0.9374999 0.8902897 1 0.866632 0.9375 0.8597115 0.9375 0.02636504 1 0 0.9375102 0 1 1 0.9375 0.9736231 0.9375102 1 0.9375 0.9430449 1 0.9166667 0.9375105 0.9166666 1 0.9166667 0.9374999 0.8902897 0.9375105 0.9166666 0.9375 0.109685 1 0.08333331 0.9375099 0.08333331 1 0.08333331 0.9375 0.05696934 0.9375099 0.08333331 0.9375 0.1930179 1 0.1666666 0.9375097 0.1666666 1 0.1666666 0.9375 0.1403154 0.9375097 0.1666666 0.9375 0.276364 1 0.25 0.9375098 0.25 1 0.25 0.9375 0.2236483 0.9375098 0.25 0.9375 0.3597103 1 0.3333333 0.9375103 0.3333334 1 0.3333333 0.9375001 0.3069683 0.9375103 0.3333334 0.9375 0.4430436 1 0.4166666 0.9375105 0.4166666 1 0.4166666 0.9375 0.3902883 0.9375105 0.4166666 0.9375 0.526364 1 0.5 0.937511 0.5 1 0.5 0.9375 0.4736217 0.937511 0.5 0.9375 0.6096846 1 0.5833333 0.9375112 0.5833333 1 0.5833333 0.9375 0.5569683 0.9375112 0.5833333 0.9375 0.6930183 1 0.6666667 0.9375112 0.6666667 1 0.6666667 0.9375 0.6403151 0.9375112 0.6666667 0.9375 0.776365 1 0.75 0.937511 0.75 1 0.75 0.9374999 0.7236487 0.937511 0.75 0.9375 0.8597115 1 0.8333333 0.9375109 0.8333333 1 0.8333333 0.9375 0.8069693 0.9375109 0.8333333 0.9375 0.05696934 1 0.03329896 0.9375 0.02636504 0.9374999 0.7236487 0.937511 0.75 0.937511 0.75 0.9375105 0.9166666 0.9375 0.9430449 0.9375 0.9430449 0.9375 0.109685 0.9375 0.1403154 0.9375 0.1403154 0.9375097 0.1666666 0.9375 0.1930179 0.9375 0.1930179 0.9375 0.6930183 0.9374999 0.7236487 0.9374999 0.7236487 0.9375103 0.3333334 0.9375 0.3597103 0.9375 0.3597103 0.937511 0.5 0.9375 0.526364 0.9375 0.526364 0.9375112 0.6666667 0.9375 0.6930183 0.9375 0.6930183 0.9375 0.1930179 0.9375 0.2236483 0.9375 0.2236483 0.9375109 0.8333333 0.9375 0.8597115 0.9375 0.8597115 0.9375 0.776365 0.9375 0.8069693 0.9375 0.8069693 0.9374999 0.8902897 0.9375105 0.9166666 0.9375105 0.9166666 0.9375 0.276364 0.9375001 0.3069683 0.9375001 0.3069683 0.9375 0.1403154 0.9375097 0.1666666 0.9375097 0.1666666 0.9375 0.8597115 0.9374999 0.8902897 0.9374999 0.8902897 0.9375001 0.3069683 0.9375103 0.3333334 0.9375103 0.3333334 0.9375 0.4736217 0.937511 0.5 0.937511 0.5 0.9375 0.6403151 0.9375112 0.6666667 0.9375112 0.6666667 0.9375102 0 0.9375 0.02636504 0.9375 0.02636504 0.9375 0.3597103 0.9375 0.3902883 0.9375 0.3902883 0.9375 0.8069693 0.9375109 0.8333333 0.9375109 0.8333333 0.9375099 0.08333331 0.9375 0.109685 0.9375 0.109685 0.9375098 0.25 0.9375 0.276364 0.9375 0.276364 0.9375105 0.4166666 0.9375 0.4430436 0.9375 0.4430436 0.9375 0.4430436 0.9375 0.4736217 0.9375 0.4736217 0.9375112 0.5833333 0.9375 0.6096846 0.9375 0.6096846 0.937511 0.75 0.9375 0.776365 0.9375 0.776365 0.9375 0.02636504 0.9375 0.05696934 0.9375 0.05696934 0.9375 0.9736231 0.9375102 1 0.9375102 1 0.9375 0.526364 0.9375 0.5569683 0.9375 0.5569683 0.9375 0.05696934 0.9375099 0.08333331 0.9375099 0.08333331 0.9375 0.2236483 0.9375098 0.25 0.9375098 0.25 0.9375 0.9430449 0.9375 0.9736231 0.9375 0.9736231 0.9375 0.3902883 0.9375105 0.4166666 0.9375105 0.4166666 0.9375 0.6096846 0.9375 0.6403151 0.9375 0.6403151 0.9375 0.5569683 0.9375112 0.5833333 0.9375112 0.5833333 0.9375 0.2236483 0.9375 0.1930179 0.9375001 0.2236478 0.9375 0.6403151 0.9375112 0.6666667 0.9375112 0.6666667 0.9375 0.8069693 0.9374999 0.7763646 0.9374999 0.8069694 0.9375 0.276364 0.9375098 0.25 0.9375 0.276364 0.9374999 0.7236487 0.937511 0.7500001 0.937511 0.75 0.9375 0.8597115 0.9375109 0.8333327 0.9375 0.8597115 0.9375001 0.3069683 0.9375 0.2763638 0.9375001 0.3069682 0.9375 0.109685 0.9375098 0.08333325 0.9375 0.1096851 0.9375 0.8069693 0.9375109 0.8333333 0.9375109 0.8333333 0.9375 0.3597103 0.9375102 0.3333327 0.9375001 0.3597098 0.9375 0.3902883 0.9375 0.3597103 0.9375001 0.3902883 0.9375 0.02636504 0.9375102 0 0.9375 0.02636516 0.9375 0.4430436 0.9375105 0.4166666 0.9375 0.4430436 0.9375 0.9430449 0.9375105 0.9166665 0.9375 0.9430448 0.9375 0.4430436 0.9375001 0.4736216 0.9375 0.4736217 0.9375 0.05696934 0.9375098 0.08333355 0.9375099 0.08333331 0.9375 0.526364 0.937511 0.5 0.9375 0.526364 0.9375 0.9736231 0.9375102 1 0.9375102 1 0.9375 0.1403154 0.9375097 0.1666669 0.9375097 0.1666666 0.9375 0.526364 0.9375 0.5569683 0.9375 0.5569683 0.9375 0.9430449 0.9375 0.973623 0.9375 0.9736231 0.9375 0.2236483 0.9375099 0.2500001 0.9375098 0.25 0.9375 0.6096846 0.9375113 0.5833332 0.9375 0.6096847 0.9374999 0.8902897 0.9375105 0.9166668 0.9375105 0.9166666 0.9375001 0.3069683 0.9375103 0.3333334 0.9375103 0.3333334 0.9375 0.6096846 0.9374999 0.6403151 0.9375 0.6403151 0.9374999 0.8902897 0.9374999 0.8597115 0.9374999 0.8902897 0.9375 0.3902883 0.9375104 0.4166666 0.9375105 0.4166666 0.9375 0.6930183 0.9375112 0.6666667 0.9375 0.6930183 0.9375 0.109685 0.9375 0.1403154 0.9375 0.1403154 0.9375 0.4736217 0.9375109 0.5000002 0.937511 0.5 0.9374999 0.7236487 0.9375 0.6930176 0.9374998 0.723648 0.9375 0.1930179 0.9375097 0.1666666 0.9375 0.1930179 0.9375 0.5569683 0.9375112 0.5833333 0.9375112 0.5833333 0.9375 0.776365 0.9375111 0.75 0.9374999 0.776365 1 0.4499673 1 0.4166666 1 0.4166666 1 0.6333672 1 0.6666671 1 0.6333672 1 0.6166334 1 0.5833335 1 0.5833333 1 0.783299 1 0.75 1 0.75 1 0.1333666 1 0.1666666 1 0.1333666 1 0.7167 1 0.75 1 0.7166997 1 0.2167004 1 0.1999667 1 0.1999667 1 0.383368 1 0.3666341 1 0.366634 1 0.2167004 1 0.25 1 0.2167004 1 0.5500344 1 0.5333008 1 0.5333005 1 0.8000329 1 0.8333333 1 0.8000329 1 0.6999662 1 0.7166996 1 0.6999662 1 0.866632 1 0.8833659 1 0.866632 1 0.9499653 1 0.916667 1 0.9166667 1 0.3000344 1 0.3333332 1 0.3000345 1 0.1999667 1 0.1666666 1 0.1666666 1 0.883366 1 0.9166666 1 0.883366 1 0.366634 1 0.333333 1 0.3333333 1 0.5333005 1 0.5 1 0.5 1 0.6999662 1 0.6666667 1 0.6666667 1 0.383368 1 0.4166667 1 0.3833681 1 0.866632 1 0.8333337 1 0.8333333 1 0.03329896 1 0.05003273 1 0.03329896 1 0.1166328 1 0.1333666 1 0.1166328 1 0.4667013 1 0.5 1 0.4667011 1 0.3000344 1 0.2833004 1 0.2833004 1 0.4667013 1 0.4499672 1 0.4499673 1 0.6333672 1 0.6166334 1 0.6166334 1 0.05003291 1 0.08333379 1 0.05003291 1 0.03329896 1 0 1 0 1 0.783299 1 0.8000329 1 0.783299 1 0.5500344 1 0.5833333 1 0.5500344 1 0.1166328 1 0.08333367 1 0.08333331 1 0.2833004 1 0.2499995 1 0.25 1 0.9666994 1 1 1 0.9666998 0.9375 0.02636504 0.9375 0.05696934 0.9375 0.05696934 1 0.9499653 1 0.9666994 1 0.9499654 0.937503 0.3096835 0.9375102 1 0.9375037 0.5972533 0.9375014 0.02254241 0.9375102 0 0.9375102 0 0.937503 0.8266111 0.9375102 1 0.9375007 0.9737089 0.9375007 0.9737089 0.9375102 1 0.9375 0.9736231 0.9375028 0.8331767 0.9375105 0.9166666 0.9375039 0.7729544 0.9375007 0.9429466 0.9375105 0.9166665 0.9375105 0.9166666 0.9375032 0.8139842 0.9375105 0.9166666 0.9375007 0.8903731 0.9375007 0.8903731 0.9375105 0.9166668 0.9375 0.8902897 0.937503 0.2009791 0.9375099 0.08333331 0.9375037 0.2733441 0.9375007 0.1095875 0.9375098 0.08333325 0.9375099 0.08333331 0.9375032 0.2632088 0.9375099 0.08333331 0.9375007 0.0570591 0.9375007 0.0570591 0.9375098 0.08333355 0.9375001 0.0569697 0.9375029 0.2526065 0.9375097 0.1666666 0.9375036 0.2653321 0.9375007 0.1929236 0.9375097 0.1666666 0.9375097 0.1666666 0.9375029 0.2048634 0.9375097 0.1666666 0.9375007 0.14041 0.9375007 0.14041 0.9375097 0.1666669 0.9375 0.1403158 0.937503 0.3186658 0.9375098 0.25 0.9375037 0.3120685 0.9375007 0.2762743 0.9375098 0.25 0.9375098 0.25 0.9375029 0.2592116 0.9375098 0.25 0.9375007 0.2237455 0.9375007 0.2237455 0.9375099 0.2500001 0.9375001 0.2236482 0.9375031 0.3891668 0.9375103 0.3333334 0.9375039 0.3717155 0.9375007 0.3596243 0.9375102 0.3333327 0.9375103 0.3333334 0.937503 0.3258664 0.9375103 0.3333334 0.9375008 0.3070673 0.9375008 0.3070673 0.9375103 0.3333334 0.9375 0.3069683 0.9375032 0.4614955 0.9375105 0.4166666 0.9375038 0.4361716 0.9375007 0.4429601 0.9375105 0.4166666 0.9375105 0.4166666 0.937503 0.3965232 0.9375105 0.4166666 0.9375007 0.3903867 0.9375007 0.3903867 0.9375104 0.4166666 0.9375 0.3902883 0.9375032 0.5344539 0.937511 0.5 0.9375039 0.5025429 0.9375008 0.5262811 0.937511 0.5 0.937511 0.5 0.9375033 0.468892 0.937511 0.5 0.9375008 0.4737176 0.9375008 0.4737176 0.9375109 0.5000002 0.9375 0.4736217 0.9375033 0.6071985 0.9375112 0.5833333 0.9375042 0.5691863 0.9375008 0.6095999 0.9375113 0.5833332 0.9375112 0.5833333 0.9375033 0.5418587 0.9375112 0.5833333 0.9375008 0.5570605 0.9375008 0.5570605 0.9375112 0.5833333 0.9375 0.5569683 0.9375033 0.6787708 0.9375112 0.6666667 0.9375038 0.6345857 0.9375007 0.6929302 0.9375112 0.6666667 0.9375112 0.6666667 0.9375034 0.6145529 0.9375112 0.6666667 0.9375008 0.6404033 0.9375008 0.6404033 0.9375112 0.6666667 0.9374999 0.6403151 0.937503 0.7474668 0.937511 0.75 0.9375041 0.6964686 0.9375007 0.7762727 0.9375111 0.75 0.937511 0.75 0.9375033 0.6859346 0.937511 0.75 0.9375007 0.7237334 0.9375007 0.7237334 0.937511 0.7500001 0.9374998 0.7236484 0.9375032 0.8086398 0.9375109 0.8333333 0.9375039 0.7495714 0.9375007 0.8596157 0.9375109 0.8333327 0.9375109 0.8333333 0.9375032 0.754165 0.9375109 0.8333333 0.9375008 0.8070523 0.9375008 0.8070523 0.9375109 0.8333333 0.9375 0.8069693 0.937503 0.3096835 0.9375007 0.0570591 0.9375 0.02998954 0.9375 0.02998954 0.9375 0.05696934 0.9375 0.02636504 0.9375028 0.8331767 0.9375007 0.9737089 0.9375007 0.9429466 0.9375007 0.9429466 0.9375 0.973623 0.9375 0.9430451 0.937503 0.2009791 0.9375007 0.14041 0.9375007 0.1095875 0.9375007 0.1095875 0.9375 0.1403154 0.9374999 0.1096847 0.9375029 0.2592116 0.9375007 0.1929236 0.9375029 0.2526065 0.9375007 0.2237455 0.9375 0.1930179 0.9375007 0.1929236 0.937503 0.3258664 0.9375007 0.2762743 0.937503 0.3186658 0.9375008 0.3070673 0.9375 0.2763638 0.9375007 0.2762743 0.937503 0.3965232 0.9375007 0.3596243 0.9375031 0.3891668 0.9375007 0.3903867 0.9375 0.3597103 0.9375007 0.3596243 0.9375033 0.468892 0.9375007 0.4429601 0.9375032 0.4614955 0.9375008 0.4737176 0.9375 0.4430436 0.9375007 0.4429601 0.9375033 0.5418587 0.9375008 0.5262811 0.9375032 0.5344539 0.9375008 0.5570605 0.9375 0.526364 0.9375008 0.5262811 0.9375034 0.6145529 0.9375008 0.6095999 0.9375033 0.6071985 0.9375008 0.6404033 0.9375 0.6096848 0.9375008 0.6095999 0.9375033 0.6787708 0.9375007 0.7237334 0.9375007 0.6929302 0.9375007 0.6929302 0.9374998 0.723648 0.9375 0.6930176 0.937503 0.7474668 0.9375008 0.8070523 0.9375007 0.7762727 0.9375007 0.7762727 0.9374999 0.8069694 0.9374999 0.7763646 0.9375032 0.8086398 0.9375007 0.8903731 0.9375007 0.8596157 0.9375007 0.8596157 0.9374999 0.8902897 0.9374999 0.8597115 1 0.03010767 1 0 1 0.03329896 1 0.9663154 1 1 1 1 1 0.9503583 1 0.916667 1 0.9499653 1 0.8829846 1 0.9166666 1 0.9166667 1 0.1170258 1 0.08333367 1 0.1166328 1 0.04964596 1 0.08333379 1 0.08333331 1 0.2003575 1 0.1666666 1 0.1999664 1 0.1329759 1 0.1666666 1 0.1666666 1 0.2836878 1 0.2499995 1 0.2833004 1 0.2163071 1 0.25 1 0.25 1 0.3670178 1 0.333333 1 0.366634 1 0.2996405 1 0.3333332 1 0.3333333 1 0.4503489 1 0.4166666 1 0.4499672 1 0.3829753 1 0.4166667 1 0.4166666 1 0.5336812 1 0.5 1 0.5333005 1 0.466311 1 0.5 1 0.5 1 0.6170145 1 0.5833335 1 0.6166334 1 0.5496475 1 0.5833333 1 0.5833333 1 0.7003496 1 0.6666667 1 0.6999662 1 0.6329836 1 0.6666671 1 0.6666667 1 0.7836862 1 0.75 1 0.783299 1 0.7163187 1 0.75 1 0.75 1 0.8670223 1 0.8333337 1 0.8666317 1 0.7996525 1 0.8333333 1 0.8333333 1 0.04964596 1 0.03329896 1 0.05003273 1 0.9663154 1 0.9499654 1 0.9666994 1 0.1329759 1 0.1166328 1 0.1333666 1 0.2003575 1 0.2167007 1 0.2163071 1 0.2836878 1 0.3000347 1 0.2996405 1 0.3670178 1 0.383368 1 0.3829753 1 0.4503489 1 0.4667013 1 0.466311 1 0.5336812 1 0.5500347 1 0.5496475 1 0.6170145 1 0.6333672 1 0.6329836 1 0.7163187 1 0.6999662 1 0.7166996 1 0.7996525 1 0.783299 1 0.8000329 1 0.8829846 1 0.866632 1 0.8833659 0.9375035 0.3813279 0.9375038 0.5655784 0.9375037 0.5032158 0.9375032 0.318596 0.9375037 0.5972533 0.9375037 0.5725243 0.9375029 0.7955698 0.9375037 0.5972533 0.937503 0.8266111 0.9375029 0.7967896 0.9375039 0.7729544 0.9375037 0.7450076 0.9375035 0.7918794 0.9375039 0.7729544 0.9375032 0.8139842 0.9375031 0.2259402 0.9375037 0.2733441 0.9375035 0.3063099 0.9375032 0.3146454 0.9375037 0.2733441 0.9375032 0.2632088 0.9375031 0.2703803 0.9375036 0.2653321 0.9375034 0.2870252 0.937503 0.2259981 0.9375036 0.2653321 0.9375029 0.2048634 0.937503 0.331623 0.9375037 0.3120685 0.9375033 0.3269662 0.937503 0.271016 0.9375037 0.3120685 0.9375029 0.2592116 0.9375032 0.398257 0.9375039 0.3717155 0.9375035 0.3813279 0.9375031 0.3323071 0.9375039 0.3717155 0.937503 0.3258664 0.9375034 0.4671345 0.9375038 0.4361716 0.9375039 0.4411684 0.9375033 0.3988543 0.9375038 0.4361716 0.937503 0.3965232 0.9375033 0.5367662 0.9375039 0.5025429 0.9375037 0.5032158 0.9375033 0.4676592 0.9375039 0.5025429 0.9375033 0.468892 0.9375035 0.6060757 0.9375042 0.5691863 0.9375038 0.5655784 0.9375036 0.5372775 0.9375042 0.5691863 0.9375033 0.5418587 0.9375035 0.6738184 0.9375038 0.6345857 0.9375037 0.6265024 0.9375035 0.6065971 0.9375038 0.6345857 0.9375034 0.6145529 0.937503 0.7377552 0.9375041 0.6964686 0.9375038 0.6833944 0.9375035 0.6743138 0.9375041 0.6964686 0.9375033 0.6859346 0.9375033 0.7916445 0.9375039 0.7495714 0.9375035 0.7303893 0.9375031 0.7381722 0.9375039 0.7495714 0.9375032 0.754165 0.9375032 0.318596 0.9375032 0.2632088 0.937503 0.3096835 0.9375029 0.7967896 0.937503 0.8266111 0.9375028 0.8331767 0.9375031 0.2259402 0.9375029 0.2048634 0.937503 0.2009791 0.937503 0.271016 0.9375029 0.2526065 0.9375031 0.2703803 0.9375031 0.3323071 0.937503 0.3186658 0.937503 0.331623 0.9375033 0.3988543 0.9375031 0.3891668 0.9375032 0.398257 0.9375033 0.4676592 0.9375032 0.4614955 0.9375034 0.4671345 0.9375036 0.5372775 0.9375032 0.5344539 0.9375033 0.5367662 0.9375035 0.6065971 0.9375033 0.6071985 0.9375035 0.6060757 0.9375035 0.6738184 0.9375033 0.6859346 0.9375033 0.6787708 0.937503 0.7377552 0.9375032 0.754165 0.937503 0.7474668 0.9375033 0.7916445 0.9375032 0.8139842 0.9375032 0.8086398 1 1 1 0.5 1 0.5833333 0.9375 0.1403154 1 0.1333666 1 0.1166328 0.9375 0.9736231 1 0.9666994 1 0.9499653 1 0.2167004 1 0.1999667 0.9375 0.1930179 1 0.3000344 1 0.2833004 0.9375 0.276364 1 0.383368 1 0.366634 0.9375 0.3597103 1 0.4667013 1 0.4499673 0.9375 0.4430436 1 0.5500344 1 0.5333005 0.9375 0.526364 1 0.6333672 1 0.6166334 0.9375 0.6096846 0.9374999 0.7236487 1 0.7167 1 0.6999662 0.9375 0.8069693 1 0.8000329 1 0.783299 0.9374999 0.8902897 1 0.883366 1 0.866632 0.9375 0.02636504 1 0.03329896 1 0 1 1 1 0.9666994 0.9375 0.9736231 0.9375 0.9430449 1 0.9499653 1 0.9166667 1 0.9166667 1 0.883366 0.9374999 0.8902897 0.9375 0.109685 1 0.1166328 1 0.08333331 1 0.08333331 1 0.05003291 0.9375 0.05696934 0.9375 0.1930179 1 0.1999667 1 0.1666666 1 0.1666666 1 0.1333666 0.9375 0.1403154 0.9375 0.276364 1 0.2833004 1 0.25 1 0.25 1 0.2167004 0.9375 0.2236483 0.9375 0.3597103 1 0.366634 1 0.3333333 1 0.3333333 1 0.3000344 0.9375001 0.3069683 0.9375 0.4430436 1 0.4499673 1 0.4166666 1 0.4166666 1 0.383368 0.9375 0.3902883 0.9375 0.526364 1 0.5333005 1 0.5 1 0.5 1 0.4667013 0.9375 0.4736217 0.9375 0.6096846 1 0.6166334 1 0.5833333 1 0.5833333 1 0.5500344 0.9375 0.5569683 0.9375 0.6930183 1 0.6999662 1 0.6666667 1 0.6666667 1 0.6333672 0.9375 0.6403151 0.9375 0.776365 1 0.783299 1 0.75 1 0.75 1 0.7167 0.9374999 0.7236487 0.9375 0.8597115 1 0.866632 1 0.8333333 1 0.8333333 1 0.8000329 0.9375 0.8069693 0.9375 0.05696934 1 0.05003291 1 0.03329896 0.9374999 0.7236487 0.9374999 0.7236487 0.937511 0.75 0.9375105 0.9166666 0.9375105 0.9166666 0.9375 0.9430449 0.9375 0.109685 0.9375 0.109685 0.9375 0.1403154 0.9375097 0.1666666 0.9375097 0.1666666 0.9375 0.1930179 0.9375 0.6930183 0.9375 0.6930183 0.9374999 0.7236487 0.9375103 0.3333334 0.9375103 0.3333334 0.9375 0.3597103 0.937511 0.5 0.937511 0.5 0.9375 0.526364 0.9375112 0.6666667 0.9375112 0.6666667 0.9375 0.6930183 0.9375 0.1930179 0.9375 0.1930179 0.9375 0.2236483 0.9375109 0.8333333 0.9375109 0.8333333 0.9375 0.8597115 0.9375 0.776365 0.9375 0.776365 0.9375 0.8069693 0.9374999 0.8902897 0.9374999 0.8902897 0.9375105 0.9166666 0.9375 0.276364 0.9375 0.276364 0.9375001 0.3069683 0.9375 0.1403154 0.9375 0.1403154 0.9375097 0.1666666 0.9375 0.8597115 0.9375 0.8597115 0.9374999 0.8902897 0.9375001 0.3069683 0.9375001 0.3069683 0.9375103 0.3333334 0.9375 0.4736217 0.9375 0.4736217 0.937511 0.5 0.9375 0.6403151 0.9375 0.6403151 0.9375112 0.6666667 0.9375102 0 0.9375102 0 0.9375 0.02636504 0.9375 0.3597103 0.9375 0.3597103 0.9375 0.3902883 0.9375 0.8069693 0.9375 0.8069693 0.9375109 0.8333333 0.9375099 0.08333331 0.9375099 0.08333331 0.9375 0.109685 0.9375098 0.25 0.9375098 0.25 0.9375 0.276364 0.9375105 0.4166666 0.9375105 0.4166666 0.9375 0.4430436 0.9375 0.4430436 0.9375 0.4430436 0.9375 0.4736217 0.9375112 0.5833333 0.9375112 0.5833333 0.9375 0.6096846 0.937511 0.75 0.937511 0.75 0.9375 0.776365 0.9375 0.02636504 0.9375 0.02636504 0.9375 0.05696934 0.9375 0.9736231 0.9375 0.9736231 0.9375102 1 0.9375 0.526364 0.9375 0.526364 0.9375 0.5569683 0.9375 0.05696934 0.9375 0.05696934 0.9375099 0.08333331 0.9375 0.2236483 0.9375 0.2236483 0.9375098 0.25 0.9375 0.9430449 0.9375 0.9430449 0.9375 0.9736231 0.9375 0.3902883 0.9375 0.3902883 0.9375105 0.4166666 0.9375 0.6096846 0.9375 0.6096846 0.9375 0.6403151 0.9375 0.5569683 0.9375 0.5569683 0.9375112 0.5833333 0.9375 0.2236483 0.9375 0.1930179 0.9375 0.1930179 0.9375 0.6403151 0.9374999 0.6403151 0.9375112 0.6666667 0.9375 0.8069693 0.9375 0.776365 0.9374999 0.7763646 0.9375 0.276364 0.9375098 0.25 0.9375098 0.25 0.9374999 0.7236487 0.9374998 0.7236484 0.937511 0.7500001 0.9375 0.8597115 0.9375109 0.8333333 0.9375109 0.8333327 0.9375001 0.3069683 0.9375 0.276364 0.9375 0.2763638 0.9375 0.109685 0.9375099 0.08333331 0.9375098 0.08333325 0.9375 0.8069693 0.9375 0.8069693 0.9375109 0.8333333 0.9375 0.3597103 0.9375103 0.3333334 0.9375102 0.3333327 0.9375 0.3902883 0.9375 0.3597103 0.9375 0.3597103 0.9375 0.02636504 0.9375102 0 0.9375102 0 0.9375 0.4430436 0.9375105 0.4166666 0.9375105 0.4166666 0.9375 0.9430449 0.9375105 0.9166666 0.9375105 0.9166665 0.9375 0.4430436 0.9375 0.4430436 0.9375001 0.4736216 0.9375 0.05696934 0.9375001 0.0569697 0.9375098 0.08333355 0.9375 0.526364 0.937511 0.5 0.937511 0.5 0.9375 0.9736231 0.9375 0.9736231 0.9375102 1 0.9375 0.1403154 0.9375 0.1403158 0.9375097 0.1666669 0.9375 0.526364 0.9375 0.526364 0.9375 0.5569683 0.9375 0.9430449 0.9375 0.9430451 0.9375 0.973623 0.9375 0.2236483 0.9375001 0.2236482 0.9375099 0.2500001 0.9375 0.6096846 0.9375112 0.5833333 0.9375113 0.5833332 0.9374999 0.8902897 0.9375 0.8902897 0.9375105 0.9166668 0.9375001 0.3069683 0.9375 0.3069683 0.9375103 0.3333334 0.9375 0.6096846 0.9375 0.6096848 0.9374999 0.6403151 0.9374999 0.8902897 0.9375 0.8597115 0.9374999 0.8597115 0.9375 0.3902883 0.9375 0.3902883 0.9375104 0.4166666 0.9375 0.6930183 0.9375112 0.6666667 0.9375112 0.6666667 0.9375 0.109685 0.9374999 0.1096847 0.9375 0.1403154 0.9375 0.4736217 0.9375 0.4736217 0.9375109 0.5000002 0.9374999 0.7236487 0.9375 0.6930183 0.9375 0.6930176 0.9375 0.1930179 0.9375097 0.1666666 0.9375097 0.1666666 0.9375 0.5569683 0.9375 0.5569683 0.9375112 0.5833333 0.9375 0.776365 0.937511 0.75 0.9375111 0.75 1 0.4499673 1 0.4499672 1 0.4166666 1 0.6333672 1 0.6666667 1 0.6666671 1 0.6166334 1 0.6166334 1 0.5833335 1 0.783299 1 0.783299 1 0.75 1 0.1333666 1 0.1666666 1 0.1666666 1 0.7167 1 0.75 1 0.75 1 0.2167004 1 0.2167007 1 0.1999667 1 0.383368 1 0.383368 1 0.3666341 1 0.2167004 1 0.25 1 0.25 1 0.5500344 1 0.5500347 1 0.5333008 1 0.8000329 1 0.8333333 1 0.8333333 1 0.6999662 1 0.7167 1 0.7166996 1 0.866632 1 0.883366 1 0.8833659 1 0.9499653 1 0.9499653 1 0.916667 1 0.3000344 1 0.3333333 1 0.3333332 1 0.1999667 1 0.1999664 1 0.1666666 1 0.883366 1 0.9166667 1 0.9166666 1 0.366634 1 0.366634 1 0.333333 1 0.5333005 1 0.5333005 1 0.5 1 0.6999662 1 0.6999662 1 0.6666667 1 0.383368 1 0.4166666 1 0.4166667 1 0.866632 1 0.8666317 1 0.8333337 1 0.03329896 1 0.05003291 1 0.05003273 1 0.1166328 1 0.1333666 1 0.1333666 1 0.4667013 1 0.5 1 0.5 1 0.3000344 1 0.3000347 1 0.2833004 1 0.4667013 1 0.4667013 1 0.4499672 1 0.6333672 1 0.6333672 1 0.6166334 1 0.05003291 1 0.08333331 1 0.08333379 1 0.03329896 1 0.03329896 1 0 1 0.783299 1 0.8000329 1 0.8000329 1 0.5500344 1 0.5833333 1 0.5833333 1 0.1166328 1 0.1166328 1 0.08333367 1 0.2833004 1 0.2833004 1 0.2499995 1 0.9666994 1 1 1 1 0.9375 0.02636504 0.9375 0.02636504 0.9375 0.05696934 1 0.9499653 1 0.9666994 1 0.9666994 0.937503 0.3096835 0.9375015 0.1675324 0.9375102 1 0.9375014 0.02254241 0.9375 0.02636516 0.9375102 0 0.937503 0.8266111 0.9375037 0.5972533 0.9375102 1 0.9375007 0.9737089 0.9375102 1 0.9375102 1 0.9375028 0.8331767 0.9375007 0.9429466 0.9375105 0.9166666 0.9375007 0.9429466 0.9375 0.9430448 0.9375105 0.9166665 0.9375032 0.8139842 0.9375039 0.7729544 0.9375105 0.9166666 0.9375007 0.8903731 0.9375105 0.9166666 0.9375105 0.9166668 0.937503 0.2009791 0.9375007 0.1095875 0.9375099 0.08333331 0.9375007 0.1095875 0.9375 0.1096851 0.9375098 0.08333325 0.9375032 0.2632088 0.9375037 0.2733441 0.9375099 0.08333331 0.9375007 0.0570591 0.9375099 0.08333331 0.9375098 0.08333355 0.9375029 0.2526065 0.9375007 0.1929236 0.9375097 0.1666666 0.9375007 0.1929236 0.9375 0.1930179 0.9375097 0.1666666 0.9375029 0.2048634 0.9375036 0.2653321 0.9375097 0.1666666 0.9375007 0.14041 0.9375097 0.1666666 0.9375097 0.1666669 0.937503 0.3186658 0.9375007 0.2762743 0.9375098 0.25 0.9375007 0.2762743 0.9375 0.276364 0.9375098 0.25 0.9375029 0.2592116 0.9375037 0.3120685 0.9375098 0.25 0.9375007 0.2237455 0.9375098 0.25 0.9375099 0.2500001 0.9375031 0.3891668 0.9375007 0.3596243 0.9375103 0.3333334 0.9375007 0.3596243 0.9375001 0.3597098 0.9375102 0.3333327 0.937503 0.3258664 0.9375039 0.3717155 0.9375103 0.3333334 0.9375008 0.3070673 0.9375103 0.3333334 0.9375103 0.3333334 0.9375032 0.4614955 0.9375007 0.4429601 0.9375105 0.4166666 0.9375007 0.4429601 0.9375 0.4430436 0.9375105 0.4166666 0.937503 0.3965232 0.9375038 0.4361716 0.9375105 0.4166666 0.9375007 0.3903867 0.9375105 0.4166666 0.9375104 0.4166666 0.9375032 0.5344539 0.9375008 0.5262811 0.937511 0.5 0.9375008 0.5262811 0.9375 0.526364 0.937511 0.5 0.9375033 0.468892 0.9375039 0.5025429 0.937511 0.5 0.9375008 0.4737176 0.937511 0.5 0.9375109 0.5000002 0.9375033 0.6071985 0.9375008 0.6095999 0.9375112 0.5833333 0.9375008 0.6095999 0.9375 0.6096847 0.9375113 0.5833332 0.9375033 0.5418587 0.9375042 0.5691863 0.9375112 0.5833333 0.9375008 0.5570605 0.9375112 0.5833333 0.9375112 0.5833333 0.9375033 0.6787708 0.9375007 0.6929302 0.9375112 0.6666667 0.9375007 0.6929302 0.9375 0.6930183 0.9375112 0.6666667 0.9375034 0.6145529 0.9375038 0.6345857 0.9375112 0.6666667 0.9375008 0.6404033 0.9375112 0.6666667 0.9375112 0.6666667 0.937503 0.7474668 0.9375007 0.7762727 0.937511 0.75 0.9375007 0.7762727 0.9374999 0.776365 0.9375111 0.75 0.9375033 0.6859346 0.9375041 0.6964686 0.937511 0.75 0.9375007 0.7237334 0.937511 0.75 0.937511 0.7500001 0.9375032 0.8086398 0.9375007 0.8596157 0.9375109 0.8333333 0.9375007 0.8596157 0.9375 0.8597115 0.9375109 0.8333327 0.9375032 0.754165 0.9375039 0.7495714 0.9375109 0.8333333 0.9375008 0.8070523 0.9375109 0.8333333 0.9375109 0.8333333 0.937503 0.3096835 0.9375032 0.2632088 0.9375007 0.0570591 0.9375 0.02998954 0.9375007 0.0570591 0.9375 0.05696934 0.9375028 0.8331767 0.937503 0.8266111 0.9375007 0.9737089 0.9375007 0.9429466 0.9375007 0.9737089 0.9375 0.973623 0.937503 0.2009791 0.9375029 0.2048634 0.9375007 0.14041 0.9375007 0.1095875 0.9375007 0.14041 0.9375 0.1403154 0.9375029 0.2592116 0.9375007 0.2237455 0.9375007 0.1929236 0.9375007 0.2237455 0.9375001 0.2236478 0.9375 0.1930179 0.937503 0.3258664 0.9375008 0.3070673 0.9375007 0.2762743 0.9375008 0.3070673 0.9375001 0.3069682 0.9375 0.2763638 0.937503 0.3965232 0.9375007 0.3903867 0.9375007 0.3596243 0.9375007 0.3903867 0.9375001 0.3902883 0.9375 0.3597103 0.9375033 0.468892 0.9375008 0.4737176 0.9375007 0.4429601 0.9375008 0.4737176 0.9375001 0.4736216 0.9375 0.4430436 0.9375033 0.5418587 0.9375008 0.5570605 0.9375008 0.5262811 0.9375008 0.5570605 0.9375 0.5569683 0.9375 0.526364 0.9375034 0.6145529 0.9375008 0.6404033 0.9375008 0.6095999 0.9375008 0.6404033 0.9374999 0.6403151 0.9375 0.6096848 0.9375033 0.6787708 0.9375033 0.6859346 0.9375007 0.7237334 0.9375007 0.6929302 0.9375007 0.7237334 0.9374998 0.723648 0.937503 0.7474668 0.9375032 0.754165 0.9375008 0.8070523 0.9375007 0.7762727 0.9375008 0.8070523 0.9374999 0.8069694 0.9375032 0.8086398 0.9375032 0.8139842 0.9375007 0.8903731 0.9375007 0.8596157 0.9375007 0.8903731 0.9374999 0.8902897 1 0.03010767 1 0 1 0 1 0.9663154 1 0.9666998 1 1 1 0.9503583 1 0.9166667 1 0.916667 1 0.8829846 1 0.883366 1 0.9166666 1 0.1170258 1 0.08333331 1 0.08333367 1 0.04964596 1 0.05003291 1 0.08333379 1 0.2003575 1 0.1666666 1 0.1666666 1 0.1329759 1 0.1333666 1 0.1666666 1 0.2836878 1 0.25 1 0.2499995 1 0.2163071 1 0.2167004 1 0.25 1 0.3670178 1 0.3333333 1 0.333333 1 0.2996405 1 0.3000345 1 0.3333332 1 0.4503489 1 0.4166666 1 0.4166666 1 0.3829753 1 0.3833681 1 0.4166667 1 0.5336812 1 0.5 1 0.5 1 0.466311 1 0.4667011 1 0.5 1 0.6170145 1 0.5833333 1 0.5833335 1 0.5496475 1 0.5500344 1 0.5833333 1 0.7003496 1 0.6666667 1 0.6666667 1 0.6329836 1 0.6333672 1 0.6666671 1 0.7836862 1 0.75 1 0.75 1 0.7163187 1 0.7166997 1 0.75 1 0.8670223 1 0.8333333 1 0.8333337 1 0.7996525 1 0.8000329 1 0.8333333 1 0.04964596 1 0.03727757 1 0.03329896 1 0.9663154 1 0.9503583 1 0.9499654 1 0.1329759 1 0.1170258 1 0.1166328 1 0.2003575 1 0.1999667 1 0.2167007 1 0.2836878 1 0.2833004 1 0.3000347 1 0.3670178 1 0.3666341 1 0.383368 1 0.4503489 1 0.4499672 1 0.4667013 1 0.5336812 1 0.5333008 1 0.5500347 1 0.6170145 1 0.6166334 1 0.6333672 1 0.7163187 1 0.7003496 1 0.6999662 1 0.7996525 1 0.7836862 1 0.783299 1 0.8829846 1 0.8670223 1 0.866632 0.9375037 0.5725243 0.9375029 0.7955698 0.9375037 0.7450076 0.9375029 0.7955698 0.9375029 0.7967896 0.9375037 0.7450076 0.9375037 0.7450076 0.9375035 0.7918794 0.9375035 0.7303893 0.9375035 0.7918794 0.9375033 0.7916445 0.9375035 0.7303893 0.9375032 0.3146454 0.9375032 0.318596 0.9375037 0.5725243 0.937503 0.2259981 0.9375031 0.2259402 0.9375035 0.3063099 0.9375035 0.3063099 0.9375032 0.3146454 0.9375037 0.5725243 0.9375035 0.3063099 0.9375037 0.5725243 0.9375035 0.7303893 0.9375037 0.5725243 0.9375037 0.7450076 0.9375035 0.7303893 0.9375034 0.2870252 0.937503 0.2259981 0.9375035 0.3063099 0.937503 0.271016 0.9375031 0.2703803 0.9375033 0.3269662 0.9375031 0.2703803 0.9375034 0.2870252 0.9375033 0.3269662 0.9375031 0.3323071 0.937503 0.331623 0.9375035 0.3813279 0.937503 0.331623 0.9375033 0.3269662 0.9375035 0.3813279 0.9375034 0.2870252 0.9375035 0.3063099 0.9375038 0.6833944 0.9375035 0.7303893 0.9375031 0.7381722 0.9375038 0.6833944 0.9375031 0.7381722 0.937503 0.7377552 0.9375038 0.6833944 0.9375035 0.3063099 0.9375035 0.7303893 0.9375038 0.6833944 0.9375033 0.3269662 0.9375034 0.2870252 0.9375037 0.6265024 0.9375038 0.6833944 0.9375035 0.6743138 0.9375037 0.6265024 0.9375035 0.6743138 0.9375035 0.6738184 0.9375037 0.6265024 0.9375037 0.6265024 0.9375035 0.6065971 0.9375035 0.6060757 0.9375034 0.2870252 0.9375038 0.6833944 0.9375037 0.6265024 0.9375033 0.3988543 0.9375032 0.398257 0.9375039 0.4411684 0.9375032 0.398257 0.9375035 0.3813279 0.9375039 0.4411684 0.9375035 0.3813279 0.9375033 0.3269662 0.9375038 0.5655784 0.9375037 0.6265024 0.9375035 0.6060757 0.9375038 0.5655784 0.9375033 0.3269662 0.9375037 0.6265024 0.9375038 0.5655784 0.9375033 0.4676592 0.9375034 0.4671345 0.9375037 0.5032158 0.9375034 0.4671345 0.9375039 0.4411684 0.9375037 0.5032158 0.9375036 0.5372775 0.9375033 0.5367662 0.9375038 0.5655784 0.9375033 0.5367662 0.9375037 0.5032158 0.9375038 0.5655784 0.9375039 0.4411684 0.9375035 0.3813279 0.9375037 0.5032158 0.9375032 0.318596 0.937503 0.3096835 0.9375037 0.5972533 0.9375029 0.7955698 0.9375037 0.5725243 0.9375037 0.5972533 0.9375029 0.7967896 0.9375028 0.8331767 0.9375039 0.7729544 0.9375035 0.7918794 0.9375037 0.7450076 0.9375039 0.7729544 0.9375031 0.2259402 0.937503 0.2009791 0.9375037 0.2733441 0.9375032 0.3146454 0.9375035 0.3063099 0.9375037 0.2733441 0.9375031 0.2703803 0.9375029 0.2526065 0.9375036 0.2653321 0.937503 0.2259981 0.9375034 0.2870252 0.9375036 0.2653321 0.937503 0.331623 0.937503 0.3186658 0.9375037 0.3120685 0.937503 0.271016 0.9375033 0.3269662 0.9375037 0.3120685 0.9375032 0.398257 0.9375031 0.3891668 0.9375039 0.3717155 0.9375031 0.3323071 0.9375035 0.3813279 0.9375039 0.3717155 0.9375034 0.4671345 0.9375032 0.4614955 0.9375038 0.4361716 0.9375033 0.3988543 0.9375039 0.4411684 0.9375038 0.4361716 0.9375033 0.5367662 0.9375032 0.5344539 0.9375039 0.5025429 0.9375033 0.4676592 0.9375037 0.5032158 0.9375039 0.5025429 0.9375035 0.6060757 0.9375033 0.6071985 0.9375042 0.5691863 0.9375036 0.5372775 0.9375038 0.5655784 0.9375042 0.5691863 0.9375035 0.6738184 0.9375033 0.6787708 0.9375038 0.6345857 0.9375035 0.6065971 0.9375037 0.6265024 0.9375038 0.6345857 0.937503 0.7377552 0.937503 0.7474668 0.9375041 0.6964686 0.9375035 0.6743138 0.9375038 0.6833944 0.9375041 0.6964686 0.9375033 0.7916445 0.9375032 0.8086398 0.9375039 0.7495714 0.9375031 0.7381722 0.9375035 0.7303893 0.9375039 0.7495714 0.9375032 0.318596 0.9375032 0.3146454 0.9375032 0.2632088 0.9375029 0.7967896 0.9375029 0.7955698 0.937503 0.8266111 0.9375031 0.2259402 0.937503 0.2259981 0.9375029 0.2048634 0.937503 0.271016 0.9375029 0.2592116 0.9375029 0.2526065 0.9375031 0.3323071 0.937503 0.3258664 0.937503 0.3186658 0.9375033 0.3988543 0.937503 0.3965232 0.9375031 0.3891668 0.9375033 0.4676592 0.9375033 0.468892 0.9375032 0.4614955 0.9375036 0.5372775 0.9375033 0.5418587 0.9375032 0.5344539 0.9375035 0.6065971 0.9375034 0.6145529 0.9375033 0.6071985 0.9375035 0.6738184 0.9375035 0.6743138 0.9375033 0.6859346 0.937503 0.7377552 0.9375031 0.7381722 0.9375032 0.754165 0.9375033 0.7916445 0.9375035 0.7918794 0.9375032 0.8139842 1 1 1 0.03727757 1 0.08333331 1 0.03727757 1 0.04964596 1 0.08333331 1 0.08333331 1 0.1170258 1 0.1666666 1 0.1170258 1 0.1329759 1 0.1666666 1 0.9503583 1 0.9663154 1 1 1 0.8670223 1 0.8829846 1 0.9166667 1 0.9166667 1 0.9503583 1 1 1 1 1 0.08333331 1 0.1666666 1 0.1666666 1 0.2003575 1 0.2163071 1 0.8670223 1 0.9166667 1 0.8333333 1 0.9166667 1 1 1 0.8333333 1 0.7836862 1 0.7996525 1 0.8333333 1 1 1 0.1666666 1 0.25 1 0.1666666 1 0.2163071 1 0.25 1 0.25 1 0.2836878 1 0.2996405 1 0.7836862 1 0.8333333 1 0.75 1 0.8333333 1 1 1 0.75 1 0.7003496 1 0.7163187 1 0.75 1 1 1 0.25 1 0.3333333 1 0.25 1 0.2996405 1 0.3333333 1 0.3333333 1 0.3670178 1 0.3829753 1 0.7003496 1 0.75 1 0.6666667 1 0.75 1 1 1 0.6666667 1 0.6170145 1 0.6329836 1 0.5833333 1 0.6329836 1 0.6666667 1 0.5833333 1 1 1 0.3333333 1 0.4166666 1 0.3333333 1 0.3829753 1 0.4166666 1 0.4166666 1 0.4503489 1 0.466311 1 0.6666667 1 1 1 0.5833333 1 0.5336812 1 0.5496475 1 0.5 1 0.5496475 1 0.5833333 1 0.5 1 1 1 0.4166666 1 0.5 1 0.4166666 1 0.466311 1 0.5</float_array>
          <technique_common>
            <accessor source="#Cube_010-mesh-map-0-array" count="1932" stride="2">
              <param name="S" type="float"/>
              <param name="T" type="float"/>
            </accessor>
          </technique_common>
        </source>
        <vertices id="Cube_010-mesh-vertices">
          <input semantic="POSITION" source="#Cube_010-mesh-positions"/>
        </vertices>
        <triangles material="Material_001-material" count="644">
          <input semantic="VERTEX" source="#Cube_010-mesh-vertices" offset="0"/>
          <input semantic="NORMAL" source="#Cube_010-mesh-normals" offset="1"/>
          <input semantic="TEXCOORD" source="#Cube_010-mesh-map-0" offset="2" set="0"/>
          <p>46 0 0 4 0 1 42 0 2 37 1 3 34 1 4 39 1 5 9 2 6 45 2 7 49 2 8 12 3 9 48 3 10 52 3 11 15 4 12 51 4 13 55 4 14 18 5 15 54 5 16 58 5 17 21 6 18 57 6 19 61 6 20 24 7 21 60 7 22 64 7 23 67 8 24 25 8 25 63 8 26 70 9 27 28 9 28 66 9 29 40 10 30 31 10 31 69 10 32 36 11 33 2 11 34 38 11 35 2 12 36 37 12 37 38 12 38 39 13 39 35 13 40 41 13 41 35 14 42 40 14 43 41 14 44 42 15 45 5 15 46 44 15 47 5 16 48 43 16 49 44 16 50 45 17 51 8 17 52 47 17 53 8 18 54 46 18 55 47 18 56 48 19 57 11 19 58 50 19 59 11 20 60 49 20 61 50 20 62 51 21 63 14 21 64 53 21 65 14 22 66 52 22 67 53 22 68 54 23 69 17 23 70 56 23 71 17 24 72 55 24 73 56 24 74 57 25 75 20 25 76 59 25 77 20 26 78 58 26 79 59 26 80 60 27 81 23 27 82 62 27 83 23 28 84 61 28 85 62 28 86 63 29 87 26 29 88 65 29 89 26 30 90 64 30 91 65 30 92 66 31 93 29 31 94 68 31 95 29 32 96 67 32 97 68 32 98 69 33 99 32 33 100 71 33 101 32 34 102 70 34 103 71 34 104 43 35 105 1 35 106 36 35 107 67 36 108 104 36 109 68 36 110 41 36 111 75 36 112 39 36 113 42 36 114 82 36 115 46 36 116 47 36 117 81 36 118 45 36 119 63 36 120 103 36 121 67 36 122 53 36 123 87 36 124 51 36 125 59 36 126 93 36 127 57 36 128 65 36 129 99 36 130 63 36 131 45 36 132 85 36 133 49 36 134 71 36 135 105 36 136 69 36 137 66 36 138 106 36 139 70 36 140 40 36 141 77 36 142 41 36 143 48 36 144 88 36 145 52 36 146 46 36 147 83 36 148 47 36 149 69 36 150 76 36 151 40 36 152 52 36 153 89 36 154 53 36 155 58 36 156 95 36 157 59 36 158 64 36 159 101 36 160 65 36 161 38 36 162 72 36 163 36 36 164 51 36 165 91 36 166 55 36 167 70 36 168 107 36 169 71 36 170 44 36 171 78 36 172 42 36 173 50 36 174 84 36 175 48 36 176 56 36 177 90 36 178 54 36 179 54 36 180 94 36 181 58 36 182 62 36 183 96 36 184 60 36 185 68 36 186 102 36 187 66 36 188 36 36 189 79 36 190 43 36 191 37 36 192 74 36 193 38 36 194 57 36 195 97 36 196 61 36 197 43 36 198 80 36 199 44 36 200 49 36 201 86 36 202 50 36 203 39 36 204 73 36 205 37 36 206 55 36 207 92 36 208 56 36 209 60 36 210 100 36 211 64 36 212 61 36 213 98 36 214 62 36 215 85 37 216 136 37 217 147 37 218 100 38 219 195 38 220 101 38 221 106 39 222 199 39 223 210 39 224 84 40 225 150 40 226 145 40 227 103 41 228 204 41 229 104 41 230 105 42 231 213 42 232 208 42 233 88 43 234 145 43 235 156 43 236 78 44 237 132 44 238 127 44 239 106 45 240 213 45 241 107 45 242 87 46 243 159 46 244 154 46 245 91 47 246 154 47 247 165 47 248 72 48 249 114 48 250 109 48 251 90 49 252 168 49 253 163 49 254 75 50 255 123 50 256 118 50 257 90 51 258 174 51 259 94 51 260 79 52 261 132 52 262 80 52 263 93 53 264 177 53 265 172 53 266 73 54 267 114 54 268 74 54 269 82 55 270 141 55 271 83 55 272 93 56 273 183 56 274 97 56 275 75 57 276 111 57 277 73 57 278 85 58 279 150 58 280 86 58 281 96 59 282 186 59 283 181 59 284 76 60 285 123 60 286 77 60 287 88 61 288 159 61 289 89 61 290 96 62 291 192 62 292 100 62 293 76 63 294 208 63 295 120 63 296 91 64 297 168 64 298 92 64 299 99 65 300 195 65 301 190 65 302 78 66 303 138 66 304 82 66 305 94 67 306 177 67 307 95 67 308 103 68 309 190 68 310 201 68 311 81 69 312 141 69 313 136 69 314 97 70 315 186 70 316 98 70 317 102 71 318 204 71 319 199 71 320 16 72 321 250 72 322 17 72 323 24 73 324 268 73 325 264 73 326 22 74 327 262 74 328 23 74 329 28 75 330 274 75 331 29 75 332 6 76 333 232 76 334 228 76 335 27 77 336 274 77 337 270 77 338 9 78 339 230 78 340 7 78 341 15 79 342 242 79 343 13 79 344 9 80 345 238 80 346 234 80 347 21 81 348 254 81 349 19 81 350 30 82 351 280 82 352 276 82 353 25 83 354 270 83 355 266 83 356 31 84 357 282 84 358 278 84 359 34 85 360 286 85 361 35 85 362 12 86 363 244 86 364 240 86 365 7 87 366 232 87 367 8 87 368 33 88 369 286 88 370 282 88 371 13 89 372 244 89 373 14 89 374 19 90 375 256 90 376 20 90 377 25 91 378 268 91 379 26 91 380 15 92 381 250 92 382 246 92 383 31 93 384 280 93 385 32 93 386 1 94 387 222 94 388 218 94 389 4 95 390 228 95 391 224 95 392 18 96 393 256 96 394 252 96 395 12 97 396 236 97 397 10 97 398 18 98 399 248 98 400 16 98 401 24 99 402 260 99 403 22 99 404 3 100 405 226 100 406 222 100 407 1 101 408 220 101 409 2 101 410 28 102 411 276 102 412 272 102 413 21 103 414 262 103 415 258 103 416 4 104 417 226 104 418 5 104 419 10 105 420 238 105 421 11 105 422 0 106 423 220 106 424 216 106 425 72 107 426 129 107 427 79 107 428 34 108 429 216 108 430 284 108 431 289 109 432 116 109 433 288 109 434 110 110 435 114 110 436 116 110 437 290 111 438 116 111 439 113 111 440 113 112 441 114 112 442 111 112 443 292 113 444 125 113 445 291 113 446 119 114 447 123 114 448 125 114 449 293 115 450 125 115 451 122 115 452 122 116 453 123 116 454 120 116 455 295 117 456 134 117 457 294 117 458 128 118 459 132 118 460 134 118 461 296 119 462 134 119 463 131 119 464 131 120 465 132 120 466 129 120 467 298 121 468 143 121 469 297 121 470 137 122 471 141 122 472 143 122 473 299 123 474 143 123 475 140 123 476 140 124 477 141 124 478 138 124 479 301 125 480 152 125 481 300 125 482 146 126 483 150 126 484 152 126 485 302 127 486 152 127 487 149 127 488 149 128 489 150 128 490 147 128 491 304 129 492 161 129 493 303 129 494 155 130 495 159 130 496 161 130 497 305 131 498 161 131 499 158 131 500 158 132 501 159 132 502 156 132 503 307 133 504 170 133 505 306 133 506 164 134 507 168 134 508 170 134 509 308 135 510 170 135 511 167 135 512 167 136 513 168 136 514 165 136 515 310 137 516 179 137 517 309 137 518 173 138 519 177 138 520 179 138 521 311 139 522 179 139 523 176 139 524 176 140 525 177 140 526 174 140 527 313 141 528 188 141 529 312 141 530 182 142 531 186 142 532 188 142 533 314 143 534 188 143 535 185 143 536 185 144 537 186 144 538 183 144 539 316 145 540 197 145 541 315 145 542 191 146 543 195 146 544 197 146 545 317 147 546 197 147 547 194 147 548 194 148 549 195 148 550 192 148 551 319 149 552 206 149 553 318 149 554 200 150 555 204 150 556 206 150 557 320 151 558 206 151 559 203 151 560 203 152 561 204 152 562 201 152 563 322 153 564 215 153 565 321 153 566 209 154 567 213 154 568 215 154 569 323 155 570 215 155 571 212 155 572 212 156 573 213 156 574 210 156 575 289 157 576 131 157 577 110 157 578 110 158 579 129 158 580 109 158 581 292 159 582 113 159 583 119 159 584 119 160 585 111 160 586 118 160 587 295 161 588 140 161 589 128 161 590 128 162 591 138 162 592 127 162 593 302 163 594 137 163 595 298 163 596 149 164 597 136 164 598 137 164 599 305 165 600 146 165 601 301 165 602 158 166 603 145 166 604 146 166 605 308 167 606 155 167 607 304 167 608 167 168 609 154 168 610 155 168 611 311 169 612 164 169 613 307 169 614 176 170 615 163 170 616 164 170 617 314 171 618 173 171 619 310 171 620 185 172 621 172 172 622 173 172 623 317 173 624 182 173 625 313 173 626 194 174 627 181 174 628 182 174 629 316 175 630 203 175 631 191 175 632 191 176 633 201 176 634 190 176 635 319 177 636 212 177 637 200 177 638 200 178 639 210 178 640 199 178 641 322 179 642 122 179 643 209 179 644 209 180 645 120 180 646 208 180 647 219 181 648 220 181 649 218 181 650 217 182 651 220 182 652 221 182 653 285 183 654 286 183 655 284 183 656 283 183 657 286 183 658 287 183 659 225 183 660 226 183 661 224 183 662 223 184 663 226 184 664 227 184 665 231 185 666 232 185 667 230 185 668 229 183 669 232 183 670 233 183 671 237 183 672 238 183 673 236 183 674 235 186 675 238 186 676 239 186 677 243 183 678 244 183 679 242 183 680 241 183 681 244 183 682 245 183 683 249 187 684 250 187 685 248 187 686 247 183 687 250 183 688 251 183 689 255 188 690 256 188 691 254 188 692 253 183 693 256 183 694 257 183 695 261 183 696 262 183 697 260 183 698 259 189 699 262 189 700 263 189 701 267 183 702 268 183 703 266 183 704 265 183 705 268 183 706 269 183 707 273 190 708 274 190 709 272 190 710 271 191 711 274 191 712 275 191 713 279 183 714 280 183 715 278 183 716 277 192 717 280 192 718 281 192 719 223 183 720 218 183 721 222 183 722 217 183 723 284 183 724 216 183 725 229 183 726 224 183 727 228 183 728 231 193 729 234 193 730 235 193 731 237 183 732 240 183 733 241 183 734 243 183 735 246 183 736 247 183 737 249 183 738 252 183 739 253 183 740 255 194 741 258 194 742 259 194 743 261 195 744 264 195 745 265 195 746 271 183 747 266 183 748 270 183 749 277 196 750 272 196 751 276 196 752 283 197 753 278 197 754 282 197 755 160 198 756 187 198 757 178 198 758 108 199 759 288 199 760 115 199 761 112 200 762 288 200 763 290 200 764 117 201 765 291 201 766 124 201 767 121 202 768 291 202 769 293 202 770 126 203 771 294 203 772 133 203 773 130 204 774 294 204 775 296 204 776 135 205 777 297 205 778 142 205 779 139 206 780 297 206 781 299 206 782 144 207 783 300 207 784 151 207 785 148 208 786 300 208 787 302 208 788 153 209 789 303 209 790 160 209 791 157 210 792 303 210 793 305 210 794 162 211 795 306 211 796 169 211 797 166 212 798 306 212 799 308 212 800 171 213 801 309 213 802 178 213 803 175 214 804 309 214 805 311 214 806 180 215 807 312 215 808 187 215 809 184 216 810 312 216 811 314 216 812 189 217 813 315 217 814 196 217 815 193 218 816 315 218 817 317 218 818 198 219 819 318 219 820 205 219 821 202 220 822 318 220 823 320 220 824 207 221 825 321 221 826 214 221 827 211 222 828 321 222 829 323 222 830 108 223 831 296 223 832 289 223 833 117 224 834 290 224 835 292 224 836 126 225 837 299 225 838 295 225 839 148 226 840 298 226 841 135 226 842 157 227 843 301 227 844 144 227 845 166 228 846 304 228 847 153 228 848 175 229 849 307 229 850 162 229 851 184 230 852 310 230 853 171 230 854 193 231 855 313 231 856 180 231 857 189 232 858 320 232 859 316 232 860 198 233 861 323 233 862 319 233 863 207 234 864 293 234 865 322 234 866 221 235 867 257 235 868 263 235 869 46 236 870 6 236 871 4 236 872 37 237 873 0 237 874 34 237 875 9 238 876 7 238 877 45 238 878 12 239 879 10 239 880 48 239 881 15 240 882 13 240 883 51 240 884 18 241 885 16 241 886 54 241 887 21 242 888 19 242 889 57 242 890 24 243 891 22 243 892 60 243 893 67 244 894 27 244 895 25 244 896 70 245 897 30 245 898 28 245 899 40 246 900 33 246 901 31 246 902 36 247 903 1 247 904 2 247 905 2 248 906 0 248 907 37 248 908 39 249 909 34 249 910 35 249 911 35 250 912 33 250 913 40 250 914 42 251 915 4 251 916 5 251 917 5 252 918 3 252 919 43 252 920 45 253 921 7 253 922 8 253 923 8 254 924 6 254 925 46 254 926 48 255 927 10 255 928 11 255 929 11 256 930 9 256 931 49 256 932 51 257 933 13 257 934 14 257 935 14 258 936 12 258 937 52 258 938 54 259 939 16 259 940 17 259 941 17 260 942 15 260 943 55 260 944 57 261 945 19 261 946 20 261 947 20 262 948 18 262 949 58 262 950 60 263 951 22 263 952 23 263 953 23 264 954 21 264 955 61 264 956 63 265 957 25 265 958 26 265 959 26 266 960 24 266 961 64 266 962 66 267 963 28 267 964 29 267 965 29 268 966 27 268 967 67 268 968 69 269 969 31 269 970 32 269 971 32 270 972 30 270 973 70 270 974 43 271 975 3 271 976 1 271 977 67 36 978 103 36 979 104 36 980 41 36 981 77 36 982 75 36 983 42 36 984 78 36 985 82 36 986 47 36 987 83 36 988 81 36 989 63 36 990 99 36 991 103 36 992 53 36 993 89 36 994 87 36 995 59 36 996 95 36 997 93 36 998 65 36 999 101 36 1000 99 36 1001 45 36 1002 81 36 1003 85 36 1004 71 36 1005 107 36 1006 105 36 1007 66 36 1008 102 36 1009 106 36 1010 40 36 1011 76 36 1012 77 36 1013 48 36 1014 84 36 1015 88 36 1016 46 36 1017 82 36 1018 83 36 1019 69 36 1020 105 36 1021 76 36 1022 52 36 1023 88 36 1024 89 36 1025 58 36 1026 94 36 1027 95 36 1028 64 36 1029 100 36 1030 101 36 1031 38 36 1032 74 36 1033 72 36 1034 51 36 1035 87 36 1036 91 36 1037 70 36 1038 106 36 1039 107 36 1040 44 36 1041 80 36 1042 78 36 1043 50 36 1044 86 36 1045 84 36 1046 56 36 1047 92 36 1048 90 36 1049 54 36 1050 90 36 1051 94 36 1052 62 36 1053 98 36 1054 96 36 1055 68 36 1056 104 36 1057 102 36 1058 36 36 1059 72 36 1060 79 36 1061 37 36 1062 73 36 1063 74 36 1064 57 36 1065 93 36 1066 97 36 1067 43 36 1068 79 36 1069 80 36 1070 49 36 1071 85 36 1072 86 36 1073 39 36 1074 75 36 1075 73 36 1076 55 36 1077 91 36 1078 92 36 1079 60 36 1080 96 36 1081 100 36 1082 61 36 1083 97 36 1084 98 36 1085 85 272 1086 81 272 1087 136 272 1088 100 273 1089 192 273 1090 195 273 1091 106 274 1092 102 274 1093 199 274 1094 84 275 1095 86 275 1096 150 275 1097 103 276 1098 201 276 1099 204 276 1100 105 277 1101 107 277 1102 213 277 1103 88 278 1104 84 278 1105 145 278 1106 78 279 1107 80 279 1108 132 279 1109 106 280 1110 210 280 1111 213 280 1112 87 281 1113 89 281 1114 159 281 1115 91 282 1116 87 282 1117 154 282 1118 72 283 1119 74 283 1120 114 283 1121 90 284 1122 92 284 1123 168 284 1124 75 285 1125 77 285 1126 123 285 1127 90 286 1128 163 286 1129 174 286 1130 79 287 1131 129 287 1132 132 287 1133 93 288 1134 95 288 1135 177 288 1136 73 289 1137 111 289 1138 114 289 1139 82 290 1140 138 290 1141 141 290 1142 93 291 1143 172 291 1144 183 291 1145 75 292 1146 118 292 1147 111 292 1148 85 293 1149 147 293 1150 150 293 1151 96 294 1152 98 294 1153 186 294 1154 76 295 1155 120 295 1156 123 295 1157 88 296 1158 156 296 1159 159 296 1160 96 297 1161 181 297 1162 192 297 1163 76 298 1164 105 298 1165 208 298 1166 91 299 1167 165 299 1168 168 299 1169 99 300 1170 101 300 1171 195 300 1172 78 301 1173 127 301 1174 138 301 1175 94 302 1176 174 302 1177 177 302 1178 103 303 1179 99 303 1180 190 303 1181 81 304 1182 83 304 1183 141 304 1184 97 305 1185 183 305 1186 186 305 1187 102 306 1188 104 306 1189 204 306 1190 16 307 1191 248 307 1192 250 307 1193 24 308 1194 26 308 1195 268 308 1196 22 309 1197 260 309 1198 262 309 1199 28 310 1200 272 310 1201 274 310 1202 6 311 1203 8 311 1204 232 311 1205 27 312 1206 29 312 1207 274 312 1208 9 313 1209 234 313 1210 230 313 1211 15 314 1212 246 314 1213 242 314 1214 9 315 1215 11 315 1216 238 315 1217 21 316 1218 258 316 1219 254 316 1220 30 317 1221 32 317 1222 280 317 1223 25 318 1224 27 318 1225 270 318 1226 31 319 1227 33 319 1228 282 319 1229 34 320 1230 284 320 1231 286 320 1232 12 321 1233 14 321 1234 244 321 1235 7 322 1236 230 322 1237 232 322 1238 33 323 1239 35 323 1240 286 323 1241 13 324 1242 242 324 1243 244 324 1244 19 325 1245 254 325 1246 256 325 1247 25 326 1248 266 326 1249 268 326 1250 15 327 1251 17 327 1252 250 327 1253 31 328 1254 278 328 1255 280 328 1256 1 329 1257 3 329 1258 222 329 1259 4 330 1260 6 330 1261 228 330 1262 18 331 1263 20 331 1264 256 331 1265 12 332 1266 240 332 1267 236 332 1268 18 333 1269 252 333 1270 248 333 1271 24 334 1272 264 334 1273 260 334 1274 3 335 1275 5 335 1276 226 335 1277 1 336 1278 218 336 1279 220 336 1280 28 337 1281 30 337 1282 276 337 1283 21 338 1284 23 338 1285 262 338 1286 4 339 1287 224 339 1288 226 339 1289 10 340 1290 236 340 1291 238 340 1292 0 341 1293 2 341 1294 220 341 1295 72 342 1296 109 342 1297 129 342 1298 34 343 1299 0 343 1300 216 343 1301 289 344 1302 110 344 1303 116 344 1304 110 345 1305 109 345 1306 114 345 1307 290 346 1308 288 346 1309 116 346 1310 113 347 1311 116 347 1312 114 347 1313 292 348 1314 119 348 1315 125 348 1316 119 349 1317 118 349 1318 123 349 1319 293 350 1320 291 350 1321 125 350 1322 122 351 1323 125 351 1324 123 351 1325 295 352 1326 128 352 1327 134 352 1328 128 353 1329 127 353 1330 132 353 1331 296 354 1332 294 354 1333 134 354 1334 131 355 1335 134 355 1336 132 355 1337 298 356 1338 137 356 1339 143 356 1340 137 357 1341 136 357 1342 141 357 1343 299 358 1344 297 358 1345 143 358 1346 140 359 1347 143 359 1348 141 359 1349 301 360 1350 146 360 1351 152 360 1352 146 361 1353 145 361 1354 150 361 1355 302 362 1356 300 362 1357 152 362 1358 149 363 1359 152 363 1360 150 363 1361 304 364 1362 155 364 1363 161 364 1364 155 365 1365 154 365 1366 159 365 1367 305 366 1368 303 366 1369 161 366 1370 158 367 1371 161 367 1372 159 367 1373 307 368 1374 164 368 1375 170 368 1376 164 369 1377 163 369 1378 168 369 1379 308 370 1380 306 370 1381 170 370 1382 167 371 1383 170 371 1384 168 371 1385 310 372 1386 173 372 1387 179 372 1388 173 373 1389 172 373 1390 177 373 1391 311 374 1392 309 374 1393 179 374 1394 176 375 1395 179 375 1396 177 375 1397 313 376 1398 182 376 1399 188 376 1400 182 377 1401 181 377 1402 186 377 1403 314 378 1404 312 378 1405 188 378 1406 185 379 1407 188 379 1408 186 379 1409 316 380 1410 191 380 1411 197 380 1412 191 381 1413 190 381 1414 195 381 1415 317 382 1416 315 382 1417 197 382 1418 194 383 1419 197 383 1420 195 383 1421 319 384 1422 200 384 1423 206 384 1424 200 385 1425 199 385 1426 204 385 1427 320 386 1428 318 386 1429 206 386 1430 203 387 1431 206 387 1432 204 387 1433 322 388 1434 209 388 1435 215 388 1436 209 389 1437 208 389 1438 213 389 1439 323 390 1440 321 390 1441 215 390 1442 212 391 1443 215 391 1444 213 391 1445 289 392 1446 296 392 1447 131 392 1448 110 393 1449 131 393 1450 129 393 1451 292 394 1452 290 394 1453 113 394 1454 119 395 1455 113 395 1456 111 395 1457 295 396 1458 299 396 1459 140 396 1460 128 397 1461 140 397 1462 138 397 1463 302 398 1464 149 398 1465 137 398 1466 149 399 1467 147 399 1468 136 399 1469 305 400 1470 158 400 1471 146 400 1472 158 401 1473 156 401 1474 145 401 1475 308 402 1476 167 402 1477 155 402 1478 167 403 1479 165 403 1480 154 403 1481 311 404 1482 176 404 1483 164 404 1484 176 405 1485 174 405 1486 163 405 1487 314 406 1488 185 406 1489 173 406 1490 185 407 1491 183 407 1492 172 407 1493 317 408 1494 194 408 1495 182 408 1496 194 409 1497 192 409 1498 181 409 1499 316 410 1500 320 410 1501 203 410 1502 191 411 1503 203 411 1504 201 411 1505 319 412 1506 323 412 1507 212 412 1508 200 413 1509 212 413 1510 210 413 1511 322 414 1512 293 414 1513 122 414 1514 209 415 1515 122 415 1516 120 415 1517 219 416 1518 221 416 1519 220 416 1520 217 417 1521 216 417 1522 220 417 1523 285 183 1524 287 183 1525 286 183 1526 283 183 1527 282 183 1528 286 183 1529 225 418 1530 227 418 1531 226 418 1532 223 183 1533 222 183 1534 226 183 1535 231 183 1536 233 183 1537 232 183 1538 229 183 1539 228 183 1540 232 183 1541 237 419 1542 239 419 1543 238 419 1544 235 183 1545 234 183 1546 238 183 1547 243 420 1548 245 420 1549 244 420 1550 241 421 1551 240 421 1552 244 421 1553 249 183 1554 251 183 1555 250 183 1556 247 183 1557 246 183 1558 250 183 1559 255 422 1560 257 422 1561 256 422 1562 253 423 1563 252 423 1564 256 423 1565 261 424 1566 263 424 1567 262 424 1568 259 183 1569 258 183 1570 262 183 1571 267 183 1572 269 183 1573 268 183 1574 265 183 1575 264 183 1576 268 183 1577 273 425 1578 275 425 1579 274 425 1580 271 183 1581 270 183 1582 274 183 1583 279 426 1584 281 426 1585 280 426 1586 277 427 1587 276 427 1588 280 427 1589 223 183 1590 219 183 1591 218 183 1592 217 183 1593 285 183 1594 284 183 1595 229 183 1596 225 183 1597 224 183 1598 231 183 1599 230 183 1600 234 183 1601 237 428 1602 236 428 1603 240 428 1604 243 183 1605 242 183 1606 246 183 1607 249 429 1608 248 429 1609 252 429 1610 255 430 1611 254 430 1612 258 430 1613 261 183 1614 260 183 1615 264 183 1616 271 431 1617 267 431 1618 266 431 1619 277 183 1620 273 183 1621 272 183 1622 283 183 1623 279 183 1624 278 183 1625 115 432 1626 112 432 1627 124 432 1628 112 433 1629 117 433 1630 124 433 1631 124 434 1632 121 434 1633 214 434 1634 121 198 1635 207 198 1636 214 198 1637 130 198 1638 108 198 1639 115 198 1640 139 198 1641 126 198 1642 133 198 1643 133 435 1644 130 435 1645 115 435 1646 133 436 1647 115 436 1648 214 436 1649 115 198 1650 124 198 1651 214 198 1652 142 437 1653 139 437 1654 133 437 1655 148 198 1656 135 198 1657 151 198 1658 135 198 1659 142 198 1660 151 198 1661 157 198 1662 144 198 1663 160 198 1664 144 198 1665 151 198 1666 160 198 1667 142 438 1668 133 438 1669 205 438 1670 214 439 1671 211 439 1672 205 439 1673 211 440 1674 198 440 1675 205 440 1676 133 198 1677 214 198 1678 205 198 1679 151 441 1680 142 441 1681 196 441 1682 205 442 1683 202 442 1684 196 442 1685 202 198 1686 189 198 1687 196 198 1688 196 443 1689 193 443 1690 180 443 1691 142 444 1692 205 444 1693 196 444 1694 166 445 1695 153 445 1696 169 445 1697 153 198 1698 160 198 1699 169 198 1700 160 446 1701 151 446 1702 187 446 1703 196 447 1704 180 447 1705 187 447 1706 151 448 1707 196 448 1708 187 448 1709 175 198 1710 162 198 1711 178 198 1712 162 198 1713 169 198 1714 178 198 1715 184 198 1716 171 198 1717 187 198 1718 171 198 1719 178 198 1720 187 198 1721 169 449 1722 160 449 1723 178 449 1724 108 450 1725 289 450 1726 288 450 1727 112 451 1728 115 451 1729 288 451 1730 117 452 1731 292 452 1732 291 452 1733 121 453 1734 124 453 1735 291 453 1736 126 454 1737 295 454 1738 294 454 1739 130 455 1740 133 455 1741 294 455 1742 135 456 1743 298 456 1744 297 456 1745 139 457 1746 142 457 1747 297 457 1748 144 458 1749 301 458 1750 300 458 1751 148 459 1752 151 459 1753 300 459 1754 153 460 1755 304 460 1756 303 460 1757 157 461 1758 160 461 1759 303 461 1760 162 462 1761 307 462 1762 306 462 1763 166 463 1764 169 463 1765 306 463 1766 171 464 1767 310 464 1768 309 464 1769 175 465 1770 178 465 1771 309 465 1772 180 466 1773 313 466 1774 312 466 1775 184 467 1776 187 467 1777 312 467 1778 189 468 1779 316 468 1780 315 468 1781 193 469 1782 196 469 1783 315 469 1784 198 470 1785 319 470 1786 318 470 1787 202 471 1788 205 471 1789 318 471 1790 207 472 1791 322 472 1792 321 472 1793 211 473 1794 214 473 1795 321 473 1796 108 474 1797 130 474 1798 296 474 1799 117 475 1800 112 475 1801 290 475 1802 126 476 1803 139 476 1804 299 476 1805 148 477 1806 302 477 1807 298 477 1808 157 478 1809 305 478 1810 301 478 1811 166 479 1812 308 479 1813 304 479 1814 175 480 1815 311 480 1816 307 480 1817 184 481 1818 314 481 1819 310 481 1820 193 482 1821 317 482 1822 313 482 1823 189 483 1824 202 483 1825 320 483 1826 198 484 1827 211 484 1828 323 484 1829 207 485 1830 121 485 1831 293 485 1832 221 183 1833 219 183 1834 227 183 1835 219 183 1836 223 183 1837 227 183 1838 227 183 1839 225 183 1840 233 183 1841 225 486 1842 229 486 1843 233 486 1844 285 487 1845 217 487 1846 221 487 1847 279 183 1848 283 183 1849 287 183 1850 287 183 1851 285 183 1852 221 183 1853 221 488 1854 227 488 1855 233 488 1856 233 489 1857 231 489 1858 235 489 1859 279 183 1860 287 183 1861 281 183 1862 287 490 1863 221 490 1864 281 490 1865 273 183 1866 277 183 1867 281 183 1868 221 491 1869 233 491 1870 239 491 1871 233 492 1872 235 492 1873 239 492 1874 239 493 1875 237 493 1876 241 493 1877 273 494 1878 281 494 1879 275 494 1880 281 183 1881 221 183 1882 275 183 1883 267 183 1884 271 183 1885 275 183 1886 221 495 1887 239 495 1888 245 495 1889 239 496 1890 241 496 1891 245 496 1892 245 497 1893 243 497 1894 247 497 1895 267 498 1896 275 498 1897 269 498 1898 275 183 1899 221 183 1900 269 183 1901 261 183 1902 265 183 1903 263 183 1904 265 499 1905 269 499 1906 263 499 1907 221 500 1908 245 500 1909 251 500 1910 245 183 1911 247 183 1912 251 183 1913 251 501 1914 249 501 1915 253 501 1916 269 183 1917 221 183 1918 263 183 1919 255 183 1920 259 183 1921 257 183 1922 259 183 1923 263 183 1924 257 183 1925 221 502 1926 251 502 1927 257 502 1928 251 183 1929 253 183 1930 257 183 1931</p>
        </triangles>
      </mesh>
    </geometry>
    <geometry id="Cube_009-mesh" name="Cube.009">
      <mesh>
        <source id="Cube_009-mesh-positions">
          <float_array id="Cube_009-mesh-positions-array" count="2016">4.940981 2.190574 -3.492297 5.307007 2.556597 -3.49012 5.807006 2.690571 -3.489324 6.307007 2.556597 -3.49012 6.673032 2.190575 -3.492297 6.807007 1.69058 -3.495271 6.673033 1.190584 -3.498245 6.307008 0.8245609 -3.500422 5.807008 0.6905869 -3.501217 5.307008 0.8245599 -3.500422 4.940982 1.190582 -3.498245 4.807007 1.690578 -3.495271 4.940981 2.170686 3.495267 4.807007 1.671257 3.495267 5.307007 2.536294 3.495267 5.807006 2.670115 3.495267 6.307007 2.536294 3.495267 6.673032 2.170687 3.495267 6.807007 1.671258 3.495267 6.673033 1.171829 3.495267 6.307008 0.8062214 3.495267 5.807008 0.6723994 3.495267 5.307008 0.8062204 3.495267 4.940982 1.171828 3.495267 -4.521995 -8.103532 -0.8660272 -4.88802 -8.103138 -0.500002 -5.021995 -8.102993 -2.10843e-6 -4.88802 -8.103138 0.4999978 -4.521995 -8.103532 0.8660234 -4.021996 -8.104071 0.9999982 -3.521996 -8.10461 0.8660241 -3.15597 -8.105004 0.4999991 -3.021996 -8.105149 -8.37145e-7 -3.15597 -8.105004 -0.500001 -3.521995 -8.10461 -0.8660268 -4.021994 -8.104071 -1.000002 -4.513276 -0.9878615 -0.8660264 -4.878505 -0.9637269 -0.5000011 -5.012187 -0.954893 -1.14993e-6 -4.878505 -0.9637269 0.4999988 -4.513277 -0.9878613 0.8660244 -4.014365 -1.02083 0.9999994 -3.515453 -1.053798 0.8660251 -3.150223 -1.077933 0.5000001 -3.01654 -1.086767 0 -3.150222 -1.077933 -0.5000001 -3.515451 -1.053798 -0.8660259 -4.014363 -1.02083 -1.000001 -4.406261 -0.1996587 -0.8660262 -4.759814 -0.1049253 -0.500001 -4.889224 -0.07025063 -1.05502e-6 -4.759815 -0.1049255 0.4999989 -4.406261 -0.1996586 0.8660245 -3.923297 -0.3290669 0.9999994 -3.440335 -0.4584748 0.8660252 -3.08678 -0.5532085 0.5000002 -2.95737 -0.5878831 1.60283e-7 -3.08678 -0.5532085 -0.5 -3.440333 -0.4584752 -0.8660258 -3.923296 -0.3290669 -1.000001 -4.089298 0.565554 -0.8660262 -4.406284 0.7485674 -0.500001 -4.52231 0.8155549 -1.00744e-6 -4.406285 0.7485675 0.499999 -4.089298 0.5655543 0.8660246 -3.656286 0.3155536 0.9999994 -3.223274 0.06555271 0.8660252 -2.906287 -0.1174608 0.5000002 -2.790261 -0.1844484 1.81951e-7 -2.906286 -0.117461 -0.5 -3.223272 0.06555199 -0.8660258 -3.656285 0.3155528 -1.000001 -3.585084 1.222655 -0.8660261 -3.843903 1.481474 -0.5000008 -3.938637 1.576209 -1.01889e-6 -3.843903 1.481474 0.4999989 -3.585084 1.222655 0.8660246 -3.231532 0.8691017 0.9999994 -2.877979 0.5155479 0.8660251 -2.61916 0.2567284 0.5000001 -2.524425 0.1619936 1.76738e-7 -2.619159 0.2567278 -0.5 -2.877978 0.5155469 -0.8660257 -3.231531 0.8691006 -1.000001 -2.927983 1.726866 -0.8660262 -3.110996 2.043853 -0.500001 -3.177983 2.159879 -1.08857e-6 -3.110996 2.043854 0.4999989 -2.927983 1.726867 0.8660244 -2.677983 1.293854 0.9999993 -2.427984 0.8608413 0.8660252 -2.244971 0.5438537 0.5000001 -2.177983 0.427828 1.45001e-7 -2.24497 0.5438529 -0.5 -2.427983 0.86084 -0.8660257 -2.677983 1.293853 -1.000001 -2.162773 2.043827 -0.8660264 -2.257507 2.39738 -0.5000011 -2.292182 2.52679 -1.21174e-6 -2.257507 2.39738 0.4999988 -2.162773 2.043827 0.8660244 -2.033363 1.560864 0.9999994 -1.903954 1.077901 0.8660251 -1.809219 0.7243478 0.5000001 -1.774544 0.5949377 0 -1.809219 0.7243469 -0.5000001 -1.903954 1.0779 -0.8660259 -2.033363 1.560863 -1.000001 -1.37531 2.150798 -0.8660266 -1.39999 2.515991 -0.5000013 -1.409023 2.64966 -1.36719e-6 -1.39999 2.515991 0.4999986 -1.37531 2.150799 0.8660242 -1.341598 1.651937 0.9999991 -1.307885 1.153074 0.866025 -1.283205 0.7878817 0.4999999 -1.274172 0.6542116 0 -1.283205 0.7878808 -0.5000002 -1.307885 1.153073 -0.866026 -1.341598 1.651935 -1.000001 9.687846 2.190574 -0.8660284 9.686362 2.556597 -0.5000032 9.685819 2.69057 -3.22988e-6 9.686362 2.556597 0.4999968 9.687846 2.190575 0.8660224 9.689873 1.690579 0.9999973 9.691901 1.190583 0.8660231 9.693385 0.8245607 0.499998 9.693927 0.6905868 -1.83918e-6 9.693385 0.8245598 -0.500002 9.691901 1.190582 -0.8660278 9.689873 1.690578 -1.000003 3.406267 2.170686 -0.8660275 3.424137 1.671256 -1.000002 3.393186 2.536294 -0.5000022 3.388398 2.670115 -2.29854e-6 3.393186 2.536294 0.4999977 3.406267 2.170687 0.8660233 3.424138 1.671258 0.9999982 3.442008 1.171829 0.8660241 3.455089 0.8062212 0.4999989 3.459877 0.6723992 -9.19871e-7 3.455089 0.8062203 -0.5000011 3.442008 1.171827 -0.8660269 4.768832 2.270032 3.495551 4.768829 2.289914 -3.492013 4.608249 1.690473 -3.495269 4.608249 1.671166 3.495269 5.207623 2.70842 3.495766 5.207621 2.728723 -3.489621 5.807006 2.868873 3.495847 5.807006 2.889328 -3.488744 6.40639 2.708421 3.495766 6.406392 2.728723 -3.489621 6.845181 2.270033 3.495551 6.845185 2.289915 -3.492013 7.005765 1.671168 3.495269 7.005765 1.690475 -3.495269 6.845104 1.072348 3.495001 6.845096 1.091088 -3.498511 6.406313 0.6340495 3.494814 6.406303 0.6523832 -3.500874 5.807008 0.4736415 3.494748 5.807008 0.491829 -3.501736 5.207703 0.6340482 3.494814 5.207713 0.6523819 -3.500874 4.768911 1.072346 3.495001 4.76892 1.091086 -3.498511 -4.621445 -8.103408 -1.038116 -4.021994 -8.104067 -1.19876 -4.614099 -0.9809514 -1.037175 -4.016476 -1.020626 -1.198748 -5.060191 -8.10291 -0.5993102 -5.050797 -0.9517814 -0.5983772 -5.220753 -8.102725 -2.11234e-6 -5.210466 -0.9410888 -1.19544e-6 -5.060191 -8.10291 0.5993059 -5.050797 -0.9517816 0.5983749 -4.621446 -8.103408 1.038112 -4.614101 -0.9809512 1.037173 -4.021996 -8.104067 1.198757 -4.016478 -1.020626 1.198747 -3.422545 -8.104701 1.038112 -3.417722 -1.059949 1.038987 -2.983798 -8.105147 0.5993063 -2.97885 -1.088376 0.6001346 -2.823238 -8.105307 -7.39547e-7 -2.818139 -1.098676 2.0643e-7 -2.983798 -8.105147 -0.5993079 -2.978848 -1.088376 -0.6001342 -3.422544 -8.104701 -1.038115 -3.41772 -1.05995 -1.038988 -4.505093 -0.172918 -1.036385 -3.927418 -0.3278977 -1.198713 -4.926865 -0.05960547 -0.5976992 -5.081036 -0.01816463 -1.18159e-6 -4.926866 -0.05960559 0.5976972 -4.505093 -0.1729179 1.036383 -3.92742 -0.3278977 1.198712 -3.347625 -0.4830259 1.040114 -2.921492 -0.5966131 0.6014942 -2.765081 -0.638179 2.65251e-7 -2.921492 -0.5966131 -0.6014937 -3.347622 -0.4830264 -1.040115 -4.178087 0.6168163 -1.036302 -3.659996 0.3176954 -1.198713 -4.556246 0.8351483 -0.597572 -4.694439 0.9149344 -1.13614e-6 -4.556247 0.8351484 0.59757 -4.178087 0.6168166 1.0363 -3.659996 0.3176961 1.198712 -3.14005 0.01750373 1.040008 -2.758179 -0.2029711 0.6012778 -2.618131 -0.2838281 3.38944e-7 -2.758178 -0.2029714 -0.6012772 -3.140048 0.01750278 -1.040009 -3.65758 1.29515 -1.036302 -3.23456 0.8721305 -1.198713 -3.966346 1.603918 -0.5975719 -4.07918 1.716752 -1.09128e-6 -3.966346 1.603918 0.5975699 -3.65758 1.295151 1.0363 -3.234561 0.8721318 1.198712 -2.810028 0.4475964 1.040008 -2.498231 0.1357989 0.6012777 -2.383882 0.02144992 3.92483e-7 -2.498229 0.1357982 -0.6012772 -2.810027 0.4475954 -1.040009 -2.979245 1.815655 -1.036302 -2.680126 1.297564 -1.198713 -3.197576 2.193816 -0.5975721 -3.277362 2.332009 -1.13784e-6 -3.197576 2.193816 0.5975699 -2.979245 1.815655 1.0363 -2.680126 1.297565 1.198712 -2.379935 0.7776182 1.040008 -2.159461 0.3957461 0.6012777 -2.078604 0.255698 3.5304e-7 -2.15946 0.3957452 -0.6012772 -2.379934 0.7776167 -1.040009 -2.189517 2.142656 -1.036386 -2.034533 1.564985 -1.198713 -2.302835 2.564428 -0.5977016 -2.34428 2.718599 -1.26298e-6 -2.302835 2.564428 0.5976992 -2.189517 2.142656 1.036384 -2.034533 1.564987 1.198712 -1.879407 0.9851931 1.040116 -1.765825 0.5590592 0.6014968 -1.724262 0.4026446 2.72835e-7 -1.765825 0.5590581 -0.6014964 -1.879406 0.9851914 -1.040116 -1.382369 2.251596 -1.037184 -1.341802 1.654 -1.198749 -1.412194 2.688264 -0.5983777 -1.423126 2.847918 -1.41664e-6 -1.412194 2.688264 0.598375 -1.382369 2.251597 1.037181 -1.341802 1.654002 1.198747 -1.301587 1.055295 1.038954 -1.272511 0.6164986 0.6000918 -1.261973 0.4558278 1.79542e-7 -1.272511 0.6164975 -0.6000917 -1.301587 1.055294 -1.038955 3.405902 2.270142 -1.038113 9.687529 2.289964 -1.038152 9.689871 1.690546 -1.198761 3.424135 1.671272 -1.19876 3.392544 2.708464 -0.599309 9.685807 2.728738 -0.5993608 3.387653 2.868873 -2.34929e-6 9.685175 2.889328 -3.28258e-6 3.392544 2.708465 0.5993044 9.685807 2.728739 0.5993544 3.405902 2.270143 1.038108 9.68753 2.289965 1.038146 3.424136 1.671274 1.198757 9.689871 1.690548 1.198756 3.442352 1.072396 1.038123 9.692198 1.091145 1.038119 3.455676 0.6340584 0.5993195 9.693892 0.652403 0.5993281 3.460551 0.4736418 -7.37384e-7 9.694509 0.491829 -1.65957e-6 3.455676 0.6340573 -0.5993213 9.693892 0.6524019 -0.5993317 3.442352 1.072394 -1.038125 9.692198 1.091143 -1.038123 -4.621369 -8.075406 -1.038106 -4.021937 -8.076472 -1.19876 -5.060092 -8.074609 -0.5993005 -5.220646 -8.074314 -2.10278e-6 -5.060092 -8.074609 0.5992962 -4.62137 -8.075406 1.038102 -4.021939 -8.076472 1.198757 -3.422494 -8.077507 1.038122 -2.983747 -8.078246 0.5993149 -2.823184 -8.078513 -7.29685e-7 -2.983747 -8.078246 -0.5993165 -3.422493 -8.077507 -1.038124 9.588258 2.289651 -1.038151 9.590851 1.690241 -1.198761 9.586353 2.728418 -0.59936 9.585654 2.889005 -3.26783e-6 9.586353 2.728418 0.5993536 9.588259 2.289652 1.038145 9.590851 1.690243 1.198756 9.593429 1.090849 1.038119 9.595307 0.6521131 0.599328 9.595992 0.4915416 -1.64499e-6 9.595307 0.652112 -0.5993315 9.593429 1.090847 -1.038123 -1.33037 2.251798 -1.037194 -1.290045 1.654187 -1.198749 -1.360015 2.688483 -0.5983878 -1.370882 2.848145 -1.42676e-6 -1.360015 2.688484 0.5983851 -1.33037 2.251799 1.037191 -1.290045 1.654189 1.198747 -1.250069 1.055481 1.038945 -1.221164 0.6166893 0.6000834 -1.210688 0.4560213 1.69584e-7 -1.221164 0.6166883 -0.6000834 -1.250069 1.05548 -1.038946 -4.513383 -1.075946 -0.8660264 -4.014457 -1.108513 -1.000001 -4.878623 -1.052105 -0.5000011 -5.012309 -1.043379 -1.1618e-6 -4.878623 -1.052105 0.4999988 -4.513384 -1.075946 0.8660244 -4.014459 -1.108513 0.9999994 -3.515534 -1.14108 0.8660251 -3.150295 -1.16492 0.5000001 -3.016608 -1.173647 0 -3.150294 -1.16492 -0.5000001 -3.515532 -1.14108 -0.8660259 5.011249 2.130093 3.592993 5.011262 2.150556 -3.59025 4.888011 1.691155 -3.593116 4.888008 1.671252 3.593116 5.347624 2.465903 3.592894 5.34763 2.48678 -3.588156 5.807007 2.5888 3.592855 5.807007 2.609833 -3.587391 6.266389 2.465903 3.592894 6.266384 2.48678 -3.588156 6.602765 2.130094 3.592993 6.602752 2.150557 -3.59025 6.726006 1.671254 3.593116 6.726003 1.691157 -3.593116 6.603007 1.212275 3.593227 6.603031 1.231596 -3.595986 6.266632 0.8761867 3.593299 6.266663 0.8950511 -3.59809 5.807008 0.7531495 3.593323 5.807008 0.7718378 -3.598859 5.347384 0.8761858 3.593299 5.347353 0.8950502 -3.59809 5.011008 1.212274 3.593227 5.010984 1.231594 -3.595986 -4.481575 -8.201429 -0.795897 -4.0221 -8.20192 -0.9190005 -4.449806 -1.076025 -0.7560554 -4.448818 -0.9922778 -0.7566584 -4.013011 -1.02096 -0.8729818 -4.014458 -1.108516 -0.8729745 -4.817973 -8.201074 -0.4595341 -4.768577 -1.05225 -0.4365525 -4.768382 -0.9713608 -0.4371505 -4.941117 -8.200944 -2.10525e-6 -4.885282 -1.04355 -1.16118e-6 -4.885468 -0.9637147 -1.12085e-6 -4.817973 -8.201074 0.4595299 -4.768577 -1.05225 0.4365503 -4.768382 -0.9713608 0.4371482 -4.481575 -8.201429 0.7958932 -4.449807 -1.076025 0.7560536 -4.448819 -0.9922775 0.7566566 -4.022102 -8.20192 0.918997 -4.01446 -1.108516 0.8729731 -4.013013 -1.02096 0.8729804 -3.562626 -8.202419 0.795894 -3.579113 -1.141022 0.7560546 -3.577934 -1.049867 0.7554973 -3.226228 -8.202789 0.4595316 -3.26034 -1.164829 0.4365516 -3.25976 -1.071258 0.436026 -3.103085 -8.202925 -8.75332e-7 -3.143634 -1.173545 0 -3.143338 -1.079156 0 -3.226228 -8.202789 -0.4595336 -3.260339 -1.164829 -0.4365518 -3.25976 -1.071259 -0.4360262 -3.562625 -8.202419 -0.7958968 -3.579111 -1.141023 -0.7560555 -3.577932 -1.049867 -0.7554982 -4.343097 -0.2167487 -0.7571503 -3.920662 -0.3298141 -0.8730041 -4.653052 -0.1338893 -0.4375621 -4.766636 -0.1035387 -9.74123e-7 -4.653053 -0.1338894 0.4375602 -4.343097 -0.2167485 0.7571486 -3.920662 -0.3298141 0.8730027 -3.499586 -0.4427842 0.754765 -3.192415 -0.5254687 0.4351354 -3.080263 -0.5557393 0 -3.192415 -0.5254687 -0.4351355 -3.499584 -0.4427847 -0.7547656 -4.032553 0.5327923 -0.7572035 -3.653913 0.3141836 -0.873004 -4.310443 0.6932336 -0.4376435 -4.412302 0.7520415 -9.25187e-7 -4.310444 0.6932337 0.4376416 -4.032553 0.5327926 0.7572018 -3.653914 0.3141842 0.8730027 -3.276461 0.09626078 0.7548327 -3.000942 -0.06281137 0.4352737 -2.900269 -0.120935 0 -3.000941 -0.06281149 -0.4352738 -3.27646 0.09626019 -0.7548334 -3.538753 1.176323 -0.7572033 -3.229595 0.8671642 -0.8730039 -3.765649 1.403221 -0.4376434 -3.848816 1.486387 -9.72618e-7 -3.765649 1.403221 0.4376415 -3.538753 1.176323 0.7572018 -3.229595 0.8671652 0.8730027 -2.921406 0.5589756 0.7548326 -2.696446 0.3340142 0.4352737 -2.614246 0.2518149 0 -2.696445 0.3340137 -0.4352738 -2.921405 0.5589746 -0.7548334 -2.895221 1.670121 -0.7572034 -2.676613 1.291481 -0.8730039 -3.055663 1.948013 -0.4376435 -3.11447 2.049871 -1.05708e-6 -3.055663 1.948013 0.4376415 -2.895221 1.670122 0.7572017 -2.676613 1.291482 0.8730025 -2.458692 0.914029 0.7548327 -2.29962 0.6385089 0.4352737 -2.241497 0.537836 0 -2.299619 0.6385083 -0.4352738 -2.458691 0.9140279 -0.7548333 -2.14568 1.980665 -0.7571496 -2.032616 1.558229 -0.8730041 -2.228537 2.29062 -0.4375609 -2.258888 2.404205 -1.179e-6 -2.228537 2.29062 0.4375587 -2.14568 1.980666 0.7571476 -2.032616 1.55823 0.8730027 -1.919642 1.137151 0.754764 -1.836953 0.8299835 0.4351337 -1.80668 0.7178319 0 -1.836953 0.8299827 -0.4351339 -1.919641 1.13715 -0.7547649 -1.370799 2.086378 -0.7566402 -1.341467 1.650616 -0.8729816 -1.39219 2.405891 -0.437129 -1.40001 2.522954 -1.33559e-6 -1.39219 2.405891 0.4371265 -1.370799 2.086379 0.7566379 -1.341467 1.650617 0.8729797 -1.31191 1.215565 0.7555061 -1.290041 0.8974125 0.4360314 -1.281969 0.7809985 0 -1.290041 0.8974117 -0.4360318 -1.31191 1.215564 -0.7555072 3.406501 2.107124 -0.756048 9.785817 2.150431 -0.7958437 9.787718 1.690973 -0.9189983 3.424139 1.671247 -0.8729756 3.393595 2.42626 -0.4365354 9.784427 2.486766 -0.4594754 3.388874 2.54309 -2.2661e-6 9.78392 2.609874 -3.20846e-6 3.393595 2.42626 0.436531 9.784427 2.486766 0.459469 3.406501 2.107125 0.7560439 9.785817 2.150432 0.7958378 3.424139 1.671248 0.8729719 9.787718 1.690975 0.9189928 3.441787 1.235376 0.756036 9.789626 1.231468 0.7959233 3.454714 0.9162502 0.4365233 9.791024 0.8950351 0.459555 3.459446 0.7994247 -1.0365e-6 9.791535 0.7718782 -1.91264e-6 3.454714 0.9162495 -0.4365257 9.791024 0.8950343 -0.4595591 3.441787 1.235375 -0.7560389 9.789626 1.231467 -0.7959281 4.685603 2.318026 3.578649 4.685608 2.338391 -3.574838 4.512069 1.690877 -3.578244 4.512064 1.671087 3.578239 5.15961 2.791537 3.578965 5.15961 2.812327 -3.572331 5.807006 2.964827 3.579085 5.807006 2.985774 -3.571411 6.454403 2.791538 3.578965 6.454403 2.812328 -3.572331 6.92841 2.318027 3.578649 6.928406 2.338392 -3.574838 7.101951 1.67109 3.578239 7.101945 1.69088 -3.578244 6.928444 1.024132 3.577858 6.928446 1.043344 -3.58163 6.454438 0.5505824 3.577597 6.454444 0.5693626 -3.584095 5.807009 0.3772727 3.577505 5.807009 0.3958922 -3.584994 5.159579 0.550581 3.577597 5.159573 0.5693612 -3.584095 4.685571 1.02413 3.577858 4.685569 1.043342 -3.581631 -4.669673 -8.186276 -1.121439 -4.0221 -8.187039 -1.294945 -4.684938 -8.07526 -1.148082 -4.67868 -0.9765009 -1.146468 -4.018008 -1.020473 -1.325765 -4.021977 -8.076466 -1.325786 -5.143667 -8.185688 -0.6474282 -5.170125 -8.074338 -0.6627703 -5.160954 -0.9440881 -0.6611615 -5.317135 -8.185466 -2.11612e-6 -5.347672 -8.073993 -2.10091e-6 -5.337181 -0.9321967 -1.22073e-6 -5.143667 -8.185688 0.6474239 -5.170125 -8.074338 0.662766 -5.160954 -0.9440883 0.661159 -4.669674 -8.186276 1.121435 -4.684939 -8.07526 1.148078 -4.678682 -0.9765006 1.146466 -4.022102 -8.187039 1.294941 -4.021979 -8.076466 1.325783 -4.01801 -1.020473 1.325763 -3.374557 -8.187754 1.121389 -3.358984 -8.077608 1.148131 -3.355374 -1.063816 1.149592 -2.900616 -8.188246 0.6473777 -2.873734 -8.078402 0.6628187 -2.869343 -1.094887 0.6641786 -2.727177 -8.188421 -7.42378e-7 -2.696158 -8.078685 -6.77284e-7 -2.691328 -1.106067 3.05455e-7 -2.900616 -8.188247 -0.6473792 -2.873734 -8.078402 -0.6628202 -2.869341 -1.094887 -0.6641779 -3.374555 -8.187754 -1.121391 -3.358983 -8.077608 -1.148134 -3.355372 -1.063816 -1.149592 -4.568511 -0.1557333 -1.145098 -3.930437 -0.3270365 -1.325701 -5.033694 -0.0305643 -0.6599877 -5.203604 0.01519262 -1.25539e-6 -5.033695 -0.03056442 0.6599856 -4.568511 -0.1557332 1.145096 -3.930438 -0.3270365 1.325699 -3.2887 -0.4985775 1.151567 -2.815955 -0.6241843 0.6665885 -2.642141 -0.6701404 3.40959e-7 -2.815954 -0.6241843 -0.6665878 -3.288697 -0.498578 -1.151567 -4.235089 0.6497296 -1.144944 -3.662732 0.3192779 -1.3257 -4.652168 0.8905326 -0.6597601 -4.804446 0.978451 -1.21195e-6 -4.652169 0.8905327 0.659758 -4.235089 0.64973 1.144942 -3.662733 0.3192786 1.325699 -3.087152 -0.01303958 1.151384 -2.66363 -0.2575783 0.6661948 -2.508137 -0.3473653 4.44837e-7 -2.663629 -0.2575787 -0.666194 -3.08715 -0.01304066 -1.151384 -3.704124 1.341695 -1.144943 -3.236796 0.8743658 -1.3257 -4.044668 1.68224 -0.6597578 -4.169001 1.806574 -1.13368e-6 -4.044668 1.68224 0.6597558 -3.704124 1.341696 1.144941 -3.236797 0.8743671 1.325699 -2.766837 0.4044055 1.151385 -2.421028 0.05859529 0.6661999 -2.294061 -0.06837129 5.57478e-7 -2.421026 0.05859446 -0.6661992 -2.766836 0.4044043 -1.151385 -3.012158 1.872657 -1.144944 -2.681708 1.3003 -1.3257 -3.25296 2.289737 -0.6597603 -3.340879 2.442015 -1.16739e-6 -3.25296 2.289737 0.659758 -3.012158 1.872657 1.144942 -2.681708 1.300302 1.325699 -2.349391 0.7247197 1.151384 -2.104854 0.3011971 0.6661946 -2.015067 0.1457037 4.98336e-7 -2.104853 0.301196 -0.666194 -2.34939 0.724718 -1.151384 -2.206705 2.206071 -1.145101 -2.035395 1.568003 -1.325701 -2.331883 2.671254 -0.6599917 -2.377645 2.841165 -1.29378e-6 -2.331883 2.671254 0.6599892 -2.206705 2.206072 1.145099 -2.035395 1.568005 1.325699 -1.863858 0.9262683 1.151569 -1.738262 0.4535203 0.666593 -1.692311 0.2797022 3.90397e-7 -1.738262 0.4535191 -0.6665924 -1.863858 0.9262663 -1.151569 -1.386916 2.316209 -1.146455 -1.341955 1.655549 -1.325765 -1.420054 2.798428 -0.6611292 -1.432211 2.974619 -1.45139e-6 -1.420054 2.798429 0.6611264 -1.386916 2.31621 1.146452 -1.341955 1.655551 1.325764 -1.297627 0.9929398 1.149552 -1.265841 0.5069907 0.6641169 -1.2544 0.3290275 2.90964e-7 -1.265841 0.5069895 -0.6641165 -1.297627 0.9929379 -1.149552 9.588057 2.353175 -1.148153 9.770348 2.338358 -1.121427 9.772846 1.690855 -1.294942 9.590849 1.690239 -1.325788 9.585999 2.838432 -0.6628614 9.768509 2.812317 -0.6474311 9.585242 3.01603 -3.29652e-6 9.767834 2.985782 -3.30624e-6 9.585999 2.838432 0.6628549 9.768509 2.812317 0.6474246 9.588057 2.353176 1.148146 9.770349 2.338359 1.121421 9.590849 1.690241 1.325782 9.772846 1.690857 1.294937 9.593619 1.027322 1.148119 9.775322 1.043347 1.121433 9.595631 0.5420978 0.6628277 9.777123 0.5693745 0.6474377 9.596364 0.3645159 -1.53085e-6 9.777778 0.3959024 -1.57477e-6 9.595631 0.5420966 -0.662831 9.777123 0.5693733 -0.6474411 9.593619 1.02732 -1.148123 9.775322 1.043345 -1.121438 -1.330638 2.315504 -1.14709 3.405667 2.333741 -1.148071 -1.290049 1.65434 -1.325775 3.424133 1.671328 -1.325787 -1.360486 2.798574 -0.6617552 3.392132 2.818511 -0.6627531 -1.371429 2.975171 -1.46418e-6 3.387174 2.995898 -2.3836e-6 -1.360486 2.798575 0.6617524 3.392132 2.818512 0.6627484 -1.330638 2.315505 1.147087 3.405668 2.333743 1.148066 -1.290048 1.654342 1.325773 3.424134 1.67133 1.325783 -1.249824 0.992003 1.148973 3.442569 1.008881 1.148129 -1.220747 0.5066743 0.6635829 3.456047 0.5240394 0.6628125 -1.210209 0.328996 2.81856e-7 3.460976 0.3466162 -6.23872e-7 -1.220747 0.5066731 -0.6635827 3.456047 0.5240382 -0.662814 -1.249824 0.9920011 -1.148974 3.442569 1.008879 -1.148132</float_array>
          <technique_common>
            <accessor source="#Cube_009-mesh-positions-array" count="672" stride="3">
              <param name="X" type="float"/>
              <param name="Y" type="float"/>
              <param name="Z" type="float"/>
            </accessor>
          </technique_common>
        </source>
        <source id="Cube_009-mesh-normals">
          <float_array id="Cube_009-mesh-normals-array" count="4032">-0.9658522 0.2590931 7.37441e-4 -0.706701 0.7075094 0.002056419 -0.258543 0.9659957 0.002829015 0.2585411 0.9659962 0.002829015 0.7066994 0.707511 0.0020563 0.9658516 0.2590955 7.37442e-4 0.9658522 -0.2590928 -7.16112e-4 0.7067024 -0.7075085 -0.001897275 0.2585434 -0.9659964 -0.002532362 -0.2585411 -0.965997 -0.002532362 -0.7067006 -0.7075102 -0.001897275 -0.9658511 -0.2590969 -7.1612e-4 -0.2593221 2.78943e-4 -0.9657909 -0.7078381 8.68902e-4 -0.7063743 -0.9660588 0.001282215 -0.2583193 -0.9660588 0.001282215 0.2583191 -0.7078399 8.63669e-4 0.7063724 -0.2593231 2.78944e-4 0.9657906 0.2593234 -2.40574e-4 0.9657905 0.7078478 -5.83048e-4 0.7063647 0.9660612 -7.52906e-4 0.2583125 0.9660616 -7.54471e-4 -0.258311 0.707849 -5.77747e-4 -0.7063635 0.2593249 -2.40573e-4 -0.9657901 -0.2571098 0.03384661 -0.9657893 -0.7015106 0.09524464 -0.7062659 -0.9569944 0.1322616 -0.2582031 -0.9569944 0.1322612 0.2582031 -0.7015119 0.09524554 0.7062644 -0.257111 0.03384733 0.965789 0.2572073 -0.03245484 0.9658111 0.7025114 -0.08493876 0.7065855 0.9592899 -0.113776 0.2584921 0.9592903 -0.1137763 -0.2584903 0.7025135 -0.08493757 -0.7065837 0.2572087 -0.03245449 -0.9658108 -0.2410406 0.0998429 -0.9653657 -0.6560821 0.2717596 -0.7040618 -0.8929083 0.3698559 -0.2567515 -0.8929087 0.3698561 0.2567501 -0.6560818 0.2717595 0.7040622 -0.2410416 0.09984302 0.9653654 0.241041 -0.09984278 0.9653656 0.6560801 -0.2717593 0.7040637 0.8929082 -0.3698562 0.2567514 0.8929073 -0.3698589 -0.2567512 0.6560823 -0.2717611 -0.704061 0.2410414 -0.09984326 -0.9653654 -0.2069858 0.1588267 -0.9653658 -0.5633898 0.4323062 -0.7040621 -0.766757 0.5883556 -0.2567522 -0.766757 0.5883558 0.256751 -0.5633894 0.4323058 0.7040626 -0.206987 0.1588271 0.9653654 0.2069858 -0.1588265 0.9653658 0.5633889 -0.4323053 0.7040633 0.7667571 -0.5883553 0.2567526 0.7667571 -0.5883559 -0.2567508 0.5633904 -0.4323065 -0.7040614 0.206987 -0.1588269 -0.9653655 -0.1588262 0.206986 -0.9653658 -0.4323048 0.5633902 -0.7040626 -0.5883542 0.7667581 -0.2567518 -0.588354 0.7667585 0.2567512 -0.4323047 0.5633907 0.7040622 -0.1588265 0.2069873 0.9653655 0.158826 -0.2069862 0.9653658 0.432304 -0.5633901 0.7040631 0.5883536 -0.7667581 0.2567529 0.5883541 -0.7667586 -0.2567506 0.4323046 -0.5633911 -0.704062 0.1588267 -0.206987 -0.9653655 -0.09984236 0.2410407 -0.9653658 -0.2717578 0.6560813 -0.7040634 -0.3698551 0.892909 -0.2567507 -0.3698552 0.892909 0.2567504 -0.2717581 0.6560822 0.7040624 -0.09984266 0.2410414 0.9653655 0.09984225 -0.2410402 0.9653659 0.2717577 -0.6560811 0.7040635 0.3698545 -0.8929088 0.2567519 0.3698547 -0.8929093 -0.2567501 0.271758 -0.656082 -0.7040625 0.09984242 -0.2410417 -0.9653654 -0.03510159 0.2583975 -0.9654008 -0.09725826 0.7031474 -0.7043612 -0.1331715 0.9571984 -0.2569762 -0.1331713 0.9571989 0.2569746 -0.09725821 0.7031486 0.7043601 -0.03510153 0.258399 0.9654003 0.03405487 -0.2586683 0.9653658 0.08888727 -0.7048117 0.7038036 0.1159037 -0.9595964 0.2564004 0.1159037 -0.9595967 -0.2563993 0.08888715 -0.7048133 -0.7038021 0.03405386 -0.2586694 -0.9653655 -8.20345e-4 0.259067 -0.965859 -0.0022825 0.7074675 -0.7067422 -0.003137648 0.9659873 -0.2585709 -0.003137588 0.9659876 0.2585694 -0.002282321 0.7074681 0.7067416 -8.20124e-4 0.2590683 0.9658587 7.99016e-4 -0.2590675 0.9658589 0.002123057 -0.7074705 0.7067398 0.002839863 -0.9659887 0.2585688 0.002839744 -0.9659894 -0.2585663 0.002122819 -0.7074718 -0.7067384 7.98748e-4 -0.2590692 -0.9658585 0.001051068 -0.2593039 -0.9657953 0.002794563 -0.7078151 -0.7063922 0.003738999 -0.9660496 -0.2583296 0.003739118 -0.9660492 0.2583314 0.002794802 -0.7078141 0.7063932 0.001051366 -0.2593023 0.9657956 -0.001078248 0.259302 0.9657957 -0.002998054 0.7078084 0.7063981 -0.004118919 0.9660466 0.2583352 -0.004119038 0.9660465 -0.2583356 -0.002998292 0.7078073 -0.7063992 -0.001078665 0.2593008 -0.9657961 0.9658783 -0.2589955 -7.37377e-4 0.7067822 -0.7074282 -0.002056181 0.2585904 -0.965983 -0.002829015 -0.2588227 -0.9659208 -0.002807319 -0.7071228 -0.7070879 -0.002012252 -0.9659423 -0.2587569 -7.1467e-4 -0.9659004 0.2589135 6.94902e-4 -0.7070388 0.7071724 0.0018543 -0.2587815 0.9659327 0.002510964 0.2585529 0.9659938 0.002531945 0.7067074 0.7075034 0.001896679 0.965841 0.2591347 7.15709e-4 0.2609652 -3.94162e-4 0.9653481 0.7087663 -0.001016318 0.7054426 0.966187 -0.001378953 0.2578392 0.965936 -0.001293957 -0.258778 0.7071731 -8.17207e-4 -0.70704 0.2588744 -2.01727e-4 -0.965911 -0.25884 2.95196e-4 -0.9659202 -0.7071539 5.78354e-4 -0.7070595 -0.9659351 6.98239e-4 -0.2587837 -0.9659613 7.07294e-4 0.2586859 -0.7070733 5.67979e-4 0.7071401 -0.257789 1.97867e-4 0.9662013 0.2613355 -0.03619778 0.9645692 0.7045478 -0.09840267 0.7028012 0.9572507 -0.1342441 0.2562221 0.9569981 -0.1331314 -0.2577416 0.702387 -0.09544479 -0.7053671 0.2587839 -0.03331786 -0.9653605 -0.2556393 0.03294837 -0.9662107 -0.7018826 0.08382129 -0.7073435 -0.9595661 0.1105602 -0.2588617 -0.9597297 0.1126478 0.2573505 -0.7032068 0.08682012 0.7056646 -0.255531 0.03280282 0.9662443 0.2439679 -0.101122 0.9644969 0.6575759 -0.2724769 0.7023891 0.8930768 -0.370015 0.2559347 0.8930774 -0.3699612 -0.2560108 0.657512 -0.272331 -0.7025054 0.2439255 -0.1010411 -0.964516 -0.2380482 0.0985164 -0.9662441 -0.6544217 0.2711166 -0.7058528 -0.8925312 0.3701344 -0.25766 -0.8925232 0.3701477 0.2576686 -0.6543181 0.2712017 0.705916 -0.2379429 0.0985623 0.9662654 0.2095261 -0.1607756 0.9644947 0.5647071 -0.4333167 0.7023836 0.7669297 -0.5884878 0.2559319 0.7669295 -0.5884884 -0.2559308 0.5647072 -0.4333172 -0.7023832 0.2095273 -0.1607764 -0.9644944 -0.2043824 0.1568281 -0.9662468 -0.5619806 0.431223 -0.7058502 -0.7665677 0.5882105 -0.2576479 -0.7665675 0.5882118 0.2576453 -0.5619818 0.4312245 0.7058483 -0.2043831 0.1568291 0.9662464 0.1607752 -0.2095268 0.9644946 0.433315 -0.5647073 0.7023843 0.5884861 -0.7669307 0.2559325 0.5884862 -0.7669309 -0.2559316 0.433315 -0.5647082 -0.7023836 0.1607758 -0.2095273 -0.9644944 -0.1568282 0.2043828 -0.9662467 -0.4312228 0.5619809 -0.7058501 -0.5882095 0.7665688 -0.257647 -0.5882096 0.7665693 0.257645 -0.4312231 0.5619819 0.7058492 -0.156829 0.2043834 0.9662464 0.1011226 -0.2439677 0.9644968 0.2724766 -0.6575746 0.7023904 0.3700155 -0.8930766 0.2559354 0.3699595 -0.8930769 -0.256015 0.2723294 -0.6575111 -0.7025069 0.10104 -0.2439244 -0.9645164 -0.09851443 0.238049 -0.9662441 -0.2711158 0.654422 -0.7058528 -0.3701348 0.8925309 -0.2576602 -0.3701498 0.8925222 0.2576692 -0.2712012 0.6543166 0.7059177 -0.09856086 0.237942 0.9662657 0.03622406 -0.2613275 0.9645703 0.09849244 -0.7045283 0.7028081 0.1343833 -0.9572299 0.2562268 0.1332552 -0.9569743 -0.257766 0.09549158 -0.7023408 -0.7054069 0.03329604 -0.2587373 -0.9653737 -0.03295993 0.2556625 -0.9662041 -0.08374011 0.7018962 -0.7073397 -0.1103939 0.9595853 -0.2588616 -0.1124821 0.9597504 0.2573461 -0.08673435 0.7032205 0.7056615 -0.03278654 0.2555345 0.9662439 8.23336e-4 -0.2588158 0.9659264 0.002283811 -0.707116 0.707094 0.003137767 -0.9659252 0.2588025 0.003114104 -0.9659246 -0.2588051 0.002235114 -0.7071146 -0.7070955 7.95393e-4 -0.2588052 -0.9659292 -7.76027e-4 0.2588586 -0.965915 -0.002080202 0.707136 -0.7070745 -0.002817869 0.9659282 -0.258795 -0.002840101 0.9659293 0.2587907 -0.002120077 0.7071359 0.7070746 -7.96711e-4 0.2588579 0.9659152 -9.3191e-4 0.257826 0.9661909 -0.002672493 0.7070739 0.7071346 -0.003629505 0.965954 0.2586889 -0.00364381 0.9659808 -0.2585881 -0.002742707 0.7074378 -0.7067704 -0.001103043 0.2590361 -0.965867 9.40815e-4 -0.2590655 -0.9658594 0.002876877 -0.7074484 -0.7067592 0.00411123 -0.9659802 -0.2585838 0.004208445 -0.9661701 0.2578716 0.00311625 -0.7087086 0.7054946 0.001197695 -0.2608912 0.9653675 0.001426339 3.83162e-4 -0.9999989 -0.001928806 -0.004015386 0.9999902 -0.9999933 -0.00365585 -3.88868e-4 0.001836001 0.001839518 -0.9999967 0.001015603 0.9999995 -6.71667e-5 -7.68804e-4 -0.003071486 0.9999951 7.80296e-4 0.00291723 -0.9999955 -0.999993 -0.003737688 -3.17939e-4 0.001291453 0.9999992 -5.75719e-5 -8.11488e-4 -0.00291723 0.9999954 -0.9999952 -0.003094553 -2.56045e-4 -7.79704e-4 0.00291723 -0.9999955 7.68204e-4 -0.003071486 0.999995 -0.001837193 0.001839518 -0.9999967 8.64478e-4 0.9999997 -5.75713e-5 -0.9999945 -0.003350198 -1.91688e-4 8.12088e-4 -0.002917289 0.9999954 -0.9999952 -0.003099322 2.5605e-4 -0.001428782 3.83164e-4 -0.999999 0.001201689 -0.004746556 0.999988 0.001138508 0.9999994 -5.6372e-5 0.001082777 0.9999995 1.91926e-5 -0.9999944 -0.003348946 1.91693e-4 1.43923e-5 -0.005945086 0.9999824 0.001928806 -0.004015326 0.9999901 -0.9999933 -0.003670215 3.88881e-4 8.64481e-4 0.9999997 5.75715e-5 -8.15087e-6 -2.57394e-6 -1 -0.9999918 -0.004054248 1.02519e-5 -0.999993 -0.00373286 3.21448e-4 0.00166583 0.001667559 -0.9999973 0.001082777 0.9999994 -1.91926e-5 0.001543641 -0.005533933 0.9999836 6.97532e-4 0.002610146 -0.9999964 0.001138508 0.9999994 5.2774e-5 0.001015603 0.9999996 6.59672e-5 -0.9999922 -0.00393933 4.39562e-4 -6.99331e-4 0.002610146 -0.9999964 -1.23157e-5 -0.005945026 0.9999824 -0.001542448 -0.005533933 0.9999836 -0.00166583 0.001667559 -0.9999973 0.001072466 0.9999995 -1.91927e-5 -0.9999918 -0.004051864 -1.02336e-5 9.6061e-6 -2.57394e-6 -1 -0.9999922 -0.00393933 -4.34765e-4 -0.001201689 -0.004745662 0.9999881 0.001291453 0.9999992 5.75713e-5 0.001072466 0.9999995 1.91927e-5 -0.2588607 5.35689e-4 0.9659146 -0.7071567 0.0015558 0.7070551 -0.9659333 0.001932978 0.2587838 -0.965936 0.001936018 -0.2587742 -0.7071588 0.001585364 -0.7070531 -0.258834 7.98201e-4 -0.9659215 0.2588772 -5.42959e-4 -0.9659102 0.7071506 -0.002195298 -0.7070596 0.9659325 -0.003448784 -0.2587711 0.9659234 -0.003630399 0.2588027 0.7071526 -0.002693474 0.7070559 0.2588511 -0.001042008 0.9659168 -7.96742e-4 0.2590466 0.9658645 -0.002122521 0.7074496 0.7067607 -0.00284022 0.9659854 0.2585812 -0.002818048 0.9659287 -0.2587932 -0.002078473 0.7071453 -0.7070652 -7.77172e-4 0.2588604 -0.9659145 7.96e-4 -0.2588152 -0.9659266 0.002235531 -0.7071204 -0.7070896 0.003113806 -0.9659247 -0.2588045 0.003137707 -0.9659852 0.2585786 0.002284884 -0.7074584 0.7067514 8.23531e-4 -0.2590674 0.9658589 0.001200675 -0.2609108 0.9653622 0.003117859 -0.7087221 0.7054809 0.004206299 -0.966172 0.257864 0.004111468 -0.9661713 -0.2578688 0.002880692 -0.7087184 -0.7054857 9.48526e-4 -0.2609099 -0.9653628 -0.001097559 0.2578142 -0.9661939 -0.002743661 0.7070716 -0.7071368 -0.003644108 0.9659533 -0.2586908 -0.00363028 0.9659538 0.2586897 -0.0026744 0.7070704 0.7071381 -9.33718e-4 0.2578125 0.9661946 0.2588199 -2.40092e-4 -0.9659256 0.7071073 -5.78228e-4 -0.7071061 0.9659258 -7.50775e-4 -0.2588182 0.9659258 -7.5087e-4 0.2588183 0.7071056 -5.78317e-4 0.7071078 0.2588178 -2.40298e-4 0.9659262 -0.2588196 2.78669e-4 0.9659257 -0.7071067 8.6631e-4 0.7071064 -0.9659247 0.001287341 0.25882 -0.9659247 0.001287341 -0.25882 -0.7071064 8.66597e-4 -0.7071067 -0.2588179 2.78956e-4 -0.9659261 0.9657701 -0.2593985 -7.37171e-4 0.7065101 -0.7077 -0.002056956 0.2584381 -0.9660237 -0.00282967 -0.2587495 -0.9659405 -0.002808034 -0.7069585 -0.7072522 -0.002013504 -0.9658451 -0.259119 -7.17123e-4 -0.9660146 0.2584865 6.91466e-4 -0.7072969 0.7069143 0.001851201 -0.2589183 0.965896 0.002509772 0.2585836 0.9659857 0.00253278 0.7068019 0.7074091 0.001898765 0.9659174 0.2588496 7.17356e-4 0.2581253 0.003909766 0.9661036 0.7071557 0.003514409 0.7070492 0.9659594 0.002243578 0.2586839 0.9660722 -4.21907e-4 -0.2582721 0.7077929 -0.003264129 -0.7064126 0.2590806 -0.004200041 -0.9658466 -0.2595493 -0.002548396 -0.9657266 -0.7079005 4.21804e-4 -0.7063122 -0.9660542 0.003033578 -0.2583217 -0.9661226 0.00452739 0.258044 -0.7083774 0.004840552 0.7058174 -0.2604169 0.004382193 0.9654864 0.255793 -0.03425681 0.9661244 0.7019102 -0.09631472 0.7057235 0.9571522 -0.1322278 0.2576345 0.9569658 -0.1316576 -0.2586172 0.7007246 -0.09507584 -0.7070685 0.2556407 -0.03412753 -0.9661693 -0.25856 0.03220421 -0.9654583 -0.7030722 0.08560127 -0.7059476 -0.9591534 0.1155848 -0.2581956 -0.959575 0.1179861 0.2555292 -0.706302 0.0903061 0.702127 -0.2614711 0.03496807 0.9645777 0.2385239 -0.09875488 0.9661024 0.6548553 -0.2711831 0.7054249 0.8927717 -0.3697373 0.2573966 0.8927417 -0.3697632 -0.2574638 0.6547331 -0.2712135 -0.7055268 0.2384488 -0.09876734 -0.9661197 -0.2437468 0.1010143 -0.964564 -0.6575941 0.272358 -0.7024182 -0.8931877 0.369749 -0.2559328 -0.8931903 0.3697297 0.2559515 -0.6575674 0.2722708 0.702477 -0.243705 0.1009443 0.9645819 0.204759 -0.1571178 0.96612 0.5622366 -0.4314205 0.7055257 0.7666062 -0.5882398 0.2574663 0.7666057 -0.5882405 -0.2574664 0.5622363 -0.4314207 -0.7055258 0.2047594 -0.1571183 -0.9661198 -0.2092726 0.1605809 -0.9645822 -0.5646286 0.433256 -0.702484 -0.7669219 0.5884842 -0.2559632 -0.7669241 0.5884833 0.2559592 -0.5646289 0.4332569 0.7024832 -0.2092735 0.1605812 0.964582 0.1571171 -0.2047592 0.9661201 0.4314193 -0.562236 0.7055269 0.5882384 -0.7666075 0.2574658 0.5882388 -0.7666075 -0.2574649 0.4314195 -0.5622377 -0.7055253 0.1571177 -0.2047602 -0.9661197 -0.1605805 0.2092725 -0.9645823 -0.4332551 0.5646293 -0.702484 -0.5884823 0.7669242 -0.2559612 -0.5884814 0.7669255 0.255959 -0.4332562 0.56463 0.7024829 -0.1605811 0.2092739 0.9645819 0.09875452 -0.2385251 0.9661022 0.271181 -0.654857 0.7054241 0.3697355 -0.8927721 0.2573977 0.3697608 -0.8927425 -0.2574641 0.2712128 -0.6547328 -0.7055271 0.09876728 -0.2384489 -0.9661197 -0.101014 0.2437472 -0.9645639 -0.2723582 0.657596 -0.7024163 -0.3697431 0.8931896 -0.2559345 -0.3697247 0.8931922 0.2559521 -0.2722684 0.6575686 0.7024767 -0.1009436 0.2437052 0.9645819 0.03426116 -0.2557926 0.9661244 0.09637558 -0.7018983 0.705727 0.132335 -0.9571365 0.257638 0.1317593 -0.9569485 -0.2586295 0.09512859 -0.7007076 -0.7070782 0.03414124 -0.2556535 -0.9661656 -0.03217637 0.2585123 -0.965472 -0.08551967 0.7030427 -0.7059868 -0.1154673 0.9591611 -0.2582198 -0.1178886 0.9595883 0.2555242 -0.09027522 0.7063103 0.7021227 -0.0349822 0.2614687 0.9645779 0.007782399 -0.2587958 0.9659007 0.009233772 -0.7073076 0.7068456 0.01008725 -0.9659262 0.2586211 0.01007348 -0.9658781 -0.2588012 0.009210824 -0.7070935 -0.7070601 0.007787644 -0.258867 -0.9658817 0.006228744 0.2587304 -0.9659296 0.004937708 0.7070402 -0.7071562 0.004201948 0.9659085 -0.2588497 0.004173934 0.9660071 0.2584823 0.004875659 0.7076265 0.70657 0.006180644 0.2593477 0.9657643 -0.001129448 0.2606155 0.9654421 -0.002873659 0.708472 0.705733 -0.003808915 0.9661343 0.258012 -0.003754079 0.9659867 -0.2585644 -0.002735555 0.7074767 -0.7067314 -9.72097e-4 0.2590806 -0.9658553 0.001119911 -0.2590562 -0.9658617 0.002984344 -0.7074611 -0.706746 0.004079103 -0.9659837 -0.258571 0.00406146 -0.9659357 0.2587507 0.002921342 -0.707004 0.7072036 0.001000106 -0.257885 0.9661751 -0.965854 0.2590863 7.36928e-4 -0.7067361 0.7074744 0.002056717 -0.2585684 0.9659888 0.00282979 0.2585679 0.965989 0.002829909 0.7067357 0.7074747 0.002056717 0.9658529 0.2590899 7.37e-4 0.9658686 -0.2590319 -7.1703e-4 0.7067668 -0.7074441 -0.001898169 0.258584 -0.9659855 -0.002532899 -0.2585821 -0.965986 -0.002532899 -0.7067643 -0.7074467 -0.001898169 -0.9658672 -0.2590368 -7.16969e-4 -0.2589066 1.48595e-4 -0.9659025 -0.7071961 7.84193e-4 -0.7070171 -0.9659401 0.001300752 -0.2587627 -0.9659401 0.001300752 0.2587628 -0.7071971 7.83847e-4 0.7070161 -0.2589082 1.48304e-4 0.9659019 0.2588219 -3.34365e-4 0.965925 0.7071515 -5.82226e-4 0.7070618 0.9659351 -6.69176e-4 0.2587841 0.9659349 -6.69137e-4 -0.2587839 0.707153 -5.82278e-4 -0.7070604 0.2588242 -3.34139e-4 -0.9659245 -0.2597298 0.03288954 -0.9651211 -0.7028791 0.09552264 -0.7048662 -0.9569959 0.1336475 -0.2574827 -0.9569962 0.1336456 0.2574829 -0.7028806 0.09552484 0.7048645 -0.2597309 0.03288978 0.9651207 0.2547528 -0.03342664 0.9664284 0.7015402 -0.08319407 0.7077571 0.9597699 -0.1082937 0.2590641 0.9597707 -0.1082928 -0.2590617 0.701541 -0.08319336 -0.7077565 0.2547543 -0.03342652 -0.9664279 -0.2455564 0.1017109 -0.9640317 -0.6583196 0.2726462 -0.7016263 -0.8931708 0.3700222 -0.2555963 -0.8931714 0.3700218 0.2555951 -0.6583196 0.2726456 0.7016265 -0.2455573 0.1017115 0.9640314 0.2361795 -0.0978254 0.9667727 0.6532902 -0.2709159 0.706977 0.8922458 -0.37045 0.258194 0.8922457 -0.3704514 -0.2581928 0.6532924 -0.2709159 -0.7069751 0.2361806 -0.0978257 -0.9667725 -0.2109733 0.1618863 -0.9639934 -0.5654548 0.4338899 -0.7014275 -0.767027 0.5885629 -0.2554674 -0.7670267 0.5885637 0.2554661 -0.5654544 0.43389 0.7014277 -0.2109739 0.1618865 0.9639931 0.2028917 -0.1556856 0.9667456 0.5611708 -0.4306025 0.7068727 0.766465 -0.5881196 0.2581608 0.7664652 -0.5881199 -0.2581593 0.5611711 -0.4306051 -0.7068707 0.2028927 -0.1556865 -0.9667452 -0.1618869 0.210974 -0.9639931 -0.4338905 0.5654557 -0.7014264 -0.5885621 0.767028 -0.2554662 -0.5885624 0.7670279 0.2554658 -0.4338905 0.5654561 0.7014261 -0.1618881 0.2109749 0.9639927 0.1556841 -0.2028921 0.9667457 0.4306002 -0.5611718 0.7068733 0.5881175 -0.7664664 0.2581612 0.5881186 -0.7664664 -0.2581586 0.4306002 -0.5611726 -0.7068726 0.1556848 -0.2028928 -0.9667454 -0.1018646 0.2456282 -0.9639971 -0.272897 0.6584158 -0.7014385 -0.3701157 0.8931676 -0.2554724 -0.3701155 0.8931678 0.2554719 -0.2728976 0.6584166 0.7014375 -0.1018647 0.2456293 0.9639968 0.0977413 -0.236345 0.9667408 0.2707551 -0.6534678 0.7068745 0.3704366 -0.8922548 0.2581825 0.3704375 -0.8922549 -0.2581811 0.270756 -0.6534681 -0.7068739 0.09774088 -0.2363465 -0.9667405 -0.03692209 0.262967 -0.9640981 -0.09924417 0.7052944 -0.7019333 -0.1351202 0.9572389 -0.2558049 -0.13512 0.9572391 0.2558046 -0.09924405 0.7052953 0.7019324 -0.03692162 0.2629684 0.9640977 0.03194957 -0.2537763 0.9667351 0.08521676 -0.7023512 0.7067114 0.109996 -0.959895 0.2578809 0.1099961 -0.9598954 -0.2578793 0.08521658 -0.7023525 -0.7067102 0.03194946 -0.2537779 -0.9667348 0.1605691 0.2560942 -0.9532226 0.1589378 0.6984823 -0.6977545 0.1580154 0.9538409 -0.2553796 0.1580157 0.9538409 0.2553795 0.1589373 0.6984819 0.697755 0.1605677 0.2560973 0.9532221 0.1624224 -0.2547932 0.9532573 0.163977 -0.6972461 0.6978248 0.1648373 -0.9526754 0.2554179 0.1648371 -0.9526758 -0.2554164 0.163976 -0.6972471 -0.6978241 0.1624225 -0.2547963 -0.9532565 9.2679e-4 -0.2578516 -0.9661842 0.002670109 -0.7070705 -0.7071381 0.003629088 -0.9659522 -0.2586956 0.003629207 -0.9659516 0.2586973 0.002670347 -0.707069 0.7071395 9.27108e-4 -0.2578501 0.9661845 -0.001203894 0.2608309 0.9653838 -0.00312066 0.7086592 0.705544 -0.004208266 0.9661626 0.2578994 -0.004208326 0.9661622 -0.2579011 -0.003120958 0.7086593 -0.705544 -0.001204192 0.260829 -0.9653843 0.03797334 0.01046878 0.9992239 -0.02683496 0.03306877 -0.9990928 0.9992368 -0.02565848 0.02945387 0.02688157 0.02722144 0.9992679 0.02783316 -0.9991938 0.02893525 0.01126158 -0.03685468 -0.9992572 0.009706974 0.03659564 0.9992831 0.9990685 0.03239327 -0.02851074 -0.04112589 -0.9990969 0.01067507 -0.009709775 0.04246509 -0.9990509 0.999273 -0.0365616 0.01080769 -0.01006823 0.03692817 0.9992673 -0.0114187 -0.03635436 -0.9992737 -0.02814108 0.02750331 0.9992256 0.03850322 -0.9992021 0.01061511 0.9990317 0.04274928 -0.01041203 0.01003956 0.04276651 -0.9990347 0.9992789 -0.03638386 -0.01086276 -0.03954595 0.009975612 0.999168 -0.03022009 -0.02395927 -0.9992561 -0.03038394 -0.9991135 0.02914333 -0.01166421 -0.9991496 -0.03954881 0.9990276 0.04285204 0.01037907 -0.03952348 -0.004335045 -0.9992093 0.02805274 0.03334057 -0.9990503 0.9992518 -0.02519309 -0.02934926 0.03855425 -0.9992003 -0.01059889 -0.04055196 -0.01146435 0.9991117 0.9991978 -0.006436765 -0.03952676 0.999056 0.03271478 0.02858144 -0.03018653 -0.03076785 0.9990707 -0.01180958 -0.9991427 0.03968006 0.03953474 0.01585185 -0.9990925 -0.01130831 -0.04204398 0.9990518 -0.03014105 -0.9991222 -0.02909421 0.02791935 -0.9991908 -0.0289545 0.999114 0.01444387 0.03952997 0.01104962 -0.0418058 0.9990647 0.0407781 -0.005701541 -0.999152 -0.03783732 0.01638352 -0.9991496 0.02996569 -0.0297771 0.9991073 0.009511768 -0.9991724 0.0395497 0.9991788 -0.00687623 0.03992998 0.0395345 -0.01035487 0.9991647 0.999131 0.0145986 -0.03904187 0.03052794 -0.0253334 -0.9992129 -0.04101824 -0.999101 -0.01071053 0.009491562 -0.9991734 -0.03953057 0.2495908 -0.2616459 -0.9323335 0.6821593 -0.2628586 -0.6823226 0.9318081 -0.2633965 -0.2497117 0.931806 -0.2633975 0.2497189 0.6821571 -0.2628601 0.6823241 0.2495889 -0.2616478 0.9323336 -0.2501997 -0.259868 0.9326676 -0.6833682 -0.2578746 0.6830145 -0.9336808 -0.2563174 0.2500834 -0.9336817 -0.2563152 -0.2500821 -0.6833657 -0.2578746 -0.6830169 -0.2501987 -0.2598688 -0.9326677 7.94171e-4 -0.2590054 -0.9658755 0.002121865 -0.7074235 -0.7067868 0.002840518 -0.9659817 -0.2585952 0.002840578 -0.9659811 0.258597 0.002122044 -0.707422 0.7067884 7.94422e-4 -0.2590036 0.965876 -8.26963e-4 0.2591017 0.9658498 -0.002287507 0.7074725 0.7067372 -0.003137648 0.9659873 0.2585706 -0.003137707 0.965987 -0.2585716 -0.002287685 0.7074717 -0.7067379 -8.2726e-4 0.2591007 -0.96585 -0.007613003 0.2614446 -0.9651886 -0.009148836 0.7090315 -0.7051175 -0.008770227 0.966198 -0.2576522 -0.00876975 0.9661979 0.2576528 -0.009147822 0.7090324 0.7051166 -0.007609844 0.2614464 0.965188 -0.006178081 -0.2573835 0.9662896 -0.00529319 -0.7068941 0.7072997 -0.003712952 -0.9659301 0.2587769 -0.003713548 -0.9659305 -0.2587749 -0.005293309 -0.7068962 -0.7072976 -0.006178796 -0.2573855 -0.9662892 -0.259786 -0.005985796 0.9656477 -0.7081164 -0.00563687 0.7060733 -0.9660872 -0.005525231 0.2581572 -0.9659051 -0.005571782 -0.2588366 -0.7070609 -0.005735874 -0.7071294 -0.2587947 -0.006053686 -0.9659134 0.2587839 -0.006545841 -0.9659131 0.7070495 -0.007106065 -0.7071284 0.9658914 -0.007505953 -0.258839 0.9660094 -0.007535696 0.2583971 0.7076321 -0.007160842 0.7065448 0.2589122 -0.00655508 0.9658787 -0.9659262 0.2588165 7.15334e-4 -0.7071088 0.707102 0.00201255 -0.2588205 0.9659214 0.002807378 0.2588202 0.9659215 0.002807497 0.7071083 0.7071024 0.00201255 0.9659265 0.2588156 7.15352e-4 0.9659268 -0.2588148 -6.94064e-4 0.7071086 -0.7071027 -0.001853644 0.2588208 -0.9659222 -0.002510905 -0.2588188 -0.9659227 -0.002510905 -0.7071088 -0.7071024 -0.001853704 -0.9659258 -0.2588185 -6.94072e-4 -0.2593255 3.1959e-4 -0.96579 -0.7078441 9.39059e-4 -0.7063681 -0.9660604 0.001322269 -0.2583134 -0.9660604 0.001319706 0.2583134 -0.7078453 9.3906e-4 0.7063669 -0.2593269 3.16971e-4 0.9657896 0.2593281 -2.78951e-4 0.9657893 0.7078534 -6.60328e-4 0.7063592 0.9660627 -7.94344e-4 0.2583069 0.9660632 -7.94344e-4 -0.2583048 0.7078558 -6.60327e-4 -0.7063567 0.259329 -2.7895e-4 -0.965789 -0.2584019 0.03508347 -0.9654003 -0.7031638 0.09718108 -0.7043554 -0.9572158 0.1330515 -0.2569733 -0.9572163 0.1330516 0.2569716 -0.7031634 0.09717994 0.704356 -0.2584028 0.035084 0.9654 0.258669 -0.03405243 0.9653657 0.7048025 -0.08893191 0.7038073 0.9595811 -0.1160212 0.2564043 0.9595816 -0.1160181 -0.2564043 0.704805 -0.08893251 -0.7038047 0.2586702 -0.03405243 -0.9653654 -0.2410403 0.09984284 -0.9653657 -0.6560822 0.2717596 -0.7040618 -0.8929079 0.3698564 -0.2567525 -0.8929083 0.3698563 0.2567507 -0.6560813 0.2717593 0.7040627 -0.2410417 0.09984296 0.9653655 0.2410402 -0.0998429 0.9653658 0.656081 -0.2717588 0.7040632 0.8929077 -0.3698565 0.2567526 0.8929077 -0.369858 -0.2567506 0.656082 -0.2717608 -0.7040615 0.2410416 -0.09984332 -0.9653654 -0.2069857 0.1588267 -0.9653657 -0.5633896 0.4323053 -0.7040627 -0.7667572 0.5883554 -0.2567517 -0.7667573 0.5883556 0.2567508 -0.5633901 0.4323055 0.7040622 -0.2069864 0.1588273 0.9653655 0.2069861 -0.1588266 0.9653658 0.5633893 -0.432305 0.7040632 0.7667563 -0.5883559 0.2567531 0.7667569 -0.5883561 -0.2567511 0.5633905 -0.4323046 -0.7040624 0.2069873 -0.158827 -0.9653654 -0.1588261 0.2069864 -0.9653658 -0.4323038 0.5633905 -0.7040629 -0.5883539 0.7667586 -0.2567511 -0.5883542 0.7667586 0.2567505 -0.4323043 0.5633909 0.7040623 -0.1588266 0.2069872 0.9653655 0.1588262 -0.2069863 0.9653658 0.432304 -0.5633899 0.7040633 0.5883539 -0.7667583 0.2567518 0.5883539 -0.7667589 -0.25675 0.4323044 -0.563391 -0.7040622 0.1588268 -0.2069875 -0.9653654 -0.09984236 0.2410404 -0.9653658 -0.2717583 0.6560815 -0.7040628 -0.3698549 0.8929088 -0.2567517 -0.3698547 0.8929089 0.2567512 -0.2717582 0.6560823 0.7040622 -0.09984278 0.2410418 0.9653654 0.09984213 -0.2410407 0.9653658 0.2717576 -0.6560813 0.7040634 0.3698552 -0.8929084 0.2567526 0.3698549 -0.8929091 -0.2567506 0.2717583 -0.6560826 -0.7040619 0.0998426 -0.241042 -0.9653654 -0.03384625 0.2570864 -0.9657956 -0.09529006 0.7014699 -0.7063001 -0.1323672 0.956973 -0.258228 -0.1323668 0.9569728 0.258229 -0.09528988 0.701471 0.7062991 -0.03384584 0.2570877 0.9657952 0.03243517 -0.2571872 0.9658171 0.08484983 -0.7024918 0.7066158 0.1136386 -0.9593005 0.2585127 0.1136386 -0.959301 -0.2585109 0.08484989 -0.7024933 -0.7066143 0.03243547 -0.257189 -0.9658167 -7.98242e-4 0.2588171 -0.9659261 -0.00223881 0.707103 -0.7071071 -0.00311625 0.9659213 -0.2588174 -0.00311619 0.9659212 0.2588179 -0.00223869 0.707104 0.7071061 -7.97976e-4 0.2588185 0.9659258 7.76785e-4 -0.2588172 0.9659261 0.002078831 -0.7071034 0.7071071 0.002818048 -0.9659216 0.2588197 0.002817988 -0.965922 -0.2588183 0.002078652 -0.7071045 -0.7071061 7.76516e-4 -0.2588185 -0.9659257 0.001022696 -0.2590618 -0.9658603 0.002738058 -0.7074599 -0.7067483 0.003711104 -0.9659845 -0.2585738 0.003711163 -0.9659841 0.2585753 0.002738296 -0.7074584 0.7067498 0.001022994 -0.2590599 0.9658607 -0.001050114 0.2590607 0.9658606 -0.002942323 0.7074554 0.706752 -0.00409168 0.9659819 0.2585777 -0.004091739 0.9659817 -0.2585783 -0.002942681 0.7074546 -0.7067527 -0.001050472 0.2590594 -0.9658609 0.9659426 -0.2587559 -7.14669e-4 0.7071239 -0.7070869 -0.002012193 0.2588234 -0.9659206 -0.002807438 -0.2585888 -0.9659833 -0.002829015 -0.706781 -0.7074295 -0.002056181 -0.9658778 -0.2589976 -7.37453e-4 -0.9658419 0.2591314 7.1571e-4 -0.7067107 0.7075002 0.001896619 -0.2585554 0.9659932 0.002531945 0.2587795 0.9659332 0.002510905 0.7070393 0.7071718 0.0018543 0.9658999 0.2589153 6.94984e-4 0.2588737 -2.02008e-4 0.9659113 0.7071722 -8.17538e-4 0.707041 0.965936 -0.001294076 0.258778 0.966187 -0.001378893 -0.2578392 0.7087682 -0.001016199 -0.7054408 0.2609664 -3.93863e-4 -0.9653478 -0.2577876 1.9814e-4 -0.9662016 -0.7070725 5.68089e-4 -0.7071409 -0.9659606 7.07074e-4 -0.2586888 -0.9659351 6.9831e-4 0.2587836 -0.7071552 5.78337e-4 0.7070581 -0.2588419 2.94935e-4 0.9659197 0.2587828 -0.03331792 0.9653608 0.7023852 -0.09544289 0.7053692 0.9569981 -0.1331321 0.2577415 0.9572512 -0.1342432 -0.2562206 0.7045474 -0.09840172 -0.7028016 0.2613365 -0.03619807 -0.9645689 -0.2555301 0.03280258 -0.9662445 -0.703204 0.08681923 -0.7056674 -0.9597293 0.1126516 -0.2573506 -0.9595668 0.1105601 0.2588589 -0.7018837 0.08381855 0.7073429 -0.2556408 0.03294855 0.9662103 0.2439247 -0.1010406 0.9645163 0.6575124 -0.272331 0.7025051 0.8930772 -0.3699606 0.2560123 0.8930773 -0.3700152 -0.2559333 0.6575757 -0.2724766 -0.7023894 0.2439689 -0.1011221 -0.9644965 -0.2379416 0.09856224 -0.9662657 -0.6543152 0.2712014 -0.7059189 -0.892524 0.3701457 -0.2576687 -0.892532 0.3701336 0.2576586 -0.6544228 0.2711183 0.7058511 -0.2380492 0.0985164 0.9662438 0.209526 -0.1607757 0.9644947 0.5647071 -0.4333168 0.7023835 0.7669293 -0.5884881 0.255932 0.7669296 -0.5884882 -0.2559314 0.5647068 -0.4333171 -0.7023836 0.2095265 -0.1607763 -0.9644946 -0.2043825 0.1568289 -0.9662467 -0.5619804 0.4312241 -0.7058498 -0.7665685 0.58821 -0.2576469 -0.7665685 0.5882108 0.257645 -0.5619801 0.4312245 0.7058498 -0.2043837 0.1568294 0.9662463 0.1607753 -0.2095263 0.9644947 0.433315 -0.5647083 0.7023835 0.5884863 -0.7669309 0.255932 0.5884866 -0.7669306 -0.2559319 0.4333157 -0.5647084 -0.7023832 0.1607757 -0.2095277 -0.9644944 -0.1568284 0.2043824 -0.9662468 -0.4312225 0.5619813 -0.70585 -0.5882083 0.7665695 -0.2576476 -0.5882094 0.7665696 0.2576449 -0.4312233 0.5619816 0.7058493 -0.1568292 0.2043837 0.9662463 0.1010405 -0.2439232 0.9645167 0.2723295 -0.6575105 0.7025073 0.3699597 -0.893077 0.2560143 0.3700154 -0.8930767 -0.2559345 0.2724769 -0.6575758 -0.7023891 0.1011228 -0.2439687 -0.9644964 -0.09856092 0.2379406 -0.966266 -0.2712011 0.6543149 -0.7059193 -0.3701488 0.8925222 -0.2576705 -0.3701349 0.8925315 0.2576583 -0.2711163 0.6544228 0.7058518 -0.09851497 0.2380502 0.9662438 0.03329652 -0.2587358 0.9653742 0.09549158 -0.7023403 0.7054074 0.1332549 -0.9569739 0.2577676 0.1343833 -0.9572299 -0.2562268 0.09849256 -0.7045289 -0.7028075 0.0362243 -0.2613292 -0.9645699 -0.03278684 0.2555331 -0.9662442 -0.08673453 0.7032193 -0.7056627 -0.1124821 0.9597499 -0.2573479 -0.1103937 0.9595859 0.2588597 -0.08374023 0.7018975 0.7073383 -0.03295934 0.255664 0.9662037 7.97331e-4 -0.2588085 0.9659284 0.002236068 -0.7071138 0.7070963 0.003114283 -0.9659235 0.258809 0.003137826 -0.9659238 -0.2588077 0.002283871 -0.7071301 -0.7070798 8.21465e-4 -0.2588163 -0.9659263 -7.97428e-4 0.2588578 -0.9659152 -0.00212115 0.7071384 -0.707072 -0.00284034 0.9659281 -0.2587953 -0.002817988 0.9659287 0.2587934 -0.002079248 0.7071444 0.7070661 -7.76027e-4 0.2588622 0.965914 -0.001102685 0.2590377 0.9658666 -0.002742469 0.7074391 0.7067691 -0.003643691 0.9659813 0.2585864 -0.003629624 0.9659534 -0.2586907 -0.002672731 0.7070724 -0.7071362 -9.32367e-4 0.2578247 -0.9661913 0.001197397 -0.2608931 -0.965367 0.003116011 -0.7087092 -0.7054938 0.004208326 -0.9661704 -0.2578703 0.004111289 -0.9659801 0.2585839 0.002877175 -0.7074486 0.7067591 9.41262e-4 -0.2590642 0.9658597 1.02002e-5 4.73606e-4 -0.9999999 -9.51611e-4 -0.004501581 0.9999895 -0.9999944 -0.003290355 -5.79152e-4 8.65082e-4 0.001357793 -0.9999988 8.9904e-4 0.9999997 -1.16086e-4 -7.39585e-4 -0.002610146 0.9999964 5.56432e-4 0.002579391 -0.9999966 -0.9999939 -0.003482282 -4.44458e-4 0.001353025 0.9999991 -5.00386e-5 -5.92384e-4 -0.003243207 0.9999946 -0.9999957 -0.002938151 -2.45349e-4 -5.56432e-4 0.002579391 -0.9999966 7.39585e-4 -0.002610146 0.9999964 -8.65079e-4 0.001357734 -0.9999988 7.96495e-4 0.9999998 -5.40418e-5 -0.9999948 -0.003234207 -1.85563e-4 5.92383e-4 -0.003243148 0.9999946 -0.9999957 -0.002932906 2.45354e-4 -8.01305e-6 4.73603e-4 -1 0.001748383 -0.003637015 0.9999919 0.001254618 0.9999993 -1.20089e-4 0.001119017 0.9999994 7.90492e-5 -0.9999948 -0.003226757 1.85565e-4 0.001372992 -0.00504142 0.9999864 9.52611e-4 -0.00450164 0.9999895 -0.9999945 -0.003273367 5.79157e-4 7.96496e-4 0.9999997 5.40418e-5 0.001109719 7.45251e-4 -0.9999991 -0.9999929 -0.003760516 4.45229e-4 -0.9999939 -0.003475248 4.45848e-4 8.20457e-4 0.001248836 -0.9999989 0.001119077 0.9999994 -8.005e-5 -8.00541e-6 -0.005434691 0.9999853 5.14414e-4 0.002332031 -0.9999972 0.001254618 0.9999992 1.24092e-4 8.99044e-4 0.9999996 1.2009e-4 -0.9999924 -0.003910422 -1.02173e-5 -5.13414e-4 0.002332031 -0.9999972 -0.001372992 -0.005040764 0.9999864 1.07104e-5 -0.005434691 0.9999852 -8.22963e-4 0.001248836 -0.9999989 0.001036822 0.9999995 -6.50406e-5 -0.9999929 -0.00376451 -4.45226e-4 -0.001114249 7.45248e-4 -0.9999992 -0.9999924 -0.003910422 1.02287e-5 -0.001747369 -0.003637194 0.9999919 0.001353025 0.9999991 5.00386e-5 0.001036822 0.9999995 7.20451e-5 -0.2588351 8.05264e-4 0.9659212 -0.7071453 0.001585304 0.7070665 -0.965936 0.001921713 0.2587742 -0.9659333 0.001932978 -0.2587838 -0.707142 0.001541614 -0.7070699 -0.2588453 5.35661e-4 -0.9659187 0.2588513 -0.001042008 -0.9659166 0.7071528 -0.002693474 -0.7070557 0.9659234 -0.003619074 -0.2588027 0.9659325 -0.003448784 0.2587711 0.7071503 -0.002195298 0.7070599 0.258876 -5.42959e-4 0.9659105 -7.76891e-4 0.258862 0.965914 -0.002078294 0.7071467 0.7070639 -0.002817988 0.9659291 0.2587917 -0.00284028 0.965985 -0.2585828 -0.0021227 0.7074483 -0.7067619 -7.96996e-4 0.2590448 -0.965865 8.2327e-4 -0.2590689 -0.9658586 0.002284705 -0.7074584 -0.7067513 0.003137588 -0.9659855 -0.2585776 0.003113865 -0.9659245 0.2588055 0.00223577 -0.70712 0.7070901 7.96248e-4 -0.2588136 0.965927 9.48525e-4 -0.2609075 0.9653634 0.00288254 -0.7087178 0.7054862 0.004111647 -0.9661712 0.257869 0.004206359 -0.9661725 -0.2578627 0.003114223 -0.7087228 -0.7054802 0.00119698 -0.2609128 -0.9653617 -9.29983e-4 0.2578114 -0.9661949 -0.002672553 0.707068 -0.7071406 -0.003630518 0.9659532 -0.2586915 -0.003644108 0.9659538 0.2586892 -0.002739965 0.7070719 0.7071363 -0.001101315 0.2578162 0.9661934 0.2593226 -2.79277e-4 -0.9657908 0.7078462 -6.56958e-4 -0.7063663 0.9660614 -7.90072e-4 -0.2583116 0.9660609 -7.90111e-4 0.2583134 0.7078446 -6.56951e-4 0.7063679 0.2593217 -2.79552e-4 0.9657911 -0.2593205 3.17588e-4 0.9657914 -0.7078367 9.43343e-4 0.7063755 -0.9660585 0.001325488 0.2583203 -0.9660584 0.001325607 -0.2583202 -0.7078354 9.43441e-4 -0.7063769 -0.2593191 3.17861e-4 -0.9657917 0.9658463 -0.259115 -7.17192e-4 0.7069597 -0.707251 -0.002013385 0.2587499 -0.9659404 -0.002808094 -0.2584376 -0.9660239 -0.00282967 -0.7065094 -0.7077008 -0.002056896 -0.9657695 -0.259401 -7.37181e-4 -0.9659169 0.2588516 7.17423e-4 -0.7068037 0.7074073 0.001898765 -0.2585859 0.965985 0.00253278 0.2589166 0.9658964 0.002509772 0.7072966 0.7069146 0.00185126 0.9660134 0.2584912 6.91465e-4 0.2590788 -0.004200041 0.9658471 0.7077908 -0.003262639 0.7064146 0.9660722 -4.27168e-4 0.2582721 0.9659594 0.00225681 -0.2586839 0.707157 0.003520965 -0.7070479 0.2581266 0.003909766 -0.9661032 -0.2604159 0.004383683 -0.9654866 -0.708374 0.004840552 -0.7058207 -0.9661223 0.004533052 -0.2580448 -0.9660548 0.003036677 0.2583196 -0.7079023 4.17193e-4 0.7063103 -0.2595502 -0.002546966 0.9657263 0.2556394 -0.03412675 0.9661697 0.7007232 -0.09507423 0.7070699 0.9569656 -0.1316584 0.2586172 0.9571527 -0.1322278 -0.2576327 0.7019097 -0.09631329 -0.7057241 0.2557935 -0.03425735 -0.9661243 -0.2614701 0.03496855 -0.9645779 -0.7062991 0.09030586 -0.70213 -0.9595749 0.1179862 -0.2555294 -0.9591535 0.1155839 0.2581954 -0.703075 0.08560144 0.7059448 -0.2585604 0.03220403 0.9654582 0.2384477 -0.09876716 0.96612 0.6547334 -0.271214 0.7055262 0.892741 -0.3697636 0.2574656 0.8927719 -0.3697381 -0.2573949 0.6548546 -0.2711826 -0.7054258 0.2385248 -0.09875494 -0.9661023 -0.2437037 0.1009438 -0.9645822 -0.6575661 0.2722716 -0.7024778 -0.8931905 0.3697278 -0.2559536 -0.893188 0.3697483 0.2559327 -0.6575962 0.2723609 0.702415 -0.2437474 0.1010142 0.9645639 0.2047588 -0.1571177 0.9661201 0.5622364 -0.431421 0.7055255 0.766606 -0.5882397 0.2574672 0.7666067 -0.5882398 -0.2574648 0.5622365 -0.4314215 -0.7055251 0.2047597 -0.1571181 -0.9661198 -0.2092719 0.1605807 -0.9645824 -0.5646286 0.4332562 -0.702484 -0.766924 0.5884825 -0.2559611 -0.7669219 0.5884853 0.2559608 -0.5646296 0.4332566 0.7024828 -0.2092726 0.1605814 0.9645821 0.1571172 -0.2047594 0.96612 0.4314193 -0.562238 0.7055252 0.5882384 -0.766607 0.2574672 0.5882381 -0.7666074 -0.2574669 0.4314194 -0.5622366 -0.7055263 0.1571176 -0.2047601 -0.9661198 -0.1605805 0.2092726 -0.9645823 -0.433255 0.564629 -0.7024844 -0.5884812 0.7669245 -0.2559628 -0.5884826 0.766924 0.2559607 -0.433255 0.5646299 0.7024836 -0.1605811 0.2092729 0.9645822 0.09876668 -0.2384476 0.96612 0.2712129 -0.6547324 0.7055276 0.3697611 -0.8927421 0.2574653 0.3697357 -0.8927721 -0.2573978 0.2711808 -0.654858 -0.7054232 0.09875482 -0.2385265 -0.9661017 -0.1009436 0.2437037 -0.9645823 -0.272268 0.6575673 -0.7024781 -0.3697242 0.8931919 -0.2559537 -0.3697431 0.89319 0.2559327 -0.2723588 0.6575974 0.7024148 -0.1010141 0.2437484 0.9645637 0.03414195 -0.2556521 0.9661658 0.09512847 -0.7007067 0.707079 0.1317591 -0.9569485 0.2586295 0.1323348 -0.9571365 -0.2576378 0.09637564 -0.7018991 -0.7057262 0.03426116 -0.2557944 -0.9661239 -0.03498256 0.2614673 -0.9645783 -0.0902754 0.706309 -0.7021239 -0.1178886 0.9595878 -0.2555264 -0.1154673 0.9591615 0.2582181 -0.08551967 0.7030438 0.7059857 -0.03217625 0.2585143 0.9654715 0.007787883 -0.2588656 0.9658821 0.009211063 -0.7070931 0.7070605 0.0100736 -0.9658777 0.2588025 0.01008719 -0.9659263 -0.258621 0.009233593 -0.7073084 -0.7068449 0.007782101 -0.2587971 -0.9659005 0.006180346 0.259346 -0.9657647 0.004875481 0.7076253 -0.7065711 0.004173874 0.9660067 -0.2584837 0.004202008 0.965909 0.2588478 0.004937887 0.7070416 0.7071547 0.006229102 0.2587319 0.9659292 -9.71708e-4 0.2590824 0.9658548 -0.002735257 0.7074776 0.7067305 -0.00375396 0.9659872 0.2585631 -0.003808975 0.9661337 -0.2580142 -0.002873897 0.7084704 -0.7057347 -0.001129746 0.2606139 -0.9654425 9.99791e-4 -0.2578865 -0.9661748 0.002921044 -0.7070047 -0.7072029 0.004061341 -0.9659359 -0.2587499 0.004079222 -0.9659835 0.2585719 0.002984642 -0.7074608 0.7067463 0.001120209 -0.2590552 0.965862 -0.9659119 0.2588701 7.15214e-4 -0.7070614 0.7071494 0.00201267 -0.2587912 0.9659293 0.002808034 0.2587901 0.9659295 0.002807974 0.7070611 0.7071496 0.002012729 0.9659122 0.2588691 7.15167e-4 0.965929 -0.2588065 -6.94233e-4 0.7070945 -0.7071167 -0.001853704 0.2588084 -0.9659255 -0.002510964 -0.2588063 -0.9659261 -0.002510964 -0.7070928 -0.7071184 -0.001853704 -0.9659289 -0.2588068 -6.94229e-4 -0.2618833 4.50189e-4 -0.9650995 -0.7092837 0.001071333 -0.7049224 -0.9662578 0.001419425 -0.2575733 -0.9662578 0.001419484 0.2575733 -0.7092853 0.001071155 0.7049208 -0.261884 4.49896e-4 0.9650993 0.256931 -1.41861e-4 0.9664298 0.7066408 -5.11128e-4 0.7075723 0.9659049 -6.57693e-4 0.2588968 0.9659055 -6.57909e-4 -0.2588942 0.7066417 -5.10989e-4 -0.7075715 0.2569316 -1.41603e-4 -0.9664297 -0.2629727 0.03690797 -0.9640972 -0.705314 0.09915679 -0.701926 -0.9572618 0.1349684 -0.2558 -0.9572621 0.1349681 0.2557985 -0.7053136 0.0991559 0.7019265 -0.2629739 0.0369082 0.9640967 0.2537755 -0.03195863 0.9667351 0.7023353 -0.08531486 0.7067154 0.9598715 -0.1101921 0.2578848 0.9598721 -0.11019 -0.2578834 0.7023372 -0.0853157 -0.7067134 0.2537766 -0.03195887 -0.9667348 -0.2456293 0.1018628 -0.963997 -0.6584175 0.2728957 -0.7014373 -0.8931685 0.370114 -0.2554717 -0.8931686 0.3701146 0.2554703 -0.6584173 0.272895 0.7014378 -0.2456303 0.101863 0.9639968 0.236344 -0.09774339 0.9667409 0.6534672 -0.2707561 0.7068747 0.8922575 -0.3704307 0.2581821 0.8922577 -0.370431 -0.2581806 0.6534686 -0.2707567 -0.7068731 0.2363452 -0.09774333 -0.9667406 -0.2109734 0.1618874 -0.9639932 -0.5654547 0.4338918 -0.7014263 -0.7670266 0.588564 -0.255466 -0.7670269 0.5885636 0.2554657 -0.5654545 0.4338926 0.701426 -0.2109741 0.1618883 0.9639929 0.2028921 -0.155685 0.9667456 0.5611713 -0.4306012 0.706873 0.7664656 -0.5881186 0.2581613 0.7664643 -0.5881214 -0.2581584 0.561172 -0.4306008 -0.7068727 0.202893 -0.1556856 -0.9667453 -0.1618854 0.2109736 -0.9639934 -0.4338883 0.5654556 -0.7014279 -0.5885608 0.7670282 -0.2554681 -0.5885606 0.7670285 0.2554677 -0.4338884 0.565456 0.7014274 -0.1618858 0.2109747 0.9639931 0.1556857 -0.2028921 0.9667454 0.4306015 -0.5611717 0.7068726 0.5881177 -0.7664664 0.2581611 0.5881177 -0.7664669 -0.2581589 0.4306022 -0.5611723 -0.7068716 0.1556866 -0.202893 -0.9667451 -0.1017096 0.2455541 -0.9640324 -0.2726441 0.6583167 -0.7016298 -0.3700221 0.8931702 -0.2555986 -0.3700223 0.8931704 0.2555977 -0.2726441 0.6583173 0.7016292 -0.1017103 0.2455553 0.964032 0.09782391 -0.2361783 0.9667732 0.2709164 -0.6532889 0.706978 0.3704569 -0.8922429 0.2581947 0.3704575 -0.8922431 -0.258193 0.2709165 -0.6532907 -0.7069764 0.09782451 -0.2361796 -0.9667729 -0.03287816 0.2597087 -0.9651271 -0.09559267 0.7028541 -0.7048817 -0.1337916 0.9569727 -0.2574938 -0.1337916 0.956973 0.2574931 -0.09559267 0.7028545 0.7048813 -0.03287792 0.2597103 0.9651268 0.03344112 -0.2547691 0.9664235 0.08311468 -0.7015606 0.7077462 0.108109 -0.9597925 0.2590577 0.1081088 -0.959793 -0.2590559 0.08311468 -0.701562 -0.7077449 0.03344005 -0.2547705 -0.9664232 0.1606866 0.2560576 -0.9532127 0.1590725 0.6984372 -0.6977689 0.1580762 0.9538273 -0.2553927 0.1580753 0.9538272 0.2553938 0.1590711 0.698438 0.6977685 0.1606866 0.2560569 0.9532128 0.1624681 -0.254807 0.9532458 0.1639631 -0.697242 0.6978322 0.1648229 -0.9526764 0.2554236 0.1648207 -0.9526782 -0.2554183 0.1639638 -0.6972434 -0.6978307 0.1624674 -0.254809 -0.9532454 0.001104831 -0.2589972 -0.9658775 0.002742767 -0.7074137 -0.7067944 0.003643691 -0.9659776 -0.2586001 0.00364381 -0.9659771 0.2586019 0.002743065 -0.7074123 0.7067959 0.001105248 -0.2589957 0.965878 -9.35765e-4 0.2590989 0.9658504 -0.002870142 0.7074636 0.7067439 -0.004106402 0.965982 0.258577 -0.004106581 0.9659819 -0.2585771 -0.00287044 0.7074627 -0.7067449 -9.36151e-4 0.2590979 -0.9658507 0.03954404 0.009975731 0.999168 -0.0280528 0.03334057 -0.9990503 0.9992519 -0.02518761 0.02934932 0.02814209 0.02750331 0.9992255 0.02792179 -0.9991908 0.02895247 0.0114187 -0.03635448 -0.9992738 0.01006823 0.03692817 0.9992673 0.9990561 0.0327093 -0.02858334 -0.04101848 -0.9991011 0.01071059 -0.01003909 0.04276651 -0.9990347 0.9992788 -0.0363866 0.01086282 -0.009706914 0.03659558 0.9992831 -0.01126158 -0.03685486 -0.9992572 -0.02688294 0.02722144 0.9992679 0.03855413 -0.9992004 0.01059883 0.9990277 0.04284924 -0.01037913 0.009708404 0.04246491 -0.9990508 0.999273 -0.0365616 -0.01080757 -0.03797262 0.0104686 0.999224 -0.03052884 -0.02533364 -0.9992128 -0.03014111 -0.9991222 0.02909284 -0.01180952 -0.9991425 -0.03968393 0.9990313 0.04275709 0.01041203 -0.04077816 -0.005701184 -0.999152 0.02683496 0.03306877 -0.9990928 0.9992368 -0.02565848 -0.02945387 0.0385006 -0.9992023 -0.0106123 -0.03953599 -0.01035499 0.9991646 0.9991789 -0.00687623 -0.03992998 0.9990688 0.03238552 0.02850943 -0.02996635 -0.02977716 0.9991073 -0.01166433 -0.9991495 0.03955179 0.03783595 0.01638358 -0.9991497 -0.01104962 -0.04180586 0.9990647 -0.030384 -0.9991134 -0.02914142 0.02783316 -0.9991937 -0.02893793 0.999131 0.0146014 0.03903937 0.01130837 -0.04204392 0.9990519 0.03952336 -0.004334986 -0.9992094 -0.03953468 0.01585179 -0.9990925 0.03018558 -0.03076779 0.9990708 0.009491503 -0.9991732 0.0395345 0.9991978 -0.006439566 0.03952676 0.04055392 -0.01146435 0.9991117 0.999114 0.01444482 -0.03952997 0.0302214 -0.02395969 -0.999256 -0.04112613 -0.999097 -0.01067513 0.009511828 -0.9991724 -0.0395497 0.249475 -0.2604339 -0.9327038 0.6822103 -0.2621634 -0.6825391 0.9318584 -0.2631621 -0.2497713 0.9318587 -0.2631644 0.2497676 0.6822033 -0.2621676 0.6825444 0.2494735 -0.2604347 0.932704 -0.2505568 -0.2583587 0.932991 -0.6837618 -0.2565971 0.6831017 -0.9338343 -0.2558102 0.2500296 -0.9338315 -0.2558194 -0.2500304 -0.6837627 -0.2565951 -0.6831015 -0.2505567 -0.2583577 -0.9329912 7.77442e-4 -0.2588645 -0.9659133 0.002077996 -0.707151 -0.7070596 0.002817988 -0.9659299 -0.2587886 0.002818048 -0.9659295 0.2587901 0.002078175 -0.7071498 0.7070608 7.77758e-4 -0.258863 0.9659138 -7.93574e-4 0.2588195 0.9659254 -0.002231895 0.7071263 0.7070838 -0.003111004 0.9659255 0.2588016 -0.003111124 0.9659255 -0.2588015 -0.002232193 0.7071251 -0.707085 -7.93864e-4 0.258818 -0.9659259 0.005912363 0.2612316 -0.9652581 9.21011e-4 0.7087869 -0.7054222 -0.005080997 0.9661547 -0.2579136 -0.005080699 0.9661549 0.2579131 9.22489e-4 0.7087875 0.7054215 0.005912899 0.2612334 0.9652577 0.006647229 -0.2575201 0.9662501 0.003412306 -0.7070447 0.7071607 -6.90639e-4 -0.9659752 0.2586339 -6.90397e-4 -0.9659754 -0.2586335 0.003411173 -0.707047 -0.7071584 0.006650745 -0.2575211 -0.9662498 -0.2587963 -0.006053924 0.9659129 -0.7070627 -0.005735993 0.7071276 -0.9659051 -0.005571901 0.2588365 -0.9660866 -0.00552541 -0.2581592 -0.7081145 -0.005636811 -0.7060752 -0.2597848 -0.005985498 -0.965648 0.2589135 -0.006554782 -0.9658784 0.7076336 -0.007160544 -0.7065433 0.9660094 -0.007535874 -0.2583971 0.9658913 -0.007506012 0.2588391 0.707049 -0.007106304 0.7071288 0.2587823 -0.006546139 0.9659135</float_array>
          <technique_common>
            <accessor source="#Cube_009-mesh-normals-array" count="1344" stride="3">
              <param name="X" type="float"/>
              <param name="Y" type="float"/>
              <param name="Z" type="float"/>
            </accessor>
          </technique_common>
        </source>
        <source id="Cube_009-mesh-map-0">
          <float_array id="Cube_009-mesh-map-0-array" count="8064">1 1 0.9374999 0.9166666 0.9375 1 1 0.08333331 0.9375 0 0.9375 0.08333331 1 0.1666666 0.9375 0.08333331 0.9375 0.1666666 0.9375 0.25 1 0.1666666 0.9375 0.1666666 0.9375001 0.3333334 1 0.25 0.9375 0.25 0.9374999 0.4166666 1 0.3333333 0.9375001 0.3333334 0.9375 0.5 1 0.4166666 0.9374999 0.4166666 0.9375 0.5833333 1 0.5 0.9375 0.5 0.9375 0.6666667 1 0.5833333 0.9375 0.5833333 1 0.75 0.9375 0.6666667 0.9374999 0.75 1 0.8333333 0.9374999 0.75 0.9375 0.8333333 1 0.9166667 0.9375 0.8333333 0.9374999 0.9166666 0.1234526 1 0.125 0.9166667 0.1234526 0.9166668 0.1234526 0.08333331 0.125 0 0.1234526 0 0.1234526 0.1666666 0.125 0.08333331 0.1234526 0.08333331 0.125 0.25 0.1234526 0.1666666 0.1234526 0.25 0.125 0.3333333 0.1234526 0.25 0.1234526 0.3333334 0.125 0.4166666 0.1234526 0.3333334 0.1234526 0.4166667 0.125 0.5 0.1234526 0.4166667 0.1234526 0.5 0.125 0.5833333 0.1234526 0.5 0.1234526 0.5833333 0.125 0.6666667 0.1234526 0.5833333 0.1234526 0.6666668 0.1234526 0.75 0.125 0.6666667 0.1234526 0.6666668 0.1234526 0.8333334 0.125 0.75 0.1234526 0.75 0.1234526 0.9166668 0.125 0.8333333 0.1234526 0.8333334 0.125 1 0.25 0.9166667 0.125 0.9166667 0.125 0.08333331 0.25 0 0.125 0 0.125 0.1666666 0.25 0.08333331 0.125 0.08333331 0.25 0.25 0.125 0.1666666 0.125 0.25 0.25 0.3333333 0.125 0.25 0.125 0.3333333 0.25 0.4166666 0.125 0.3333333 0.125 0.4166666 0.25 0.5 0.125 0.4166666 0.125 0.5 0.25 0.5833333 0.125 0.5 0.125 0.5833333 0.25 0.6666667 0.125 0.5833333 0.125 0.6666667 0.125 0.75 0.25 0.6666667 0.125 0.6666667 0.125 0.8333333 0.25 0.75 0.125 0.75 0.125 0.9166667 0.25 0.8333333 0.125 0.8333333 0.375 1 0.25 0.9166667 0.25 1 0.375 0.08333331 0.25 0 0.25 0.08333331 0.375 0.1666666 0.25 0.08333331 0.25 0.1666666 0.25 0.25 0.375 0.1666666 0.25 0.1666666 0.25 0.3333333 0.375 0.25 0.25 0.25 0.25 0.4166666 0.375 0.3333333 0.25 0.3333333 0.25 0.5 0.375 0.4166666 0.25 0.4166666 0.25 0.5833333 0.375 0.5 0.25 0.5 0.25 0.6666667 0.375 0.5833333 0.25 0.5833333 0.375 0.75 0.25 0.6666667 0.25 0.75 0.375 0.8333333 0.25 0.75 0.25 0.8333333 0.375 0.9166667 0.25 0.8333333 0.25 0.9166667 0.5 1 0.375 0.9166667 0.375 1 0.375 0.08333331 0.5 0 0.375 0 0.5 0.1666666 0.375 0.08333331 0.375 0.1666666 0.5 0.25 0.375 0.1666666 0.375 0.25 0.375 0.3333333 0.5 0.25 0.375 0.25 0.375 0.4166666 0.5 0.3333333 0.375 0.3333333 0.375 0.5 0.5 0.4166666 0.375 0.4166666 0.375 0.5833333 0.5 0.5 0.375 0.5 0.375 0.6666667 0.5 0.5833333 0.375 0.5833333 0.5 0.75 0.375 0.6666667 0.375 0.75 0.375 0.8333333 0.5 0.75 0.375 0.75 0.5 0.9166667 0.375 0.8333333 0.375 0.9166667 0.5 1 0.625 0.9166667 0.5 0.9166667 0.625 0.08333331 0.5 0 0.5 0.08333331 0.5 0.1666666 0.625 0.08333331 0.5 0.08333331 0.625 0.25 0.5 0.1666666 0.5 0.25 0.5 0.3333333 0.625 0.25 0.5 0.25 0.625 0.4166666 0.5 0.3333333 0.5 0.4166666 0.625 0.5 0.5 0.4166666 0.5 0.5 0.625 0.5833333 0.5 0.5 0.5 0.5833333 0.5 0.6666667 0.625 0.5833333 0.5 0.5833333 0.5 0.75 0.625 0.6666667 0.5 0.6666667 0.625 0.8333333 0.5 0.75 0.5 0.8333333 0.5 0.9166667 0.625 0.8333333 0.5 0.8333333 0.625 1 0.75 0.9166667 0.625 0.9166667 0.75 0.08333331 0.625 0 0.625 0.08333331 0.75 0.1666666 0.625 0.08333331 0.625 0.1666666 0.625 0.25 0.75 0.1666666 0.625 0.1666666 0.625 0.3333333 0.75 0.25 0.625 0.25 0.75 0.4166666 0.625 0.3333333 0.625 0.4166666 0.75 0.5 0.625 0.4166666 0.625 0.5 0.625 0.5833333 0.75 0.5 0.625 0.5 0.75 0.6666667 0.625 0.5833333 0.625 0.6666667 0.625 0.75 0.75 0.6666667 0.625 0.6666667 0.75 0.8333333 0.625 0.75 0.625 0.8333333 0.75 0.9166667 0.625 0.8333333 0.625 0.9166667 0.875 1 0.75 0.9166667 0.75 1 0.875 0.08333331 0.75 0 0.75 0.08333331 0.875 0.1666666 0.75 0.08333331 0.75 0.1666666 0.75 0.25 0.875 0.1666666 0.75 0.1666666 0.75 0.3333333 0.875 0.25 0.75 0.25 0.75 0.4166666 0.875 0.3333333 0.75 0.3333333 0.75 0.5 0.875 0.4166666 0.75 0.4166666 0.75 0.5833333 0.875 0.5 0.75 0.5 0.75 0.6666667 0.875 0.5833333 0.75 0.5833333 0.875 0.75 0.75 0.6666667 0.75 0.75 0.875 0.8333333 0.75 0.75 0.75 0.8333333 0.875 0.9166667 0.75 0.8333333 0.75 0.9166667 1 1 0.9374999 0.9166666 0.9375 1 1 0.08333331 0.9375 0 0.9375 0.08333331 1 0.1666666 0.9375 0.08333331 0.9375 0.1666666 0.9375 0.25 1 0.1666666 0.9375 0.1666666 0.9375001 0.3333334 1 0.25 0.9375 0.25 0.9374999 0.4166666 1 0.3333333 0.9375001 0.3333334 0.9375 0.5 1 0.4166666 0.9374999 0.4166666 0.9375 0.5833333 1 0.5 0.9375 0.5 0.9375 0.6666667 1 0.5833333 0.9375 0.5833333 1 0.75 0.9375 0.6666667 0.9374999 0.75 1 0.8333333 0.9374999 0.75 0.9375 0.8333333 1 0.9166667 0.9375 0.8333333 0.9374999 0.9166666 0.9374999 0.9166666 0.875 0.8333333 0.875 0.9166667 0.9375 0.8333333 0.875 0.75 0.875 0.8333333 0.9374999 0.75 0.875 0.6666667 0.875 0.75 0.875 0.6666667 0.9375 0.5833333 0.875 0.5833333 0.875 0.5833333 0.9375 0.5 0.875 0.5 0.875 0.5 0.9374999 0.4166666 0.875 0.4166666 0.875 0.4166666 0.9375001 0.3333334 0.875 0.3333333 0.875 0.3333333 0.9375 0.25 0.875 0.25 0.875 0.25 0.9375 0.1666666 0.875 0.1666666 0.9375 0.1666666 0.875 0.08333331 0.875 0.1666666 0.9375 0.08333331 0.875 0 0.875 0.08333331 0.9375 1 0.875 0.9166667 0.875 1 0.9374999 0.9166666 1 1 0.9375 1 0.9375 0 1 0.08333331 0.9375 0.08333331 0.9375 0.08333331 1 0.1666666 0.9375 0.1666666 0.9375 0.25 1 0.1666666 1 0.25 0.9375001 0.3333334 1 0.25 1 0.3333333 0.9374999 0.4166666 1 0.3333333 1 0.4166666 0.9375 0.5 1 0.4166666 1 0.5 0.9375 0.5833333 1 0.5 1 0.5833333 0.9375 0.6666667 1 0.5833333 1 0.6666667 0.9375 0.6666667 1 0.75 0.9374999 0.75 0.9374999 0.75 1 0.8333333 0.9375 0.8333333 0.9375 0.8333333 1 0.9166667 0.9374999 0.9166666 0.001303076 1 0.125 0.9166667 0.125 1 0.001303076 0.08333331 0.125 0 0.125 0.08333331 0.001303136 0.1666666 0.125 0.08333331 0.125 0.1666666 0.001303136 0.1666666 0.125 0.25 0.001303076 0.25 0.001303076 0.25 0.125 0.3333333 0.001303076 0.3333333 0.001303076 0.3333333 0.125 0.4166666 0.001303076 0.4166666 0.001303076 0.4166666 0.125 0.5 0.001303136 0.5 0.001303136 0.5 0.125 0.5833333 0.001303136 0.5833333 0.001303136 0.5833333 0.125 0.6666667 0.001303076 0.6666667 0.001303136 0.75 0.125 0.6666667 0.125 0.75 0.001303136 0.8333334 0.125 0.75 0.125 0.8333333 0.001303076 0.9166667 0.125 0.8333333 0.125 0.9166667 0.125 1 0.25 0.9166667 0.25 1 0.125 0.08333331 0.25 0 0.25 0.08333331 0.125 0.1666666 0.25 0.08333331 0.25 0.1666666 0.125 0.1666666 0.25 0.25 0.125 0.25 0.125 0.25 0.25 0.3333333 0.125 0.3333333 0.125 0.3333333 0.25 0.4166666 0.125 0.4166666 0.125 0.4166666 0.25 0.5 0.125 0.5 0.125 0.5 0.25 0.5833333 0.125 0.5833333 0.125 0.5833333 0.25 0.6666667 0.125 0.6666667 0.125 0.75 0.25 0.6666667 0.25 0.75 0.125 0.8333333 0.25 0.75 0.25 0.8333333 0.125 0.9166667 0.25 0.8333333 0.25 0.9166667 0.25 1 0.375 0.9166667 0.375 1 0.25 0.08333331 0.375 0 0.375 0.08333331 0.25 0.1666666 0.375 0.08333331 0.375 0.1666666 0.25 0.1666666 0.375 0.25 0.25 0.25 0.25 0.25 0.375 0.3333333 0.25 0.3333333 0.25 0.3333333 0.375 0.4166666 0.25 0.4166666 0.25 0.5 0.375 0.4166666 0.375 0.5 0.25 0.5833333 0.375 0.5 0.375 0.5833333 0.25 0.6666667 0.375 0.5833333 0.375 0.6666667 0.25 0.6666667 0.375 0.75 0.25 0.75 0.25 0.75 0.375 0.8333333 0.25 0.8333333 0.25 0.8333333 0.375 0.9166667 0.25 0.9166667 0.375 0.9166667 0.5 1 0.375 1 0.375 0.08333331 0.5 0 0.5 0.08333331 0.375 0.1666666 0.5 0.08333331 0.5 0.1666666 0.375 0.1666666 0.5 0.25 0.375 0.25 0.375 0.3333333 0.5 0.25 0.5 0.3333333 0.375 0.4166666 0.5 0.3333333 0.5 0.4166666 0.375 0.4166666 0.5 0.5 0.375 0.5 0.375 0.5 0.5 0.5833333 0.375 0.5833333 0.375 0.6666667 0.5 0.5833333 0.5 0.6666667 0.375 0.6666667 0.5 0.75 0.375 0.75 0.375 0.75 0.5 0.8333333 0.375 0.8333333 0.375 0.8333333 0.5 0.9166667 0.375 0.9166667 0.5 1 0.625 0.9166667 0.625 1 0.5 0.08333331 0.625 0 0.625 0.08333331 0.5 0.08333331 0.625 0.1666666 0.5 0.1666666 0.5 0.25 0.625 0.1666666 0.625 0.25 0.5 0.3333333 0.625 0.25 0.625 0.3333333 0.5 0.3333333 0.625 0.4166666 0.5 0.4166666 0.5 0.4166666 0.625 0.5 0.5 0.5 0.5 0.5 0.625 0.5833333 0.5 0.5833333 0.5 0.6666667 0.625 0.5833333 0.625 0.6666667 0.5 0.75 0.625 0.6666667 0.625 0.75 0.5 0.75 0.625 0.8333333 0.5 0.8333333 0.5 0.9166667 0.625 0.8333333 0.625 0.9166667 0.625 0.9166667 0.75 1 0.625 1 0.625 0 0.75 0.08333331 0.625 0.08333331 0.625 0.08333331 0.75 0.1666666 0.625 0.1666666 0.625 0.25 0.75 0.1666666 0.75 0.25 0.625 0.3333333 0.75 0.25 0.75 0.3333333 0.625 0.4166666 0.75 0.3333333 0.75 0.4166666 0.625 0.4166666 0.75 0.5 0.625 0.5 0.625 0.5 0.75 0.5833333 0.625 0.5833333 0.625 0.5833333 0.75 0.6666667 0.625 0.6666667 0.625 0.75 0.75 0.6666667 0.75 0.75 0.625 0.8333333 0.75 0.75 0.75 0.8333333 0.625 0.9166667 0.75 0.8333333 0.75 0.9166667 0.75 0.9166667 0.875 1 0.75 1 0.75 0 0.875 0.08333331 0.75 0.08333331 0.75 0.08333331 0.875 0.1666666 0.75 0.1666666 0.75 0.25 0.875 0.1666666 0.875 0.25 0.75 0.3333333 0.875 0.25 0.875 0.3333333 0.75 0.4166666 0.875 0.3333333 0.875 0.4166666 0.75 0.5 0.875 0.4166666 0.875 0.5 0.75 0.5833333 0.875 0.5 0.875 0.5833333 0.75 0.6666667 0.875 0.5833333 0.875 0.6666667 0.75 0.6666667 0.875 0.75 0.75 0.75 0.75 0.75 0.875 0.8333333 0.75 0.8333333 0.75 0.8333333 0.875 0.9166667 0.75 0.9166667 0.9990122 0.9166666 1 1 0.9990123 1 0.9990123 0 1 0.08333331 0.9990122 0.08333331 0.9990122 0.08333331 1 0.1666666 0.9990123 0.1666666 0.9990122 0.25 1 0.1666666 1 0.25 0.9990124 0.3333333 1 0.25 1 0.3333333 0.9990123 0.4166666 1 0.3333333 1 0.4166666 0.9990122 0.5 1 0.4166666 1 0.5 0.9990122 0.5833333 1 0.5 1 0.5833333 0.9990122 0.6666666 1 0.5833333 1 0.6666667 0.9990122 0.6666666 1 0.75 0.9990122 0.75 0.9990122 0.75 1 0.8333333 0.9990124 0.8333334 0.9990124 0.8333334 1 0.9166667 0.9990122 0.9166666 0.8756787 0.8333333 0.9374999 0.9166666 0.8756788 0.9166668 0.8756787 0.7499999 0.9375 0.8333333 0.8756787 0.8333333 0.8756788 0.6666666 0.9374999 0.75 0.8756787 0.7499999 0.8756788 0.6666666 0.9375 0.5833333 0.9375 0.6666667 0.8756787 0.5833333 0.9375 0.5 0.9375 0.5833333 0.8756787 0.5 0.9374999 0.4166666 0.9375 0.5 0.8756787 0.4166666 0.9375001 0.3333334 0.9374999 0.4166666 0.8756787 0.3333333 0.9375 0.25 0.9375001 0.3333334 0.8756787 0.25 0.9375 0.1666666 0.9375 0.25 0.8756787 0.08333331 0.9375 0.1666666 0.8756787 0.1666666 0.8756787 0 0.9375 0.08333331 0.8756787 0.08333331 0.8756788 0.9166668 0.9375 1 0.8756787 1 0.9375001 0.3333334 0.9374999 0.4166666 0.9375001 0.3333334 1 0.08333331 1 0 1 0.08333331 1 0.5833333 1 0.5 1 0.5 0.9375 0.25 0.9375001 0.3333334 0.9375 0.25 0 0.5 0 0.5833333 0 0.5 1 0.6666667 1 0.5833333 1 0.5833333 0.9375 0.1666666 0.9375 0.25 0.9375 0.1666666 1 0.08333331 1 0 1 0 0 0.1666666 0 0.25 0 0.25 1 0.1666666 1 0.08333331 1 0.1666666 1 0.6666667 1 0.5833333 1 0.5833333 0.9375 0.08333331 0.9375 0.1666666 0.9375 0.1666666 1 0.75 1 0.6666667 1 0.75 0.9375 0 0.9375 0.08333331 0.9375 0.08333331 0 0.5833333 0 0.6666667 0 0.5833333 1 0.1666666 1 0.08333331 1 0.08333331 1 0.25 1 0.1666666 1 0.1666666 1 0.75 1 0.6666667 1 0.75 0.9374999 0.9166666 0.9375 1 0.9375 1 1 0.8333333 1 0.75 1 0.8333333 0 0.25 0 0.3333333 0 0.3333333 0 0.9166667 0 1 0 0.9166667 1 0.25 1 0.1666666 1 0.25 1 0.9166667 1 0.8333333 1 0.9166667 1 0.3333333 1 0.25 1 0.25 1 0.8333333 1 0.75 1 0.8333333 0 0.6666667 0 0.75 0 0.75 0.9375 0.8333333 0.9374999 0.9166666 0.9374999 0.9166666 1 0.9166667 1 0.8333333 1 0.9166667 1 0.3333333 1 0.25 1 0.3333333 0.9374999 0.75 0.9375 0.8333333 0.9374999 0.75 0 0.3333333 0 0.4166666 0 0.4166666 1 0.4166666 1 0.3333333 1 0.3333333 0.9375 0.6666667 0.9374999 0.75 0.9375 0.6666667 0 0 0 0.08333331 0 0 0 0.75 0 0.8333333 0 0.8333333 1 0.4166666 1 0.3333333 1 0.3333333 0.9375 0.5833333 0.9375 0.6666667 0.9375 0.6666667 1 0.5 1 0.4166666 1 0.4166666 1 1 1 0.9166667 1 1 0.9375 0.5 0.9375 0.5833333 0.9375 0.5833333 0 0.4166666 0 0.5 0 0.4166666 1 0.5 1 0.4166666 1 0.4166666 0.9374999 0.4166666 0.9375 0.5 0.9374999 0.4166666 1 1 1 0.9166667 1 1 1 0.5833333 1 0.5 1 0.5 0 0.08333331 0 0.1666666 0 0.08333331 0 0.8333333 0 0.9166667 0 0.9166667 0 0.8333333 0.001303076 0.9166667 0 0.9166667 0 0.75 0.001303136 0.8333334 0 0.8333333 0 0.6666667 0.001303136 0.75 0 0.75 0 0.6666667 0.001303136 0.5833333 0.001303076 0.6666667 0 0.5833333 0.001303136 0.5 0.001303136 0.5833333 0 0.5 0.001303076 0.4166666 0.001303136 0.5 0 0.4166666 0.001303076 0.3333333 0.001303076 0.4166666 0 0.3333333 0.001303076 0.25 0.001303076 0.3333333 0 0.25 0.001303136 0.1666666 0.001303076 0.25 0 0.08333331 0.001303136 0.1666666 0 0.1666666 0 0 0.001303076 0.08333331 0 0.08333331 0 0.9166667 0.001303076 1 0 1 0.9375 0.8333333 0.9990122 0.9166666 0.9374999 0.9166666 0.9374999 0.75 0.9990124 0.8333334 0.9375 0.8333333 0.9375 0.6666667 0.9990122 0.75 0.9374999 0.75 0.9375 0.6666667 0.9990122 0.5833333 0.9990122 0.6666666 0.9375 0.5833333 0.9990122 0.5 0.9990122 0.5833333 0.9375 0.5 0.9990123 0.4166666 0.9990122 0.5 0.9374999 0.4166666 0.9990124 0.3333333 0.9990123 0.4166666 0.9375001 0.3333334 0.9990122 0.25 0.9990124 0.3333333 0.9375 0.25 0.9990123 0.1666666 0.9990122 0.25 0.9375 0.08333331 0.9990123 0.1666666 0.9375 0.1666666 0.9375 0 0.9990122 0.08333331 0.9375 0.08333331 0.9374999 0.9166666 0.9990123 1 0.9375 1 0.875 0.9166667 0.8756787 1 0.875 1 0.875 0 0.8756787 0.08333331 0.875 0.08333331 0.875 0.08333331 0.8756787 0.1666666 0.875 0.1666666 0.875 0.25 0.8756787 0.1666666 0.8756787 0.25 0.875 0.3333333 0.8756787 0.25 0.8756787 0.3333333 0.875 0.4166666 0.8756787 0.3333333 0.8756787 0.4166666 0.875 0.5 0.8756787 0.4166666 0.8756787 0.5 0.875 0.5833333 0.8756787 0.5 0.8756787 0.5833333 0.875 0.6666667 0.8756787 0.5833333 0.8756788 0.6666666 0.875 0.6666667 0.8756787 0.7499999 0.875 0.75 0.875 0.75 0.8756787 0.8333333 0.875 0.8333333 0.875 0.8333333 0.8756788 0.9166668 0.875 0.9166667 0 0.9166667 0.1234526 0.8333334 0 0.8333333 0 0.8333333 0.1234526 0.75 0 0.75 0 0.75 0.1234526 0.6666668 0 0.6666667 0.1234526 0.6666668 0 0.5833333 0 0.6666667 0.1234526 0.5833333 0 0.5 0 0.5833333 0.1234526 0.5 0 0.4166666 0 0.5 0.1234526 0.4166667 0 0.3333333 0 0.4166666 0.1234526 0.3333334 0 0.25 0 0.3333333 0.1234526 0.25 0 0.1666666 0 0.25 0 0.1666666 0.1234526 0.08333331 0 0.08333331 0 0.08333331 0.1234526 0 0 0 0 1 0.1234526 0.9166668 0 0.9166667 0.9374999 0.9166666 1 1 0.9375 1 0.9375 0 1 0.08333331 0.9375 0.08333331 0.9375 0.08333331 1 0.1666666 0.9375 0.1666666 0.9375 0.25 1 0.1666666 1 0.25 0.9375001 0.3333334 1 0.25 1 0.3333333 0.9374999 0.4166666 1 0.3333333 1 0.4166666 0.9375 0.5 1 0.4166666 1 0.5 0.9375 0.5833333 1 0.5 1 0.5833333 0.9375 0.6666667 1 0.5833333 1 0.6666667 0.9375 0.6666667 1 0.75 0.9374999 0.75 0.9374999 0.75 1 0.8333333 0.9375 0.8333333 0.9375 0.8333333 1 0.9166667 0.9374999 0.9166666 0.1234526 1 0.125 0.9166667 0.125 1 0.1234526 0.08333331 0.125 0 0.125 0.08333331 0.1234526 0.1666666 0.125 0.08333331 0.125 0.1666666 0.1234526 0.1666666 0.125 0.25 0.1234526 0.25 0.1234526 0.25 0.125 0.3333333 0.1234526 0.3333334 0.1234526 0.3333334 0.125 0.4166666 0.1234526 0.4166667 0.1234526 0.4166667 0.125 0.5 0.1234526 0.5 0.1234526 0.5 0.125 0.5833333 0.1234526 0.5833333 0.1234526 0.5833333 0.125 0.6666667 0.1234526 0.6666668 0.1234526 0.75 0.125 0.6666667 0.125 0.75 0.1234526 0.8333334 0.125 0.75 0.125 0.8333333 0.1234526 0.9166668 0.125 0.8333333 0.125 0.9166667 0.125 1 0.25 0.9166667 0.25 1 0.125 0.08333331 0.25 0 0.25 0.08333331 0.125 0.1666666 0.25 0.08333331 0.25 0.1666666 0.125 0.1666666 0.25 0.25 0.125 0.25 0.125 0.25 0.25 0.3333333 0.125 0.3333333 0.125 0.3333333 0.25 0.4166666 0.125 0.4166666 0.125 0.4166666 0.25 0.5 0.125 0.5 0.125 0.5 0.25 0.5833333 0.125 0.5833333 0.125 0.5833333 0.25 0.6666667 0.125 0.6666667 0.125 0.75 0.25 0.6666667 0.25 0.75 0.125 0.8333333 0.25 0.75 0.25 0.8333333 0.125 0.9166667 0.25 0.8333333 0.25 0.9166667 0.25 0.9166667 0.375 1 0.25 1 0.25 0 0.375 0.08333331 0.25 0.08333331 0.25 0.08333331 0.375 0.1666666 0.25 0.1666666 0.25 0.25 0.375 0.1666666 0.375 0.25 0.25 0.3333333 0.375 0.25 0.375 0.3333333 0.25 0.4166666 0.375 0.3333333 0.375 0.4166666 0.25 0.4166666 0.375 0.5 0.25 0.5 0.25 0.5 0.375 0.5833333 0.25 0.5833333 0.25 0.5833333 0.375 0.6666667 0.25 0.6666667 0.25 0.75 0.375 0.6666667 0.375 0.75 0.25 0.8333333 0.375 0.75 0.375 0.8333333 0.25 0.9166667 0.375 0.8333333 0.375 0.9166667 0.375 0.9166667 0.5 1 0.375 1 0.375 0.08333331 0.5 0 0.5 0.08333331 0.375 0.08333331 0.5 0.1666666 0.375 0.1666666 0.375 0.25 0.5 0.1666666 0.5 0.25 0.375 0.25 0.5 0.3333333 0.375 0.3333333 0.375 0.4166666 0.5 0.3333333 0.5 0.4166666 0.375 0.5 0.5 0.4166666 0.5 0.5 0.375 0.5 0.5 0.5833333 0.375 0.5833333 0.375 0.6666667 0.5 0.5833333 0.5 0.6666667 0.375 0.6666667 0.5 0.75 0.375 0.75 0.375 0.75 0.5 0.8333333 0.375 0.8333333 0.375 0.8333333 0.5 0.9166667 0.375 0.9166667 0.5 0.9166667 0.625 1 0.5 1 0.5 0.08333331 0.625 0 0.625 0.08333331 0.5 0.1666666 0.625 0.08333331 0.625 0.1666666 0.5 0.25 0.625 0.1666666 0.625 0.25 0.5 0.25 0.625 0.3333333 0.5 0.3333333 0.5 0.4166666 0.625 0.3333333 0.625 0.4166666 0.5 0.4166666 0.625 0.5 0.5 0.5 0.5 0.5 0.625 0.5833333 0.5 0.5833333 0.5 0.6666667 0.625 0.5833333 0.625 0.6666667 0.5 0.75 0.625 0.6666667 0.625 0.75 0.5 0.75 0.625 0.8333333 0.5 0.8333333 0.5 0.9166667 0.625 0.8333333 0.625 0.9166667 0.625 1 0.75 0.9166667 0.75 1 0.625 0.08333331 0.75 0 0.75 0.08333331 0.625 0.1666666 0.75 0.08333331 0.75 0.1666666 0.625 0.1666666 0.75 0.25 0.625 0.25 0.625 0.25 0.75 0.3333333 0.625 0.3333333 0.625 0.3333333 0.75 0.4166666 0.625 0.4166666 0.625 0.5 0.75 0.4166666 0.75 0.5 0.625 0.5833333 0.75 0.5 0.75 0.5833333 0.625 0.6666667 0.75 0.5833333 0.75 0.6666667 0.625 0.6666667 0.75 0.75 0.625 0.75 0.625 0.75 0.75 0.8333333 0.625 0.8333333 0.625 0.8333333 0.75 0.9166667 0.625 0.9166667 0.75 0.9166667 0.875 1 0.75 1 0.75 0 0.875 0.08333331 0.75 0.08333331 0.75 0.08333331 0.875 0.1666666 0.75 0.1666666 0.75 0.25 0.875 0.1666666 0.875 0.25 0.75 0.3333333 0.875 0.25 0.875 0.3333333 0.75 0.4166666 0.875 0.3333333 0.875 0.4166666 0.75 0.5 0.875 0.4166666 0.875 0.5 0.75 0.5833333 0.875 0.5 0.875 0.5833333 0.75 0.6666667 0.875 0.5833333 0.875 0.6666667 0.75 0.6666667 0.875 0.75 0.75 0.75 0.75 0.75 0.875 0.8333333 0.75 0.8333333 0.75 0.8333333 0.875 0.9166667 0.75 0.9166667 0.9374999 0.9166666 1 1 0.9375 1 0.9375 0 1 0.08333331 0.9375 0.08333331 0.9375 0.08333331 1 0.1666666 0.9375 0.1666666 0.9375 0.25 1 0.1666666 1 0.25 0.9375001 0.3333334 1 0.25 1 0.3333333 0.9374999 0.4166666 1 0.3333333 1 0.4166666 0.9375 0.5 1 0.4166666 1 0.5 0.9375 0.5833333 1 0.5 1 0.5833333 0.9375 0.6666667 1 0.5833333 1 0.6666667 0.9375 0.6666667 1 0.75 0.9374999 0.75 0.9374999 0.75 1 0.8333333 0.9375 0.8333333 0.9375 0.8333333 1 0.9166667 0.9374999 0.9166666 0.875 0.8333333 0.9374999 0.9166666 0.875 0.9166667 0.875 0.75 0.9375 0.8333333 0.875 0.8333333 0.875 0.6666667 0.9374999 0.75 0.875 0.75 0.875 0.6666667 0.9375 0.5833333 0.9375 0.6666667 0.875 0.5833333 0.9375 0.5 0.9375 0.5833333 0.875 0.5 0.9374999 0.4166666 0.9375 0.5 0.875 0.4166666 0.9375001 0.3333334 0.9374999 0.4166666 0.875 0.3333333 0.9375 0.25 0.9375001 0.3333334 0.875 0.25 0.9375 0.1666666 0.9375 0.25 0.875 0.08333331 0.9375 0.1666666 0.875 0.1666666 0.875 0 0.9375 0.08333331 0.875 0.08333331 0.875 0.9166667 0.9375 1 0.875 1 1 1 0.9374999 0.9166666 0.9375 1 1 0.08333331 0.9375 0 0.9375 0.08333331 1 0.1666666 0.9375 0.08333331 0.9375 0.1666666 0.9375 0.25 1 0.1666666 0.9375 0.1666666 0.9375001 0.3333334 1 0.25 0.9375 0.25 0.9374999 0.4166666 1 0.3333333 0.9375001 0.3333334 0.9375 0.5 1 0.4166666 0.9374999 0.4166666 0.9375 0.5833333 1 0.5 0.9375 0.5 0.9375 0.6666667 1 0.5833333 0.9375 0.5833333 1 0.75 0.9375 0.6666667 0.9374999 0.75 1 0.8333333 0.9374999 0.75 0.9375 0.8333333 1 0.9166667 0.9375 0.8333333 0.9374999 0.9166666 0.001303076 1 0.125 0.9166667 0.001303076 0.9166667 0.001303076 0.08333331 0.125 0 0.001303076 0 0.001303136 0.1666666 0.125 0.08333331 0.001303076 0.08333331 0.125 0.25 0.001303136 0.1666666 0.001303076 0.25 0.125 0.3333333 0.001303076 0.25 0.001303076 0.3333333 0.125 0.4166666 0.001303076 0.3333333 0.001303076 0.4166666 0.125 0.5 0.001303076 0.4166666 0.001303136 0.5 0.125 0.5833333 0.001303136 0.5 0.001303136 0.5833333 0.125 0.6666667 0.001303136 0.5833333 0.001303076 0.6666667 0.001303136 0.75 0.125 0.6666667 0.001303076 0.6666667 0.001303136 0.8333334 0.125 0.75 0.001303136 0.75 0.001303076 0.9166667 0.125 0.8333333 0.001303136 0.8333334 0.125 1 0.25 0.9166667 0.125 0.9166667 0.125 0.08333331 0.25 0 0.125 0 0.125 0.1666666 0.25 0.08333331 0.125 0.08333331 0.25 0.25 0.125 0.1666666 0.125 0.25 0.25 0.3333333 0.125 0.25 0.125 0.3333333 0.25 0.4166666 0.125 0.3333333 0.125 0.4166666 0.25 0.5 0.125 0.4166666 0.125 0.5 0.25 0.5833333 0.125 0.5 0.125 0.5833333 0.25 0.6666667 0.125 0.5833333 0.125 0.6666667 0.125 0.75 0.25 0.6666667 0.125 0.6666667 0.125 0.8333333 0.25 0.75 0.125 0.75 0.125 0.9166667 0.25 0.8333333 0.125 0.8333333 0.25 1 0.375 0.9166667 0.25 0.9166667 0.25 0.08333331 0.375 0 0.25 0 0.25 0.1666666 0.375 0.08333331 0.25 0.08333331 0.375 0.25 0.25 0.1666666 0.25 0.25 0.375 0.3333333 0.25 0.25 0.25 0.3333333 0.375 0.4166666 0.25 0.3333333 0.25 0.4166666 0.25 0.5 0.375 0.4166666 0.25 0.4166666 0.25 0.5833333 0.375 0.5 0.25 0.5 0.25 0.6666667 0.375 0.5833333 0.25 0.5833333 0.375 0.75 0.25 0.6666667 0.25 0.75 0.375 0.8333333 0.25 0.75 0.25 0.8333333 0.375 0.9166667 0.25 0.8333333 0.25 0.9166667 0.375 1 0.5 0.9166667 0.375 0.9166667 0.375 0.08333331 0.5 0 0.375 0 0.375 0.1666666 0.5 0.08333331 0.375 0.08333331 0.5 0.25 0.375 0.1666666 0.375 0.25 0.5 0.3333333 0.375 0.25 0.375 0.3333333 0.5 0.4166666 0.375 0.3333333 0.375 0.4166666 0.5 0.5 0.375 0.4166666 0.375 0.5 0.5 0.5833333 0.375 0.5 0.375 0.5833333 0.5 0.6666667 0.375 0.5833333 0.375 0.6666667 0.375 0.75 0.5 0.6666667 0.375 0.6666667 0.375 0.8333333 0.5 0.75 0.375 0.75 0.375 0.9166667 0.5 0.8333333 0.375 0.8333333 0.625 1 0.5 0.9166667 0.5 1 0.625 0.08333331 0.5 0 0.5 0.08333331 0.625 0.1666666 0.5 0.08333331 0.5 0.1666666 0.5 0.25 0.625 0.1666666 0.5 0.1666666 0.5 0.3333333 0.625 0.25 0.5 0.25 0.5 0.4166666 0.625 0.3333333 0.5 0.3333333 0.5 0.5 0.625 0.4166666 0.5 0.4166666 0.5 0.5833333 0.625 0.5 0.5 0.5 0.5 0.6666667 0.625 0.5833333 0.5 0.5833333 0.625 0.75 0.5 0.6666667 0.5 0.75 0.625 0.8333333 0.5 0.75 0.5 0.8333333 0.625 0.9166667 0.5 0.8333333 0.5 0.9166667 0.75 1 0.625 0.9166667 0.625 1 0.75 0.08333331 0.625 0 0.625 0.08333331 0.75 0.1666666 0.625 0.08333331 0.625 0.1666666 0.625 0.25 0.75 0.1666666 0.625 0.1666666 0.625 0.3333333 0.75 0.25 0.625 0.25 0.625 0.4166666 0.75 0.3333333 0.625 0.3333333 0.75 0.5 0.625 0.4166666 0.625 0.5 0.75 0.5833333 0.625 0.5 0.625 0.5833333 0.75 0.6666667 0.625 0.5833333 0.625 0.6666667 0.625 0.75 0.75 0.6666667 0.625 0.6666667 0.625 0.8333333 0.75 0.75 0.625 0.75 0.625 0.9166667 0.75 0.8333333 0.625 0.8333333 0.875 1 0.75 0.9166667 0.75 1 0.875 0.08333331 0.75 0 0.75 0.08333331 0.875 0.1666666 0.75 0.08333331 0.75 0.1666666 0.75 0.25 0.875 0.1666666 0.75 0.1666666 0.75 0.3333333 0.875 0.25 0.75 0.25 0.75 0.4166666 0.875 0.3333333 0.75 0.3333333 0.75 0.5 0.875 0.4166666 0.75 0.4166666 0.75 0.5833333 0.875 0.5 0.75 0.5 0.75 0.6666667 0.875 0.5833333 0.75 0.5833333 0.875 0.75 0.75 0.6666667 0.75 0.75 0.875 0.8333333 0.75 0.75 0.75 0.8333333 0.875 0.9166667 0.75 0.8333333 0.75 0.9166667 1 1 0.9990122 0.9166666 0.9990123 1 1 0.08333331 0.9990123 0 0.9990122 0.08333331 1 0.1666666 0.9990122 0.08333331 0.9990123 0.1666666 0.9990122 0.25 1 0.1666666 0.9990123 0.1666666 0.9990124 0.3333333 1 0.25 0.9990122 0.25 0.9990123 0.4166666 1 0.3333333 0.9990124 0.3333333 0.9990122 0.5 1 0.4166666 0.9990123 0.4166666 0.9990122 0.5833333 1 0.5 0.9990122 0.5 0.9990122 0.6666666 1 0.5833333 0.9990122 0.5833333 1 0.75 0.9990122 0.6666666 0.9990122 0.75 1 0.8333333 0.9990122 0.75 0.9990124 0.8333334 1 0.9166667 0.9990124 0.8333334 0.9990122 0.9166666 0.9374999 0.9166666 0.8756787 0.8333333 0.8756788 0.9166668 0.9375 0.8333333 0.8756787 0.7499999 0.8756787 0.8333333 0.9374999 0.75 0.8756788 0.6666666 0.8756787 0.7499999 0.8756788 0.6666666 0.9375 0.5833333 0.8756787 0.5833333 0.8756787 0.5833333 0.9375 0.5 0.8756787 0.5 0.8756787 0.5 0.9374999 0.4166666 0.8756787 0.4166666 0.8756787 0.4166666 0.9375001 0.3333334 0.8756787 0.3333333 0.8756787 0.3333333 0.9375 0.25 0.8756787 0.25 0.8756787 0.25 0.9375 0.1666666 0.8756787 0.1666666 0.9375 0.1666666 0.8756787 0.08333331 0.8756787 0.1666666 0.9375 0.08333331 0.8756787 0 0.8756787 0.08333331 0.9375 1 0.8756788 0.9166668 0.8756787 1 0.9374999 0.4166666 0.9375001 0.3333334 0.9375001 0.3333334 1 0 1 0.08333331 1 0.08333331 1 0.5833333 1 0.5 1 0.5833333 0.9375001 0.3333334 0.9375 0.25 0.9375 0.25 0 0.5833333 0 0.5 0 0.5 1 0.6666667 1 0.5833333 1 0.6666667 0.9375 0.25 0.9375 0.1666666 0.9375 0.1666666 1 0.08333331 1 0 1 0.08333331 0 0.1666666 0 0.25 0 0.1666666 1 0.08333331 1 0.1666666 1 0.1666666 1 0.6666667 1 0.5833333 1 0.6666667 0.9375 0.08333331 0.9375 0.1666666 0.9375 0.08333331 1 0.6666667 1 0.75 1 0.75 0.9375 0 0.9375 0.08333331 0.9375 0 0 0.6666667 0 0.5833333 0 0.5833333 1 0.1666666 1 0.08333331 1 0.1666666 1 0.25 1 0.1666666 1 0.25 1 0.6666667 1 0.75 1 0.75 0.9374999 0.9166666 0.9375 1 0.9374999 0.9166666 1 0.75 1 0.8333333 1 0.8333333 0 0.25 0 0.3333333 0 0.25 0 1 0 0.9166667 0 0.9166667 1 0.1666666 1 0.25 1 0.25 1 0.8333333 1 0.9166667 1 0.9166667 1 0.3333333 1 0.25 1 0.3333333 1 0.75 1 0.8333333 1 0.8333333 0 0.6666667 0 0.75 0 0.6666667 0.9375 0.8333333 0.9374999 0.9166666 0.9375 0.8333333 1 0.8333333 1 0.9166667 1 0.9166667 1 0.25 1 0.3333333 1 0.3333333 0.9374999 0.75 0.9375 0.8333333 0.9374999 0.75 0 0.3333333 0 0.4166666 0 0.3333333 1 0.4166666 1 0.3333333 1 0.4166666 0.9374999 0.75 0.9375 0.6666667 0.9375 0.6666667 0 0.08333331 0 0 0 0 0 0.75 0 0.8333333 0 0.75 1 0.4166666 1 0.3333333 1 0.4166666 0.9375 0.5833333 0.9375 0.6666667 0.9375 0.5833333 1 0.5 1 0.4166666 1 0.5 1 0.9166667 1 1 1 1 0.9375 0.5833333 0.9375 0.5 0.9375 0.5 0 0.5 0 0.4166666 0 0.4166666 1 0.5 1 0.4166666 1 0.5 0.9375 0.5 0.9374999 0.4166666 0.9374999 0.4166666 1 0.9166667 1 1 1 1 1 0.5833333 1 0.5 1 0.5833333 0 0.1666666 0 0.08333331 0 0.08333331 0 0.8333333 0 0.9166667 0 0.8333333 0 0.9166667 0.001303136 0.8333334 0 0.8333333 0 0.8333333 0.001303136 0.75 0 0.75 0 0.75 0.001303076 0.6666667 0 0.6666667 0.001303076 0.6666667 0 0.5833333 0 0.6666667 0.001303136 0.5833333 0 0.5 0 0.5833333 0.001303136 0.5 0 0.4166666 0 0.5 0.001303076 0.4166666 0 0.3333333 0 0.4166666 0.001303076 0.3333333 0 0.25 0 0.3333333 0.001303076 0.25 0 0.1666666 0 0.25 0 0.1666666 0.001303076 0.08333331 0 0.08333331 0 0.08333331 0.001303076 0 0 0 0 1 0.001303076 0.9166667 0 0.9166667 0.9990122 0.9166666 0.9375 0.8333333 0.9374999 0.9166666 0.9990124 0.8333334 0.9374999 0.75 0.9375 0.8333333 0.9990122 0.75 0.9375 0.6666667 0.9374999 0.75 0.9375 0.6666667 0.9990122 0.5833333 0.9375 0.5833333 0.9375 0.5833333 0.9990122 0.5 0.9375 0.5 0.9375 0.5 0.9990123 0.4166666 0.9374999 0.4166666 0.9374999 0.4166666 0.9990124 0.3333333 0.9375001 0.3333334 0.9375001 0.3333334 0.9990122 0.25 0.9375 0.25 0.9375 0.25 0.9990123 0.1666666 0.9375 0.1666666 0.9990123 0.1666666 0.9375 0.08333331 0.9375 0.1666666 0.9990122 0.08333331 0.9375 0 0.9375 0.08333331 0.9990123 1 0.9374999 0.9166666 0.9375 1 0.8756787 1 0.875 0.9166667 0.875 1 0.8756787 0.08333331 0.875 0 0.875 0.08333331 0.8756787 0.1666666 0.875 0.08333331 0.875 0.1666666 0.875 0.25 0.8756787 0.1666666 0.875 0.1666666 0.875 0.3333333 0.8756787 0.25 0.875 0.25 0.875 0.4166666 0.8756787 0.3333333 0.875 0.3333333 0.875 0.5 0.8756787 0.4166666 0.875 0.4166666 0.875 0.5833333 0.8756787 0.5 0.875 0.5 0.875 0.6666667 0.8756787 0.5833333 0.875 0.5833333 0.8756787 0.7499999 0.875 0.6666667 0.875 0.75 0.8756787 0.8333333 0.875 0.75 0.875 0.8333333 0.8756788 0.9166668 0.875 0.8333333 0.875 0.9166667 0 0.9166667 0.1234526 0.8333334 0.1234526 0.9166668 0 0.8333333 0.1234526 0.75 0.1234526 0.8333334 0 0.75 0.1234526 0.6666668 0.1234526 0.75 0 0.5833333 0.1234526 0.6666668 0 0.6666667 0 0.5 0.1234526 0.5833333 0 0.5833333 0 0.4166666 0.1234526 0.5 0 0.5 0 0.3333333 0.1234526 0.4166667 0 0.4166666 0 0.25 0.1234526 0.3333334 0 0.3333333 0 0.1666666 0.1234526 0.25 0 0.25 0 0.1666666 0.1234526 0.08333331 0.1234526 0.1666666 0 0.08333331 0.1234526 0 0.1234526 0.08333331 0 1 0.1234526 0.9166668 0.1234526 1 1 1 1 0.9166667 0.9374999 0.9166666 1 0.08333331 1 0 0.9375 0 1 0.1666666 1 0.08333331 0.9375 0.08333331 0.9375 0.25 1 0.25 1 0.1666666 0.9375001 0.3333334 1 0.3333333 1 0.25 0.9374999 0.4166666 1 0.4166666 1 0.3333333 0.9375 0.5 1 0.5 1 0.4166666 0.9375 0.5833333 1 0.5833333 1 0.5 0.9375 0.6666667 1 0.6666667 1 0.5833333 1 0.75 1 0.6666667 0.9375 0.6666667 1 0.8333333 1 0.75 0.9374999 0.75 1 0.9166667 1 0.8333333 0.9375 0.8333333 0.1234526 1 0.125 1 0.125 0.9166667 0.1234526 0.08333331 0.125 0.08333331 0.125 0 0.1234526 0.1666666 0.125 0.1666666 0.125 0.08333331 0.125 0.25 0.125 0.1666666 0.1234526 0.1666666 0.125 0.3333333 0.125 0.25 0.1234526 0.25 0.125 0.4166666 0.125 0.3333333 0.1234526 0.3333334 0.125 0.5 0.125 0.4166666 0.1234526 0.4166667 0.125 0.5833333 0.125 0.5 0.1234526 0.5 0.125 0.6666667 0.125 0.5833333 0.1234526 0.5833333 0.1234526 0.75 0.125 0.75 0.125 0.6666667 0.1234526 0.8333334 0.125 0.8333333 0.125 0.75 0.1234526 0.9166668 0.125 0.9166667 0.125 0.8333333 0.125 1 0.25 1 0.25 0.9166667 0.125 0.08333331 0.25 0.08333331 0.25 0 0.125 0.1666666 0.25 0.1666666 0.25 0.08333331 0.25 0.25 0.25 0.1666666 0.125 0.1666666 0.25 0.3333333 0.25 0.25 0.125 0.25 0.25 0.4166666 0.25 0.3333333 0.125 0.3333333 0.25 0.5 0.25 0.4166666 0.125 0.4166666 0.25 0.5833333 0.25 0.5 0.125 0.5 0.25 0.6666667 0.25 0.5833333 0.125 0.5833333 0.125 0.75 0.25 0.75 0.25 0.6666667 0.125 0.8333333 0.25 0.8333333 0.25 0.75 0.125 0.9166667 0.25 0.9166667 0.25 0.8333333 0.375 1 0.375 0.9166667 0.25 0.9166667 0.375 0.08333331 0.375 0 0.25 0 0.375 0.1666666 0.375 0.08333331 0.25 0.08333331 0.25 0.25 0.375 0.25 0.375 0.1666666 0.25 0.3333333 0.375 0.3333333 0.375 0.25 0.25 0.4166666 0.375 0.4166666 0.375 0.3333333 0.25 0.5 0.375 0.5 0.375 0.4166666 0.25 0.5833333 0.375 0.5833333 0.375 0.5 0.25 0.6666667 0.375 0.6666667 0.375 0.5833333 0.375 0.75 0.375 0.6666667 0.25 0.6666667 0.375 0.8333333 0.375 0.75 0.25 0.75 0.375 0.9166667 0.375 0.8333333 0.25 0.8333333 0.5 1 0.5 0.9166667 0.375 0.9166667 0.375 0.08333331 0.5 0.08333331 0.5 0 0.5 0.1666666 0.5 0.08333331 0.375 0.08333331 0.5 0.25 0.5 0.1666666 0.375 0.1666666 0.375 0.3333333 0.5 0.3333333 0.5 0.25 0.375 0.4166666 0.5 0.4166666 0.5 0.3333333 0.375 0.5 0.5 0.5 0.5 0.4166666 0.375 0.5833333 0.5 0.5833333 0.5 0.5 0.375 0.6666667 0.5 0.6666667 0.5 0.5833333 0.5 0.75 0.5 0.6666667 0.375 0.6666667 0.375 0.8333333 0.5 0.8333333 0.5 0.75 0.5 0.9166667 0.5 0.8333333 0.375 0.8333333 0.5 1 0.625 1 0.625 0.9166667 0.625 0.08333331 0.625 0 0.5 0 0.5 0.1666666 0.625 0.1666666 0.625 0.08333331 0.625 0.25 0.625 0.1666666 0.5 0.1666666 0.5 0.3333333 0.625 0.3333333 0.625 0.25 0.625 0.4166666 0.625 0.3333333 0.5 0.3333333 0.625 0.5 0.625 0.4166666 0.5 0.4166666 0.625 0.5833333 0.625 0.5 0.5 0.5 0.5 0.6666667 0.625 0.6666667 0.625 0.5833333 0.5 0.75 0.625 0.75 0.625 0.6666667 0.625 0.8333333 0.625 0.75 0.5 0.75 0.5 0.9166667 0.625 0.9166667 0.625 0.8333333 0.625 1 0.75 1 0.75 0.9166667 0.75 0.08333331 0.75 0 0.625 0 0.75 0.1666666 0.75 0.08333331 0.625 0.08333331 0.625 0.25 0.75 0.25 0.75 0.1666666 0.625 0.3333333 0.75 0.3333333 0.75 0.25 0.75 0.4166666 0.75 0.3333333 0.625 0.3333333 0.75 0.5 0.75 0.4166666 0.625 0.4166666 0.625 0.5833333 0.75 0.5833333 0.75 0.5 0.75 0.6666667 0.75 0.5833333 0.625 0.5833333 0.625 0.75 0.75 0.75 0.75 0.6666667 0.75 0.8333333 0.75 0.75 0.625 0.75 0.75 0.9166667 0.75 0.8333333 0.625 0.8333333 0.875 1 0.875 0.9166667 0.75 0.9166667 0.875 0.08333331 0.875 0 0.75 0 0.875 0.1666666 0.875 0.08333331 0.75 0.08333331 0.75 0.25 0.875 0.25 0.875 0.1666666 0.75 0.3333333 0.875 0.3333333 0.875 0.25 0.75 0.4166666 0.875 0.4166666 0.875 0.3333333 0.75 0.5 0.875 0.5 0.875 0.4166666 0.75 0.5833333 0.875 0.5833333 0.875 0.5 0.75 0.6666667 0.875 0.6666667 0.875 0.5833333 0.875 0.75 0.875 0.6666667 0.75 0.6666667 0.875 0.8333333 0.875 0.75 0.75 0.75 0.875 0.9166667 0.875 0.8333333 0.75 0.8333333 1 1 1 0.9166667 0.9374999 0.9166666 1 0.08333331 1 0 0.9375 0 1 0.1666666 1 0.08333331 0.9375 0.08333331 0.9375 0.25 1 0.25 1 0.1666666 0.9375001 0.3333334 1 0.3333333 1 0.25 0.9374999 0.4166666 1 0.4166666 1 0.3333333 0.9375 0.5 1 0.5 1 0.4166666 0.9375 0.5833333 1 0.5833333 1 0.5 0.9375 0.6666667 1 0.6666667 1 0.5833333 1 0.75 1 0.6666667 0.9375 0.6666667 1 0.8333333 1 0.75 0.9374999 0.75 1 0.9166667 1 0.8333333 0.9375 0.8333333 0.9374999 0.9166666 0.9375 0.8333333 0.875 0.8333333 0.9375 0.8333333 0.9374999 0.75 0.875 0.75 0.9374999 0.75 0.9375 0.6666667 0.875 0.6666667 0.875 0.6666667 0.9375 0.6666667 0.9375 0.5833333 0.875 0.5833333 0.9375 0.5833333 0.9375 0.5 0.875 0.5 0.9375 0.5 0.9374999 0.4166666 0.875 0.4166666 0.9374999 0.4166666 0.9375001 0.3333334 0.875 0.3333333 0.9375001 0.3333334 0.9375 0.25 0.875 0.25 0.9375 0.25 0.9375 0.1666666 0.9375 0.1666666 0.9375 0.08333331 0.875 0.08333331 0.9375 0.08333331 0.9375 0 0.875 0 0.9375 1 0.9374999 0.9166666 0.875 0.9166667 0.9374999 0.9166666 1 0.9166667 1 1 0.9375 0 1 0 1 0.08333331 0.9375 0.08333331 1 0.08333331 1 0.1666666 0.9375 0.25 0.9375 0.1666666 1 0.1666666 0.9375001 0.3333334 0.9375 0.25 1 0.25 0.9374999 0.4166666 0.9375001 0.3333334 1 0.3333333 0.9375 0.5 0.9374999 0.4166666 1 0.4166666 0.9375 0.5833333 0.9375 0.5 1 0.5 0.9375 0.6666667 0.9375 0.5833333 1 0.5833333 0.9375 0.6666667 1 0.6666667 1 0.75 0.9374999 0.75 1 0.75 1 0.8333333 0.9375 0.8333333 1 0.8333333 1 0.9166667 0.001303076 1 0.001303076 0.9166667 0.125 0.9166667 0.001303076 0.08333331 0.001303076 0 0.125 0 0.001303136 0.1666666 0.001303076 0.08333331 0.125 0.08333331 0.001303136 0.1666666 0.125 0.1666666 0.125 0.25 0.001303076 0.25 0.125 0.25 0.125 0.3333333 0.001303076 0.3333333 0.125 0.3333333 0.125 0.4166666 0.001303076 0.4166666 0.125 0.4166666 0.125 0.5 0.001303136 0.5 0.125 0.5 0.125 0.5833333 0.001303136 0.5833333 0.125 0.5833333 0.125 0.6666667 0.001303136 0.75 0.001303076 0.6666667 0.125 0.6666667 0.001303136 0.8333334 0.001303136 0.75 0.125 0.75 0.001303076 0.9166667 0.001303136 0.8333334 0.125 0.8333333 0.125 1 0.125 0.9166667 0.25 0.9166667 0.125 0.08333331 0.125 0 0.25 0 0.125 0.1666666 0.125 0.08333331 0.25 0.08333331 0.125 0.1666666 0.25 0.1666666 0.25 0.25 0.125 0.25 0.25 0.25 0.25 0.3333333 0.125 0.3333333 0.25 0.3333333 0.25 0.4166666 0.125 0.4166666 0.25 0.4166666 0.25 0.5 0.125 0.5 0.25 0.5 0.25 0.5833333 0.125 0.5833333 0.25 0.5833333 0.25 0.6666667 0.125 0.75 0.125 0.6666667 0.25 0.6666667 0.125 0.8333333 0.125 0.75 0.25 0.75 0.125 0.9166667 0.125 0.8333333 0.25 0.8333333 0.25 1 0.25 0.9166667 0.375 0.9166667 0.25 0.08333331 0.25 0 0.375 0 0.25 0.1666666 0.25 0.08333331 0.375 0.08333331 0.25 0.1666666 0.375 0.1666666 0.375 0.25 0.25 0.25 0.375 0.25 0.375 0.3333333 0.25 0.3333333 0.375 0.3333333 0.375 0.4166666 0.25 0.5 0.25 0.4166666 0.375 0.4166666 0.25 0.5833333 0.25 0.5 0.375 0.5 0.25 0.6666667 0.25 0.5833333 0.375 0.5833333 0.25 0.6666667 0.375 0.6666667 0.375 0.75 0.25 0.75 0.375 0.75 0.375 0.8333333 0.25 0.8333333 0.375 0.8333333 0.375 0.9166667 0.375 0.9166667 0.5 0.9166667 0.5 1 0.375 0.08333331 0.375 0 0.5 0 0.375 0.1666666 0.375 0.08333331 0.5 0.08333331 0.375 0.1666666 0.5 0.1666666 0.5 0.25 0.375 0.3333333 0.375 0.25 0.5 0.25 0.375 0.4166666 0.375 0.3333333 0.5 0.3333333 0.375 0.4166666 0.5 0.4166666 0.5 0.5 0.375 0.5 0.5 0.5 0.5 0.5833333 0.375 0.6666667 0.375 0.5833333 0.5 0.5833333 0.375 0.6666667 0.5 0.6666667 0.5 0.75 0.375 0.75 0.5 0.75 0.5 0.8333333 0.375 0.8333333 0.5 0.8333333 0.5 0.9166667 0.5 1 0.5 0.9166667 0.625 0.9166667 0.5 0.08333331 0.5 0 0.625 0 0.5 0.08333331 0.625 0.08333331 0.625 0.1666666 0.5 0.25 0.5 0.1666666 0.625 0.1666666 0.5 0.3333333 0.5 0.25 0.625 0.25 0.5 0.3333333 0.625 0.3333333 0.625 0.4166666 0.5 0.4166666 0.625 0.4166666 0.625 0.5 0.5 0.5 0.625 0.5 0.625 0.5833333 0.5 0.6666667 0.5 0.5833333 0.625 0.5833333 0.5 0.75 0.5 0.6666667 0.625 0.6666667 0.5 0.75 0.625 0.75 0.625 0.8333333 0.5 0.9166667 0.5 0.8333333 0.625 0.8333333 0.625 0.9166667 0.75 0.9166667 0.75 1 0.625 0 0.75 0 0.75 0.08333331 0.625 0.08333331 0.75 0.08333331 0.75 0.1666666 0.625 0.25 0.625 0.1666666 0.75 0.1666666 0.625 0.3333333 0.625 0.25 0.75 0.25 0.625 0.4166666 0.625 0.3333333 0.75 0.3333333 0.625 0.4166666 0.75 0.4166666 0.75 0.5 0.625 0.5 0.75 0.5 0.75 0.5833333 0.625 0.5833333 0.75 0.5833333 0.75 0.6666667 0.625 0.75 0.625 0.6666667 0.75 0.6666667 0.625 0.8333333 0.625 0.75 0.75 0.75 0.625 0.9166667 0.625 0.8333333 0.75 0.8333333 0.75 0.9166667 0.875 0.9166667 0.875 1 0.75 0 0.875 0 0.875 0.08333331 0.75 0.08333331 0.875 0.08333331 0.875 0.1666666 0.75 0.25 0.75 0.1666666 0.875 0.1666666 0.75 0.3333333 0.75 0.25 0.875 0.25 0.75 0.4166666 0.75 0.3333333 0.875 0.3333333 0.75 0.5 0.75 0.4166666 0.875 0.4166666 0.75 0.5833333 0.75 0.5 0.875 0.5 0.75 0.6666667 0.75 0.5833333 0.875 0.5833333 0.75 0.6666667 0.875 0.6666667 0.875 0.75 0.75 0.75 0.875 0.75 0.875 0.8333333 0.75 0.8333333 0.875 0.8333333 0.875 0.9166667 0.9990122 0.9166666 1 0.9166667 1 1 0.9990123 0 1 0 1 0.08333331 0.9990122 0.08333331 1 0.08333331 1 0.1666666 0.9990122 0.25 0.9990123 0.1666666 1 0.1666666 0.9990124 0.3333333 0.9990122 0.25 1 0.25 0.9990123 0.4166666 0.9990124 0.3333333 1 0.3333333 0.9990122 0.5 0.9990123 0.4166666 1 0.4166666 0.9990122 0.5833333 0.9990122 0.5 1 0.5 0.9990122 0.6666666 0.9990122 0.5833333 1 0.5833333 0.9990122 0.6666666 1 0.6666667 1 0.75 0.9990122 0.75 1 0.75 1 0.8333333 0.9990124 0.8333334 1 0.8333333 1 0.9166667 0.8756787 0.8333333 0.9375 0.8333333 0.9374999 0.9166666 0.8756787 0.7499999 0.9374999 0.75 0.9375 0.8333333 0.8756788 0.6666666 0.9375 0.6666667 0.9374999 0.75 0.8756788 0.6666666 0.8756787 0.5833333 0.9375 0.5833333 0.8756787 0.5833333 0.8756787 0.5 0.9375 0.5 0.8756787 0.5 0.8756787 0.4166666 0.9374999 0.4166666 0.8756787 0.4166666 0.8756787 0.3333333 0.9375001 0.3333334 0.8756787 0.3333333 0.8756787 0.25 0.9375 0.25 0.8756787 0.25 0.8756787 0.1666666 0.9375 0.1666666 0.8756787 0.08333331 0.9375 0.08333331 0.9375 0.1666666 0.8756787 0 0.9375 0 0.9375 0.08333331 0.8756788 0.9166668 0.9374999 0.9166666 0.9375 1 0.9375001 0.3333334 0.9374999 0.4166666 0.9374999 0.4166666 1 0.08333331 1 0 1 0 1 0.5833333 1 0.5833333 1 0.5 0.9375 0.25 0.9375001 0.3333334 0.9375001 0.3333334 0 0.5 0 0.5833333 0 0.5833333 1 0.6666667 1 0.6666667 1 0.5833333 0.9375 0.1666666 0.9375 0.25 0.9375 0.25 1 0.08333331 1 0.08333331 1 0 0 0.1666666 0 0.1666666 0 0.25 1 0.1666666 1 0.08333331 1 0.08333331 1 0.6666667 1 0.6666667 1 0.5833333 0.9375 0.08333331 0.9375 0.08333331 0.9375 0.1666666 1 0.75 1 0.6666667 1 0.6666667 0.9375 0 0.9375 0 0.9375 0.08333331 0 0.5833333 0 0.6666667 0 0.6666667 1 0.1666666 1 0.1666666 1 0.08333331 1 0.25 1 0.25 1 0.1666666 1 0.75 1 0.6666667 1 0.6666667 0.9374999 0.9166666 0.9374999 0.9166666 0.9375 1 1 0.8333333 1 0.75 1 0.75 0 0.25 0 0.25 0 0.3333333 0 0.9166667 0 1 0 1 1 0.25 1 0.1666666 1 0.1666666 1 0.9166667 1 0.8333333 1 0.8333333 1 0.3333333 1 0.3333333 1 0.25 1 0.8333333 1 0.75 1 0.75 0 0.6666667 0 0.6666667 0 0.75 0.9375 0.8333333 0.9375 0.8333333 0.9374999 0.9166666 1 0.9166667 1 0.8333333 1 0.8333333 1 0.3333333 1 0.25 1 0.25 0.9374999 0.75 0.9375 0.8333333 0.9375 0.8333333 0 0.3333333 0 0.3333333 0 0.4166666 1 0.4166666 1 0.4166666 1 0.3333333 0.9375 0.6666667 0.9374999 0.75 0.9374999 0.75 0 0 0 0.08333331 0 0.08333331 0 0.75 0 0.75 0 0.8333333 1 0.4166666 1 0.4166666 1 0.3333333 0.9375 0.5833333 0.9375 0.5833333 0.9375 0.6666667 1 0.5 1 0.5 1 0.4166666 1 1 1 0.9166667 1 0.9166667 0.9375 0.5 0.9375 0.5 0.9375 0.5833333 0 0.4166666 0 0.5 0 0.5 1 0.5 1 0.5 1 0.4166666 0.9374999 0.4166666 0.9375 0.5 0.9375 0.5 1 1 1 0.9166667 1 0.9166667 1 0.5833333 1 0.5833333 1 0.5 0 0.08333331 0 0.1666666 0 0.1666666 0 0.8333333 0 0.8333333 0 0.9166667 0 0.8333333 0.001303136 0.8333334 0.001303076 0.9166667 0 0.75 0.001303136 0.75 0.001303136 0.8333334 0 0.6666667 0.001303076 0.6666667 0.001303136 0.75 0 0.6666667 0 0.5833333 0.001303136 0.5833333 0 0.5833333 0 0.5 0.001303136 0.5 0 0.5 0 0.4166666 0.001303076 0.4166666 0 0.4166666 0 0.3333333 0.001303076 0.3333333 0 0.3333333 0 0.25 0.001303076 0.25 0 0.25 0 0.1666666 0.001303136 0.1666666 0 0.08333331 0.001303076 0.08333331 0.001303136 0.1666666 0 0 0.001303076 0 0.001303076 0.08333331 0 0.9166667 0.001303076 0.9166667 0.001303076 1 0.9375 0.8333333 0.9990124 0.8333334 0.9990122 0.9166666 0.9374999 0.75 0.9990122 0.75 0.9990124 0.8333334 0.9375 0.6666667 0.9990122 0.6666666 0.9990122 0.75 0.9375 0.6666667 0.9375 0.5833333 0.9990122 0.5833333 0.9375 0.5833333 0.9375 0.5 0.9990122 0.5 0.9375 0.5 0.9374999 0.4166666 0.9990123 0.4166666 0.9374999 0.4166666 0.9375001 0.3333334 0.9990124 0.3333333 0.9375001 0.3333334 0.9375 0.25 0.9990122 0.25 0.9375 0.25 0.9375 0.1666666 0.9990123 0.1666666 0.9375 0.08333331 0.9990122 0.08333331 0.9990123 0.1666666 0.9375 0 0.9990123 0 0.9990122 0.08333331 0.9374999 0.9166666 0.9990122 0.9166666 0.9990123 1 0.875 0.9166667 0.8756788 0.9166668 0.8756787 1 0.875 0 0.8756787 0 0.8756787 0.08333331 0.875 0.08333331 0.8756787 0.08333331 0.8756787 0.1666666 0.875 0.25 0.875 0.1666666 0.8756787 0.1666666 0.875 0.3333333 0.875 0.25 0.8756787 0.25 0.875 0.4166666 0.875 0.3333333 0.8756787 0.3333333 0.875 0.5 0.875 0.4166666 0.8756787 0.4166666 0.875 0.5833333 0.875 0.5 0.8756787 0.5 0.875 0.6666667 0.875 0.5833333 0.8756787 0.5833333 0.875 0.6666667 0.8756788 0.6666666 0.8756787 0.7499999 0.875 0.75 0.8756787 0.7499999 0.8756787 0.8333333 0.875 0.8333333 0.8756787 0.8333333 0.8756788 0.9166668 0 0.9166667 0.1234526 0.9166668 0.1234526 0.8333334 0 0.8333333 0.1234526 0.8333334 0.1234526 0.75 0 0.75 0.1234526 0.75 0.1234526 0.6666668 0.1234526 0.6666668 0.1234526 0.5833333 0 0.5833333 0.1234526 0.5833333 0.1234526 0.5 0 0.5 0.1234526 0.5 0.1234526 0.4166667 0 0.4166666 0.1234526 0.4166667 0.1234526 0.3333334 0 0.3333333 0.1234526 0.3333334 0.1234526 0.25 0 0.25 0.1234526 0.25 0.1234526 0.1666666 0 0.1666666 0 0.1666666 0.1234526 0.1666666 0.1234526 0.08333331 0 0.08333331 0.1234526 0.08333331 0.1234526 0 0 1 0.1234526 1 0.1234526 0.9166668 0.9374999 0.9166666 1 0.9166667 1 1 0.9375 0 1 0 1 0.08333331 0.9375 0.08333331 1 0.08333331 1 0.1666666 0.9375 0.25 0.9375 0.1666666 1 0.1666666 0.9375001 0.3333334 0.9375 0.25 1 0.25 0.9374999 0.4166666 0.9375001 0.3333334 1 0.3333333 0.9375 0.5 0.9374999 0.4166666 1 0.4166666 0.9375 0.5833333 0.9375 0.5 1 0.5 0.9375 0.6666667 0.9375 0.5833333 1 0.5833333 0.9375 0.6666667 1 0.6666667 1 0.75 0.9374999 0.75 1 0.75 1 0.8333333 0.9375 0.8333333 1 0.8333333 1 0.9166667 0.1234526 1 0.1234526 0.9166668 0.125 0.9166667 0.1234526 0.08333331 0.1234526 0 0.125 0 0.1234526 0.1666666 0.1234526 0.08333331 0.125 0.08333331 0.1234526 0.1666666 0.125 0.1666666 0.125 0.25 0.1234526 0.25 0.125 0.25 0.125 0.3333333 0.1234526 0.3333334 0.125 0.3333333 0.125 0.4166666 0.1234526 0.4166667 0.125 0.4166666 0.125 0.5 0.1234526 0.5 0.125 0.5 0.125 0.5833333 0.1234526 0.5833333 0.125 0.5833333 0.125 0.6666667 0.1234526 0.75 0.1234526 0.6666668 0.125 0.6666667 0.1234526 0.8333334 0.1234526 0.75 0.125 0.75 0.1234526 0.9166668 0.1234526 0.8333334 0.125 0.8333333 0.125 1 0.125 0.9166667 0.25 0.9166667 0.125 0.08333331 0.125 0 0.25 0 0.125 0.1666666 0.125 0.08333331 0.25 0.08333331 0.125 0.1666666 0.25 0.1666666 0.25 0.25 0.125 0.25 0.25 0.25 0.25 0.3333333 0.125 0.3333333 0.25 0.3333333 0.25 0.4166666 0.125 0.4166666 0.25 0.4166666 0.25 0.5 0.125 0.5 0.25 0.5 0.25 0.5833333 0.125 0.5833333 0.25 0.5833333 0.25 0.6666667 0.125 0.75 0.125 0.6666667 0.25 0.6666667 0.125 0.8333333 0.125 0.75 0.25 0.75 0.125 0.9166667 0.125 0.8333333 0.25 0.8333333 0.25 0.9166667 0.375 0.9166667 0.375 1 0.25 0 0.375 0 0.375 0.08333331 0.25 0.08333331 0.375 0.08333331 0.375 0.1666666 0.25 0.25 0.25 0.1666666 0.375 0.1666666 0.25 0.3333333 0.25 0.25 0.375 0.25 0.25 0.4166666 0.25 0.3333333 0.375 0.3333333 0.25 0.4166666 0.375 0.4166666 0.375 0.5 0.25 0.5 0.375 0.5 0.375 0.5833333 0.25 0.5833333 0.375 0.5833333 0.375 0.6666667 0.25 0.75 0.25 0.6666667 0.375 0.6666667 0.25 0.8333333 0.25 0.75 0.375 0.75 0.25 0.9166667 0.25 0.8333333 0.375 0.8333333 0.375 0.9166667 0.5 0.9166667 0.5 1 0.375 0.08333331 0.375 0 0.5 0 0.375 0.08333331 0.5 0.08333331 0.5 0.1666666 0.375 0.25 0.375 0.1666666 0.5 0.1666666 0.375 0.25 0.5 0.25 0.5 0.3333333 0.375 0.4166666 0.375 0.3333333 0.5 0.3333333 0.375 0.5 0.375 0.4166666 0.5 0.4166666 0.375 0.5 0.5 0.5 0.5 0.5833333 0.375 0.6666667 0.375 0.5833333 0.5 0.5833333 0.375 0.6666667 0.5 0.6666667 0.5 0.75 0.375 0.75 0.5 0.75 0.5 0.8333333 0.375 0.8333333 0.5 0.8333333 0.5 0.9166667 0.5 0.9166667 0.625 0.9166667 0.625 1 0.5 0.08333331 0.5 0 0.625 0 0.5 0.1666666 0.5 0.08333331 0.625 0.08333331 0.5 0.25 0.5 0.1666666 0.625 0.1666666 0.5 0.25 0.625 0.25 0.625 0.3333333 0.5 0.4166666 0.5 0.3333333 0.625 0.3333333 0.5 0.4166666 0.625 0.4166666 0.625 0.5 0.5 0.5 0.625 0.5 0.625 0.5833333 0.5 0.6666667 0.5 0.5833333 0.625 0.5833333 0.5 0.75 0.5 0.6666667 0.625 0.6666667 0.5 0.75 0.625 0.75 0.625 0.8333333 0.5 0.9166667 0.5 0.8333333 0.625 0.8333333 0.625 1 0.625 0.9166667 0.75 0.9166667 0.625 0.08333331 0.625 0 0.75 0 0.625 0.1666666 0.625 0.08333331 0.75 0.08333331 0.625 0.1666666 0.75 0.1666666 0.75 0.25 0.625 0.25 0.75 0.25 0.75 0.3333333 0.625 0.3333333 0.75 0.3333333 0.75 0.4166666 0.625 0.5 0.625 0.4166666 0.75 0.4166666 0.625 0.5833333 0.625 0.5 0.75 0.5 0.625 0.6666667 0.625 0.5833333 0.75 0.5833333 0.625 0.6666667 0.75 0.6666667 0.75 0.75 0.625 0.75 0.75 0.75 0.75 0.8333333 0.625 0.8333333 0.75 0.8333333 0.75 0.9166667 0.75 0.9166667 0.875 0.9166667 0.875 1 0.75 0 0.875 0 0.875 0.08333331 0.75 0.08333331 0.875 0.08333331 0.875 0.1666666 0.75 0.25 0.75 0.1666666 0.875 0.1666666 0.75 0.3333333 0.75 0.25 0.875 0.25 0.75 0.4166666 0.75 0.3333333 0.875 0.3333333 0.75 0.5 0.75 0.4166666 0.875 0.4166666 0.75 0.5833333 0.75 0.5 0.875 0.5 0.75 0.6666667 0.75 0.5833333 0.875 0.5833333 0.75 0.6666667 0.875 0.6666667 0.875 0.75 0.75 0.75 0.875 0.75 0.875 0.8333333 0.75 0.8333333 0.875 0.8333333 0.875 0.9166667 0.9374999 0.9166666 1 0.9166667 1 1 0.9375 0 1 0 1 0.08333331 0.9375 0.08333331 1 0.08333331 1 0.1666666 0.9375 0.25 0.9375 0.1666666 1 0.1666666 0.9375001 0.3333334 0.9375 0.25 1 0.25 0.9374999 0.4166666 0.9375001 0.3333334 1 0.3333333 0.9375 0.5 0.9374999 0.4166666 1 0.4166666 0.9375 0.5833333 0.9375 0.5 1 0.5 0.9375 0.6666667 0.9375 0.5833333 1 0.5833333 0.9375 0.6666667 1 0.6666667 1 0.75 0.9374999 0.75 1 0.75 1 0.8333333 0.9375 0.8333333 1 0.8333333 1 0.9166667 0.875 0.8333333 0.9375 0.8333333 0.9374999 0.9166666 0.875 0.75 0.9374999 0.75 0.9375 0.8333333 0.875 0.6666667 0.9375 0.6666667 0.9374999 0.75 0.875 0.6666667 0.875 0.5833333 0.9375 0.5833333 0.875 0.5833333 0.875 0.5 0.9375 0.5 0.875 0.5 0.875 0.4166666 0.9374999 0.4166666 0.875 0.4166666 0.875 0.3333333 0.9375001 0.3333334 0.875 0.3333333 0.875 0.25 0.9375 0.25 0.875 0.25 0.875 0.1666666 0.9375 0.1666666 0.875 0.08333331 0.9375 0.08333331 0.9375 0.1666666 0.875 0 0.9375 0 0.9375 0.08333331 0.875 0.9166667 0.9374999 0.9166666 0.9375 1 1 1 1 0.9166667 0.9374999 0.9166666 1 0.08333331 1 0 0.9375 0 1 0.1666666 1 0.08333331 0.9375 0.08333331 0.9375 0.25 1 0.25 1 0.1666666 0.9375001 0.3333334 1 0.3333333 1 0.25 0.9374999 0.4166666 1 0.4166666 1 0.3333333 0.9375 0.5 1 0.5 1 0.4166666 0.9375 0.5833333 1 0.5833333 1 0.5 0.9375 0.6666667 1 0.6666667 1 0.5833333 1 0.75 1 0.6666667 0.9375 0.6666667 1 0.8333333 1 0.75 0.9374999 0.75 1 0.9166667 1 0.8333333 0.9375 0.8333333 0.001303076 1 0.125 1 0.125 0.9166667 0.001303076 0.08333331 0.125 0.08333331 0.125 0 0.001303136 0.1666666 0.125 0.1666666 0.125 0.08333331 0.125 0.25 0.125 0.1666666 0.001303136 0.1666666 0.125 0.3333333 0.125 0.25 0.001303076 0.25 0.125 0.4166666 0.125 0.3333333 0.001303076 0.3333333 0.125 0.5 0.125 0.4166666 0.001303076 0.4166666 0.125 0.5833333 0.125 0.5 0.001303136 0.5 0.125 0.6666667 0.125 0.5833333 0.001303136 0.5833333 0.001303136 0.75 0.125 0.75 0.125 0.6666667 0.001303136 0.8333334 0.125 0.8333333 0.125 0.75 0.001303076 0.9166667 0.125 0.9166667 0.125 0.8333333 0.125 1 0.25 1 0.25 0.9166667 0.125 0.08333331 0.25 0.08333331 0.25 0 0.125 0.1666666 0.25 0.1666666 0.25 0.08333331 0.25 0.25 0.25 0.1666666 0.125 0.1666666 0.25 0.3333333 0.25 0.25 0.125 0.25 0.25 0.4166666 0.25 0.3333333 0.125 0.3333333 0.25 0.5 0.25 0.4166666 0.125 0.4166666 0.25 0.5833333 0.25 0.5 0.125 0.5 0.25 0.6666667 0.25 0.5833333 0.125 0.5833333 0.125 0.75 0.25 0.75 0.25 0.6666667 0.125 0.8333333 0.25 0.8333333 0.25 0.75 0.125 0.9166667 0.25 0.9166667 0.25 0.8333333 0.25 1 0.375 1 0.375 0.9166667 0.25 0.08333331 0.375 0.08333331 0.375 0 0.25 0.1666666 0.375 0.1666666 0.375 0.08333331 0.375 0.25 0.375 0.1666666 0.25 0.1666666 0.375 0.3333333 0.375 0.25 0.25 0.25 0.375 0.4166666 0.375 0.3333333 0.25 0.3333333 0.25 0.5 0.375 0.5 0.375 0.4166666 0.25 0.5833333 0.375 0.5833333 0.375 0.5 0.25 0.6666667 0.375 0.6666667 0.375 0.5833333 0.375 0.75 0.375 0.6666667 0.25 0.6666667 0.375 0.8333333 0.375 0.75 0.25 0.75 0.375 0.9166667 0.375 0.8333333 0.25 0.8333333 0.375 1 0.5 1 0.5 0.9166667 0.375 0.08333331 0.5 0.08333331 0.5 0 0.375 0.1666666 0.5 0.1666666 0.5 0.08333331 0.5 0.25 0.5 0.1666666 0.375 0.1666666 0.5 0.3333333 0.5 0.25 0.375 0.25 0.5 0.4166666 0.5 0.3333333 0.375 0.3333333 0.5 0.5 0.5 0.4166666 0.375 0.4166666 0.5 0.5833333 0.5 0.5 0.375 0.5 0.5 0.6666667 0.5 0.5833333 0.375 0.5833333 0.375 0.75 0.5 0.75 0.5 0.6666667 0.375 0.8333333 0.5 0.8333333 0.5 0.75 0.375 0.9166667 0.5 0.9166667 0.5 0.8333333 0.625 1 0.625 0.9166667 0.5 0.9166667 0.625 0.08333331 0.625 0 0.5 0 0.625 0.1666666 0.625 0.08333331 0.5 0.08333331 0.5 0.25 0.625 0.25 0.625 0.1666666 0.5 0.3333333 0.625 0.3333333 0.625 0.25 0.5 0.4166666 0.625 0.4166666 0.625 0.3333333 0.5 0.5 0.625 0.5 0.625 0.4166666 0.5 0.5833333 0.625 0.5833333 0.625 0.5 0.5 0.6666667 0.625 0.6666667 0.625 0.5833333 0.625 0.75 0.625 0.6666667 0.5 0.6666667 0.625 0.8333333 0.625 0.75 0.5 0.75 0.625 0.9166667 0.625 0.8333333 0.5 0.8333333 0.75 1 0.75 0.9166667 0.625 0.9166667 0.75 0.08333331 0.75 0 0.625 0 0.75 0.1666666 0.75 0.08333331 0.625 0.08333331 0.625 0.25 0.75 0.25 0.75 0.1666666 0.625 0.3333333 0.75 0.3333333 0.75 0.25 0.625 0.4166666 0.75 0.4166666 0.75 0.3333333 0.75 0.5 0.75 0.4166666 0.625 0.4166666 0.75 0.5833333 0.75 0.5 0.625 0.5 0.75 0.6666667 0.75 0.5833333 0.625 0.5833333 0.625 0.75 0.75 0.75 0.75 0.6666667 0.625 0.8333333 0.75 0.8333333 0.75 0.75 0.625 0.9166667 0.75 0.9166667 0.75 0.8333333 0.875 1 0.875 0.9166667 0.75 0.9166667 0.875 0.08333331 0.875 0 0.75 0 0.875 0.1666666 0.875 0.08333331 0.75 0.08333331 0.75 0.25 0.875 0.25 0.875 0.1666666 0.75 0.3333333 0.875 0.3333333 0.875 0.25 0.75 0.4166666 0.875 0.4166666 0.875 0.3333333 0.75 0.5 0.875 0.5 0.875 0.4166666 0.75 0.5833333 0.875 0.5833333 0.875 0.5 0.75 0.6666667 0.875 0.6666667 0.875 0.5833333 0.875 0.75 0.875 0.6666667 0.75 0.6666667 0.875 0.8333333 0.875 0.75 0.75 0.75 0.875 0.9166667 0.875 0.8333333 0.75 0.8333333 1 1 1 0.9166667 0.9990122 0.9166666 1 0.08333331 1 0 0.9990123 0 1 0.1666666 1 0.08333331 0.9990122 0.08333331 0.9990122 0.25 1 0.25 1 0.1666666 0.9990124 0.3333333 1 0.3333333 1 0.25 0.9990123 0.4166666 1 0.4166666 1 0.3333333 0.9990122 0.5 1 0.5 1 0.4166666 0.9990122 0.5833333 1 0.5833333 1 0.5 0.9990122 0.6666666 1 0.6666667 1 0.5833333 1 0.75 1 0.6666667 0.9990122 0.6666666 1 0.8333333 1 0.75 0.9990122 0.75 1 0.9166667 1 0.8333333 0.9990124 0.8333334 0.9374999 0.9166666 0.9375 0.8333333 0.8756787 0.8333333 0.9375 0.8333333 0.9374999 0.75 0.8756787 0.7499999 0.9374999 0.75 0.9375 0.6666667 0.8756788 0.6666666 0.8756788 0.6666666 0.9375 0.6666667 0.9375 0.5833333 0.8756787 0.5833333 0.9375 0.5833333 0.9375 0.5 0.8756787 0.5 0.9375 0.5 0.9374999 0.4166666 0.8756787 0.4166666 0.9374999 0.4166666 0.9375001 0.3333334 0.8756787 0.3333333 0.9375001 0.3333334 0.9375 0.25 0.8756787 0.25 0.9375 0.25 0.9375 0.1666666 0.9375 0.1666666 0.9375 0.08333331 0.8756787 0.08333331 0.9375 0.08333331 0.9375 0 0.8756787 0 0.9375 1 0.9374999 0.9166666 0.8756788 0.9166668 0.9374999 0.4166666 0.9374999 0.4166666 0.9375001 0.3333334 1 0 1 0 1 0.08333331 1 0.5833333 1 0.5 1 0.5 0.9375001 0.3333334 0.9375001 0.3333334 0.9375 0.25 0 0.5833333 0 0.5833333 0 0.5 1 0.6666667 1 0.5833333 1 0.5833333 0.9375 0.25 0.9375 0.25 0.9375 0.1666666 1 0.08333331 1 0 1 0 0 0.1666666 0 0.25 0 0.25 1 0.08333331 1 0.08333331 1 0.1666666 1 0.6666667 1 0.5833333 1 0.5833333 0.9375 0.08333331 0.9375 0.1666666 0.9375 0.1666666 1 0.6666667 1 0.6666667 1 0.75 0.9375 0 0.9375 0.08333331 0.9375 0.08333331 0 0.6666667 0 0.6666667 0 0.5833333 1 0.1666666 1 0.08333331 1 0.08333331 1 0.25 1 0.1666666 1 0.1666666 1 0.6666667 1 0.6666667 1 0.75 0.9374999 0.9166666 0.9375 1 0.9375 1 1 0.75 1 0.75 1 0.8333333 0 0.25 0 0.3333333 0 0.3333333 0 1 0 1 0 0.9166667 1 0.1666666 1 0.1666666 1 0.25 1 0.8333333 1 0.8333333 1 0.9166667 1 0.3333333 1 0.25 1 0.25 1 0.75 1 0.75 1 0.8333333 0 0.6666667 0 0.75 0 0.75 0.9375 0.8333333 0.9374999 0.9166666 0.9374999 0.9166666 1 0.8333333 1 0.8333333 1 0.9166667 1 0.25 1 0.25 1 0.3333333 0.9374999 0.75 0.9375 0.8333333 0.9375 0.8333333 0 0.3333333 0 0.4166666 0 0.4166666 1 0.4166666 1 0.3333333 1 0.3333333 0.9374999 0.75 0.9374999 0.75 0.9375 0.6666667 0 0.08333331 0 0.08333331 0 0 0 0.75 0 0.8333333 0 0.8333333 1 0.4166666 1 0.3333333 1 0.3333333 0.9375 0.5833333 0.9375 0.6666667 0.9375 0.6666667 1 0.5 1 0.4166666 1 0.4166666 1 0.9166667 1 0.9166667 1 1 0.9375 0.5833333 0.9375 0.5833333 0.9375 0.5 0 0.5 0 0.5 0 0.4166666 1 0.5 1 0.4166666 1 0.4166666 0.9375 0.5 0.9375 0.5 0.9374999 0.4166666 1 0.9166667 1 0.9166667 1 1 1 0.5833333 1 0.5 1 0.5 0 0.1666666 0 0.1666666 0 0.08333331 0 0.8333333 0 0.9166667 0 0.9166667 0 0.9166667 0.001303076 0.9166667 0.001303136 0.8333334 0 0.8333333 0.001303136 0.8333334 0.001303136 0.75 0 0.75 0.001303136 0.75 0.001303076 0.6666667 0.001303076 0.6666667 0.001303136 0.5833333 0 0.5833333 0.001303136 0.5833333 0.001303136 0.5 0 0.5 0.001303136 0.5 0.001303076 0.4166666 0 0.4166666 0.001303076 0.4166666 0.001303076 0.3333333 0 0.3333333 0.001303076 0.3333333 0.001303076 0.25 0 0.25 0.001303076 0.25 0.001303136 0.1666666 0 0.1666666 0 0.1666666 0.001303136 0.1666666 0.001303076 0.08333331 0 0.08333331 0.001303076 0.08333331 0.001303076 0 0 1 0.001303076 1 0.001303076 0.9166667 0.9990122 0.9166666 0.9990124 0.8333334 0.9375 0.8333333 0.9990124 0.8333334 0.9990122 0.75 0.9374999 0.75 0.9990122 0.75 0.9990122 0.6666666 0.9375 0.6666667 0.9375 0.6666667 0.9990122 0.6666666 0.9990122 0.5833333 0.9375 0.5833333 0.9990122 0.5833333 0.9990122 0.5 0.9375 0.5 0.9990122 0.5 0.9990123 0.4166666 0.9374999 0.4166666 0.9990123 0.4166666 0.9990124 0.3333333 0.9375001 0.3333334 0.9990124 0.3333333 0.9990122 0.25 0.9375 0.25 0.9990122 0.25 0.9990123 0.1666666 0.9990123 0.1666666 0.9990122 0.08333331 0.9375 0.08333331 0.9990122 0.08333331 0.9990123 0 0.9375 0 0.9990123 1 0.9990122 0.9166666 0.9374999 0.9166666 0.8756787 1 0.8756788 0.9166668 0.875 0.9166667 0.8756787 0.08333331 0.8756787 0 0.875 0 0.8756787 0.1666666 0.8756787 0.08333331 0.875 0.08333331 0.875 0.25 0.8756787 0.25 0.8756787 0.1666666 0.875 0.3333333 0.8756787 0.3333333 0.8756787 0.25 0.875 0.4166666 0.8756787 0.4166666 0.8756787 0.3333333 0.875 0.5 0.8756787 0.5 0.8756787 0.4166666 0.875 0.5833333 0.8756787 0.5833333 0.8756787 0.5 0.875 0.6666667 0.8756788 0.6666666 0.8756787 0.5833333 0.8756787 0.7499999 0.8756788 0.6666666 0.875 0.6666667 0.8756787 0.8333333 0.8756787 0.7499999 0.875 0.75 0.8756788 0.9166668 0.8756787 0.8333333 0.875 0.8333333 0 0.9166667 0 0.8333333 0.1234526 0.8333334 0 0.8333333 0 0.75 0.1234526 0.75 0 0.75 0 0.6666667 0.1234526 0.6666668 0 0.5833333 0.1234526 0.5833333 0.1234526 0.6666668 0 0.5 0.1234526 0.5 0.1234526 0.5833333 0 0.4166666 0.1234526 0.4166667 0.1234526 0.5 0 0.3333333 0.1234526 0.3333334 0.1234526 0.4166667 0 0.25 0.1234526 0.25 0.1234526 0.3333334 0 0.1666666 0.1234526 0.1666666 0.1234526 0.25 0 0.1666666 0 0.08333331 0.1234526 0.08333331 0 0.08333331 0 0 0.1234526 0 0 1 0 0.9166667 0.1234526 0.9166668</float_array>
          <technique_common>
            <accessor source="#Cube_009-mesh-map-0-array" count="4032" stride="2">
              <param name="S" type="float"/>
              <param name="T" type="float"/>
            </accessor>
          </technique_common>
        </source>
        <vertices id="Cube_009-mesh-vertices">
          <input semantic="POSITION" source="#Cube_009-mesh-positions"/>
        </vertices>
        <triangles material="Material_001-material" count="1344">
          <input semantic="VERTEX" source="#Cube_009-mesh-vertices" offset="0"/>
          <input semantic="NORMAL" source="#Cube_009-mesh-normals" offset="1"/>
          <input semantic="TEXCOORD" source="#Cube_009-mesh-map-0" offset="2" set="0"/>
          <p>0 0 0 13 0 1 12 0 2 1 1 3 12 1 4 14 1 5 2 2 6 14 2 7 15 2 8 16 3 9 2 3 10 15 3 11 17 4 12 3 4 13 16 4 14 18 5 15 4 5 16 17 5 17 19 6 18 5 6 19 18 6 20 20 7 21 6 7 22 19 7 23 21 8 24 7 8 25 20 8 26 9 9 27 21 9 28 22 9 29 10 10 30 22 10 31 23 10 32 11 11 33 23 11 34 13 11 35 324 12 36 47 12 37 325 12 38 326 13 39 36 13 40 324 13 41 327 14 42 37 14 43 326 14 44 39 15 45 327 15 46 328 15 47 40 16 48 328 16 49 329 16 50 41 17 51 329 17 52 330 17 53 42 18 54 330 18 55 331 18 56 43 19 57 331 19 58 332 19 59 44 20 60 332 20 61 333 20 62 334 21 63 44 21 64 333 21 65 335 22 66 45 22 67 334 22 68 325 23 69 46 23 70 335 23 71 36 24 72 59 24 73 47 24 74 37 25 75 48 25 76 36 25 77 38 26 78 49 26 79 37 26 80 51 27 81 38 27 82 39 27 83 52 28 84 39 28 85 40 28 86 53 29 87 40 29 88 41 29 89 54 30 90 41 30 91 42 30 92 55 31 93 42 31 94 43 31 95 56 32 96 43 32 97 44 32 98 45 33 99 56 33 100 44 33 101 46 34 102 57 34 103 45 34 104 47 35 105 58 35 106 46 35 107 60 36 108 59 36 109 48 36 110 61 37 111 48 37 112 49 37 113 62 38 114 49 38 115 50 38 116 51 39 117 62 39 118 50 39 119 52 40 120 63 40 121 51 40 122 53 41 123 64 41 124 52 41 125 54 42 126 65 42 127 53 42 128 55 43 129 66 43 130 54 43 131 56 44 132 67 44 133 55 44 134 69 45 135 56 45 136 57 45 137 70 46 138 57 46 139 58 46 140 71 47 141 58 47 142 59 47 143 72 48 144 71 48 145 60 48 146 61 49 147 72 49 148 60 49 149 74 50 150 61 50 151 62 50 152 75 51 153 62 51 154 63 51 155 64 52 156 75 52 157 63 52 158 65 53 159 76 53 160 64 53 161 66 54 162 77 54 163 65 54 164 67 55 165 78 55 166 66 55 167 68 56 168 79 56 169 67 56 170 81 57 171 68 57 172 69 57 173 70 58 174 81 58 175 69 58 176 83 59 177 70 59 178 71 59 179 72 60 180 95 60 181 83 60 182 85 61 183 72 61 184 73 61 185 74 62 186 85 62 187 73 62 188 87 63 189 74 63 190 75 63 191 76 64 192 87 64 193 75 64 194 89 65 195 76 65 196 77 65 197 90 66 198 77 66 199 78 66 200 91 67 201 78 67 202 79 67 203 80 68 204 91 68 205 79 68 206 81 69 207 92 69 208 80 69 209 94 70 210 81 70 211 82 70 212 83 71 213 94 71 214 82 71 215 84 72 216 107 72 217 95 72 218 97 73 219 84 73 220 85 73 221 98 74 222 85 74 223 86 74 224 87 75 225 98 75 226 86 75 227 88 76 228 99 76 229 87 76 230 101 77 231 88 77 232 89 77 233 102 78 234 89 78 235 90 78 236 91 79 237 102 79 238 90 79 239 104 80 240 91 80 241 92 80 242 93 81 243 104 81 244 92 81 245 106 82 246 93 82 247 94 82 248 107 83 249 94 83 250 95 83 251 108 84 252 107 84 253 96 84 254 109 85 255 96 85 256 97 85 257 110 86 258 97 86 259 98 86 260 99 87 261 110 87 262 98 87 263 100 88 264 111 88 265 99 88 266 101 89 267 112 89 268 100 89 269 102 90 270 113 90 271 101 90 272 103 91 273 114 91 274 102 91 275 104 92 276 115 92 277 103 92 278 117 93 279 104 93 280 105 93 281 118 94 282 105 94 283 106 94 284 119 95 285 106 95 286 107 95 287 120 96 288 133 96 289 132 96 290 121 97 291 132 97 292 134 97 293 122 98 294 134 98 295 135 98 296 136 99 297 122 99 298 135 99 299 137 100 300 123 100 301 136 100 302 138 101 303 124 101 304 137 101 305 139 102 306 125 102 307 138 102 308 140 103 309 126 103 310 139 103 311 141 104 312 127 104 313 140 104 314 129 105 315 141 105 316 142 105 317 130 106 318 142 106 319 143 106 320 131 107 321 143 107 322 133 107 323 133 108 324 118 108 325 119 108 326 143 109 327 117 109 328 118 109 329 142 110 330 116 110 331 117 110 332 116 111 333 140 111 334 115 111 335 115 112 336 139 112 337 114 112 338 114 113 339 138 113 340 113 113 341 113 114 342 137 114 343 112 114 344 112 115 345 136 115 346 111 115 347 111 116 348 135 116 349 110 116 350 135 117 351 109 117 352 110 117 353 134 118 354 108 118 355 109 118 356 132 119 357 119 119 358 108 119 359 147 120 360 145 120 361 144 120 362 144 121 363 149 121 364 148 121 365 148 122 366 151 122 367 150 122 368 152 123 369 151 123 370 153 123 371 154 124 372 153 124 373 155 124 374 156 125 375 155 125 376 157 125 377 158 126 378 157 126 379 159 126 380 160 127 381 159 127 382 161 127 383 162 128 384 161 128 385 163 128 386 162 129 387 165 129 388 164 129 389 164 130 390 167 130 391 166 130 392 166 131 393 146 131 394 147 131 395 288 132 396 171 132 397 170 132 398 290 133 399 170 133 400 173 133 401 291 134 402 173 134 403 175 134 404 291 135 405 177 135 406 292 135 407 292 136 408 179 136 409 293 136 410 293 137 411 181 137 412 294 137 413 294 138 414 183 138 415 295 138 416 295 139 417 185 139 418 296 139 419 296 140 420 187 140 421 297 140 422 298 141 423 187 141 424 189 141 425 299 142 426 189 142 427 191 142 428 289 143 429 191 143 430 171 143 431 170 144 432 193 144 433 192 144 434 173 145 435 192 145 436 194 145 437 175 146 438 194 146 439 195 146 440 175 147 441 196 147 442 177 147 443 177 148 444 197 148 445 179 148 446 179 149 447 198 149 448 181 149 449 181 150 450 199 150 451 183 150 452 183 151 453 200 151 454 185 151 455 185 152 456 201 152 457 187 152 458 189 153 459 201 153 460 202 153 461 191 154 462 202 154 463 203 154 464 171 155 465 203 155 466 193 155 467 192 156 468 205 156 469 204 156 470 194 157 471 204 157 472 206 157 473 195 158 474 206 158 475 207 158 476 195 159 477 208 159 478 196 159 479 196 160 480 209 160 481 197 160 482 197 161 483 210 161 484 198 161 485 199 162 486 210 162 487 211 162 488 200 163 489 211 163 490 212 163 491 201 164 492 212 164 493 213 164 494 201 165 495 214 165 496 202 165 497 202 166 498 215 166 499 203 166 500 203 167 501 205 167 502 193 167 503 205 168 504 216 168 505 204 168 506 206 169 507 216 169 508 218 169 509 207 170 510 218 170 511 219 170 512 207 171 513 220 171 514 208 171 515 209 172 516 220 172 517 221 172 518 210 173 519 221 173 520 222 173 521 210 174 522 223 174 523 211 174 524 211 175 525 224 175 526 212 175 527 213 176 528 224 176 529 225 176 530 213 177 531 226 177 532 214 177 533 214 178 534 227 178 535 215 178 536 215 179 537 217 179 538 205 179 539 216 180 540 229 180 541 228 180 542 218 181 543 228 181 544 230 181 545 218 182 546 231 182 547 219 182 548 220 183 549 231 183 550 232 183 551 221 184 552 232 184 553 233 184 554 221 185 555 234 185 556 222 185 557 222 186 558 235 186 559 223 186 560 223 187 561 236 187 562 224 187 563 225 188 564 236 188 565 237 188 566 226 189 567 237 189 568 238 189 569 226 190 570 239 190 571 227 190 572 217 191 573 239 191 574 229 191 575 229 192 576 240 192 577 228 192 578 228 193 579 242 193 580 230 193 581 230 194 582 243 194 583 231 194 584 232 195 585 243 195 586 244 195 587 233 196 588 244 196 589 245 196 590 234 197 591 245 197 592 246 197 593 234 198 594 247 198 595 235 198 596 235 199 597 248 199 598 236 199 599 236 200 600 249 200 601 237 200 602 238 201 603 249 201 604 250 201 605 239 202 606 250 202 607 251 202 608 229 203 609 251 203 610 241 203 611 241 204 612 252 204 613 240 204 614 240 205 615 254 205 616 242 205 617 242 206 618 255 206 619 243 206 620 244 207 621 255 207 622 256 207 623 245 208 624 256 208 625 257 208 626 246 209 627 257 209 628 258 209 629 247 210 630 258 210 631 259 210 632 248 211 633 259 211 634 260 211 635 249 212 636 260 212 637 261 212 638 249 213 639 262 213 640 250 213 641 250 214 642 263 214 643 251 214 644 251 215 645 253 215 646 241 215 647 301 216 648 265 216 649 300 216 650 300 217 651 269 217 652 302 217 653 302 218 654 271 218 655 303 218 656 304 219 657 271 219 658 273 219 659 305 220 660 273 220 661 275 220 662 306 221 663 275 221 664 277 221 665 307 222 666 277 222 667 279 222 668 308 223 669 279 223 670 281 223 671 309 224 672 281 224 673 283 224 674 309 225 675 285 225 676 310 225 677 310 226 678 287 226 679 311 226 680 311 227 681 266 227 682 301 227 683 323 228 684 267 228 685 313 228 686 322 229 687 286 229 688 323 229 689 321 230 690 284 230 691 322 230 692 321 231 693 280 231 694 282 231 695 320 232 696 278 232 697 280 232 698 319 233 699 276 233 700 278 233 701 318 234 702 274 234 703 276 234 704 317 235 705 272 235 706 274 235 707 316 236 708 270 236 709 272 236 710 314 237 711 270 237 712 315 237 713 312 238 714 268 238 715 314 238 716 313 239 717 264 239 718 312 239 719 154 240 720 18 240 721 17 240 722 149 241 723 0 241 724 1 241 725 127 242 726 279 242 727 126 242 728 152 243 729 17 243 730 16 243 731 182 244 732 31 244 733 30 244 734 8 245 735 161 245 736 7 245 737 150 246 738 16 246 739 15 246 740 121 247 741 265 247 742 120 247 743 26 248 744 176 248 745 27 248 746 151 249 747 1 249 748 2 249 749 128 250 750 281 250 751 127 250 752 14 251 753 150 251 754 15 251 755 165 252 756 8 252 757 9 252 758 12 253 759 148 253 760 14 253 761 184 254 762 32 254 763 31 254 764 122 255 765 269 255 766 121 255 767 3 256 768 151 256 769 2 256 770 285 257 771 128 257 772 129 257 773 13 258 774 144 258 775 12 258 776 167 259 777 9 259 778 10 259 779 27 260 780 178 260 781 28 260 782 169 261 783 24 261 784 35 261 785 273 262 786 122 262 787 123 262 788 146 263 789 10 263 790 11 263 791 4 264 792 153 264 793 3 264 794 287 265 795 129 265 796 130 265 797 32 266 798 188 266 799 33 266 800 23 267 801 147 267 802 13 267 803 266 268 804 130 268 805 131 268 806 275 269 807 123 269 808 124 269 809 164 270 810 23 270 811 22 270 812 28 271 813 180 271 814 29 271 815 5 272 816 155 272 817 4 272 818 162 273 819 22 273 820 21 273 821 168 274 822 25 274 823 24 274 824 33 275 825 190 275 826 34 275 827 125 276 828 275 276 829 124 276 830 20 277 831 162 277 832 21 277 833 6 278 834 157 278 835 5 278 836 145 279 837 11 279 838 0 279 839 19 280 840 160 280 841 20 280 842 180 281 843 30 281 844 29 281 845 126 282 846 277 282 847 125 282 848 156 283 849 19 283 850 18 283 851 265 284 852 131 284 853 120 284 854 7 285 855 159 285 856 6 285 857 172 286 858 26 286 859 25 286 860 34 287 861 169 287 862 35 287 863 190 288 864 289 288 865 169 288 866 188 289 867 299 289 868 190 289 869 186 290 870 298 290 871 188 290 872 186 291 873 296 291 874 297 291 875 184 292 876 295 292 877 296 292 878 182 293 879 294 293 880 295 293 881 180 294 882 293 294 883 294 294 884 178 295 885 292 295 886 293 295 887 176 296 888 291 296 889 292 296 890 172 297 891 291 297 892 174 297 893 168 298 894 290 298 895 172 298 896 169 299 897 288 299 898 168 299 899 286 300 900 301 300 901 267 300 902 284 301 903 311 301 904 286 301 905 282 302 906 310 302 907 284 302 908 282 303 909 308 303 910 309 303 911 280 304 912 307 304 913 308 304 914 278 305 915 306 305 916 307 305 917 276 306 918 305 306 919 306 306 920 274 307 921 304 307 922 305 307 923 272 308 924 303 308 925 304 308 926 268 309 927 303 309 928 270 309 929 264 310 930 302 310 931 268 310 932 267 311 933 300 311 934 264 311 935 253 312 936 312 312 937 252 312 938 252 313 939 314 313 940 254 313 941 254 314 942 315 314 943 255 314 944 256 315 945 315 315 946 316 315 947 257 316 948 316 316 949 317 316 950 258 317 951 317 317 952 318 317 953 259 318 954 318 318 955 319 318 956 260 319 957 319 319 958 320 319 959 261 320 960 320 320 961 321 320 962 261 321 963 322 321 964 262 321 965 262 322 966 323 322 967 263 322 968 263 323 969 313 323 970 253 323 971 35 324 972 335 324 973 34 324 974 34 325 975 334 325 976 33 325 977 33 326 978 333 326 979 32 326 980 333 327 981 31 327 982 32 327 983 332 328 984 30 328 985 31 328 986 331 329 987 29 329 988 30 329 989 330 330 990 28 330 991 29 330 992 329 331 993 27 331 994 28 331 995 328 332 996 26 332 997 27 332 998 26 333 999 326 333 1000 25 333 1001 25 334 1002 324 334 1003 24 334 1004 24 335 1005 325 335 1006 35 335 1007 339 336 1008 337 336 1009 336 336 1010 336 337 1011 341 337 1012 340 337 1013 340 338 1014 343 338 1015 342 338 1016 344 339 1017 343 339 1018 345 339 1019 346 340 1020 345 340 1021 347 340 1022 348 341 1023 347 341 1024 349 341 1025 350 342 1026 349 342 1027 351 342 1028 352 343 1029 351 343 1030 353 343 1031 354 344 1032 353 344 1033 355 344 1034 354 345 1035 357 345 1036 356 345 1037 356 346 1038 359 346 1039 358 346 1040 358 347 1041 338 347 1042 339 347 1043 362 348 1044 364 348 1045 363 348 1046 367 349 1047 363 349 1048 368 349 1049 370 350 1050 368 350 1051 371 350 1052 370 351 1053 374 351 1054 373 351 1055 373 352 1056 377 352 1057 376 352 1058 376 353 1059 380 353 1060 379 353 1061 379 354 1062 383 354 1063 382 354 1064 382 355 1065 386 355 1066 385 355 1067 385 356 1068 389 356 1069 388 356 1070 391 357 1071 389 357 1072 392 357 1073 394 358 1074 392 358 1075 395 358 1076 365 359 1077 395 359 1078 364 359 1079 363 360 1080 397 360 1081 396 360 1082 368 361 1083 396 361 1084 398 361 1085 371 362 1086 398 362 1087 399 362 1088 371 363 1089 400 363 1090 374 363 1091 374 364 1092 401 364 1093 377 364 1094 377 365 1095 402 365 1096 380 365 1097 380 366 1098 403 366 1099 383 366 1100 383 367 1101 404 367 1102 386 367 1103 386 368 1104 405 368 1105 389 368 1106 392 369 1107 405 369 1108 406 369 1109 395 370 1110 406 370 1111 407 370 1112 364 371 1113 407 371 1114 397 371 1115 397 372 1116 408 372 1117 396 372 1118 396 373 1119 410 373 1120 398 373 1121 398 374 1122 411 374 1123 399 374 1124 400 375 1125 411 375 1126 412 375 1127 401 376 1128 412 376 1129 413 376 1130 402 377 1131 413 377 1132 414 377 1133 402 378 1134 415 378 1135 403 378 1136 403 379 1137 416 379 1138 404 379 1139 404 380 1140 417 380 1141 405 380 1142 406 381 1143 417 381 1144 418 381 1145 407 382 1146 418 382 1147 419 382 1148 397 383 1149 419 383 1150 409 383 1151 409 384 1152 420 384 1153 408 384 1154 410 385 1155 420 385 1156 422 385 1157 410 386 1158 423 386 1159 411 386 1160 412 387 1161 423 387 1162 424 387 1163 412 388 1164 425 388 1165 413 388 1166 414 389 1167 425 389 1168 426 389 1169 415 390 1170 426 390 1171 427 390 1172 415 391 1173 428 391 1174 416 391 1175 417 392 1176 428 392 1177 429 392 1178 417 393 1179 430 393 1180 418 393 1181 418 394 1182 431 394 1183 419 394 1184 419 395 1185 421 395 1186 409 395 1187 421 396 1188 432 396 1189 420 396 1190 422 397 1191 432 397 1192 434 397 1193 423 398 1194 434 398 1195 435 398 1196 424 399 1197 435 399 1198 436 399 1199 424 400 1200 437 400 1201 425 400 1202 426 401 1203 437 401 1204 438 401 1205 426 402 1206 439 402 1207 427 402 1208 427 403 1209 440 403 1210 428 403 1211 429 404 1212 440 404 1213 441 404 1214 430 405 1215 441 405 1216 442 405 1217 430 406 1218 443 406 1219 431 406 1220 421 407 1221 443 407 1222 433 407 1223 432 408 1224 445 408 1225 444 408 1226 434 409 1227 444 409 1228 446 409 1229 435 410 1230 446 410 1231 447 410 1232 435 411 1233 448 411 1234 436 411 1235 436 412 1236 449 412 1237 437 412 1238 437 413 1239 450 413 1240 438 413 1241 439 414 1242 450 414 1243 451 414 1244 440 415 1245 451 415 1246 452 415 1247 441 416 1248 452 416 1249 453 416 1250 441 417 1251 454 417 1252 442 417 1253 442 418 1254 455 418 1255 443 418 1256 443 419 1257 445 419 1258 433 419 1259 445 420 1260 456 420 1261 444 420 1262 444 421 1263 458 421 1264 446 421 1265 446 422 1266 459 422 1267 447 422 1268 448 423 1269 459 423 1270 460 423 1271 449 424 1272 460 424 1273 461 424 1274 450 425 1275 461 425 1276 462 425 1277 451 426 1278 462 426 1279 463 426 1280 452 427 1281 463 427 1282 464 427 1283 453 428 1284 464 428 1285 465 428 1286 453 429 1287 466 429 1288 454 429 1289 454 430 1290 467 430 1291 455 430 1292 455 431 1293 457 431 1294 445 431 1295 471 432 1296 469 432 1297 468 432 1298 468 433 1299 473 433 1300 472 433 1301 472 434 1302 475 434 1303 474 434 1304 476 435 1305 475 435 1306 477 435 1307 478 436 1308 477 436 1309 479 436 1310 480 437 1311 479 437 1312 481 437 1313 482 438 1314 481 438 1315 483 438 1316 484 439 1317 483 439 1318 485 439 1319 486 440 1320 485 440 1321 487 440 1322 486 441 1323 489 441 1324 488 441 1325 488 442 1326 491 442 1327 490 442 1328 490 443 1329 470 443 1330 471 443 1331 467 444 1332 471 444 1333 457 444 1334 466 445 1335 490 445 1336 467 445 1337 465 446 1338 488 446 1339 466 446 1340 465 447 1341 484 447 1342 486 447 1343 464 448 1344 482 448 1345 484 448 1346 463 449 1347 480 449 1348 482 449 1349 462 450 1350 478 450 1351 480 450 1352 461 451 1353 476 451 1354 478 451 1355 460 452 1356 474 452 1357 476 452 1358 458 453 1359 474 453 1360 459 453 1361 456 454 1362 472 454 1363 458 454 1364 457 455 1365 468 455 1366 456 455 1367 493 456 1368 495 456 1369 492 456 1370 497 457 1371 492 457 1372 496 457 1373 499 458 1374 496 458 1375 498 458 1376 500 459 1377 499 459 1378 498 459 1379 502 460 1380 501 460 1381 500 460 1382 504 461 1383 503 461 1384 502 461 1385 506 462 1386 505 462 1387 504 462 1388 508 463 1389 507 463 1390 506 463 1391 510 464 1392 509 464 1393 508 464 1394 513 465 1395 510 465 1396 512 465 1397 515 466 1398 512 466 1399 514 466 1400 494 467 1401 514 467 1402 495 467 1403 518 468 1404 520 468 1405 521 468 1406 523 469 1407 519 469 1408 518 469 1409 526 470 1410 524 470 1411 523 470 1412 530 471 1413 526 471 1414 529 471 1415 533 472 1416 529 472 1417 532 472 1418 536 473 1419 532 473 1420 535 473 1421 539 474 1422 535 474 1423 538 474 1424 542 475 1425 538 475 1426 541 475 1427 545 476 1428 541 476 1429 544 476 1430 547 477 1431 545 477 1432 544 477 1433 550 478 1434 548 478 1435 547 478 1436 521 479 1437 551 479 1438 550 479 1439 519 480 1440 553 480 1441 520 480 1442 524 481 1443 552 481 1444 519 481 1445 527 482 1446 554 482 1447 524 482 1448 556 483 1449 527 483 1450 530 483 1451 557 484 1452 530 484 1453 533 484 1454 558 485 1455 533 485 1456 536 485 1457 559 486 1458 536 486 1459 539 486 1460 560 487 1461 539 487 1462 542 487 1463 561 488 1464 542 488 1465 545 488 1466 548 489 1467 561 489 1468 545 489 1469 551 490 1470 562 490 1471 548 490 1472 520 491 1473 563 491 1474 551 491 1475 552 492 1476 565 492 1477 553 492 1478 554 493 1479 564 493 1480 552 493 1481 555 494 1482 566 494 1483 554 494 1484 568 495 1485 555 495 1486 556 495 1487 569 496 1488 556 496 1489 557 496 1490 570 497 1491 557 497 1492 558 497 1493 559 498 1494 570 498 1495 558 498 1496 560 499 1497 571 499 1498 559 499 1499 561 500 1500 572 500 1501 560 500 1502 574 501 1503 561 501 1504 562 501 1505 575 502 1506 562 502 1507 563 502 1508 565 503 1509 563 503 1510 553 503 1511 564 504 1512 577 504 1513 565 504 1514 566 505 1515 576 505 1516 564 505 1517 567 506 1518 578 506 1519 566 506 1520 580 507 1521 567 507 1522 568 507 1523 581 508 1524 568 508 1525 569 508 1526 582 509 1527 569 509 1528 570 509 1529 583 510 1530 570 510 1531 571 510 1532 584 511 1533 571 511 1534 572 511 1535 585 512 1536 572 512 1537 573 512 1538 574 513 1539 585 513 1540 573 513 1541 575 514 1542 586 514 1543 574 514 1544 565 515 1545 587 515 1546 575 515 1547 588 516 1548 577 516 1549 576 516 1550 590 517 1551 576 517 1552 578 517 1553 591 518 1554 578 518 1555 579 518 1556 580 519 1557 591 519 1558 579 519 1559 581 520 1560 592 520 1561 580 520 1562 582 521 1563 593 521 1564 581 521 1565 583 522 1566 594 522 1567 582 522 1568 584 523 1569 595 523 1570 583 523 1571 585 524 1572 596 524 1573 584 524 1574 598 525 1575 585 525 1576 586 525 1577 599 526 1578 586 526 1579 587 526 1580 589 527 1581 587 527 1582 577 527 1583 600 528 1584 589 528 1585 588 528 1586 602 529 1587 588 529 1588 590 529 1589 603 530 1590 590 530 1591 591 530 1592 592 531 1593 603 531 1594 591 531 1595 593 532 1596 604 532 1597 592 532 1598 594 533 1599 605 533 1600 593 533 1601 607 534 1602 594 534 1603 595 534 1604 608 535 1605 595 535 1606 596 535 1607 609 536 1608 596 536 1609 597 536 1610 598 537 1611 609 537 1612 597 537 1613 599 538 1614 610 538 1615 598 538 1616 589 539 1617 611 539 1618 599 539 1619 612 540 1620 601 540 1621 600 540 1622 614 541 1623 600 541 1624 602 541 1625 615 542 1626 602 542 1627 603 542 1628 604 543 1629 615 543 1630 603 543 1631 605 544 1632 616 544 1633 604 544 1634 606 545 1635 617 545 1636 605 545 1637 607 546 1638 618 546 1639 606 546 1640 608 547 1641 619 547 1642 607 547 1643 609 548 1644 620 548 1645 608 548 1646 622 549 1647 609 549 1648 610 549 1649 623 550 1650 610 550 1651 611 550 1652 613 551 1653 611 551 1654 601 551 1655 625 552 1656 627 552 1657 624 552 1658 629 553 1659 624 553 1660 628 553 1661 631 554 1662 628 554 1663 630 554 1664 632 555 1665 631 555 1666 630 555 1667 634 556 1668 633 556 1669 632 556 1670 636 557 1671 635 557 1672 634 557 1673 638 558 1674 637 558 1675 636 558 1676 640 559 1677 639 559 1678 638 559 1679 642 560 1680 641 560 1681 640 560 1682 645 561 1683 642 561 1684 644 561 1685 647 562 1686 644 562 1687 646 562 1688 626 563 1689 646 563 1690 627 563 1691 651 564 1692 670 564 1693 650 564 1694 671 565 1695 668 565 1696 670 565 1697 669 566 1698 666 566 1699 668 566 1700 666 567 1701 665 567 1702 664 567 1703 664 568 1704 663 568 1705 662 568 1706 662 569 1707 661 569 1708 660 569 1709 660 570 1710 659 570 1711 658 570 1712 658 571 1713 657 571 1714 656 571 1715 656 572 1716 655 572 1717 654 572 1718 655 573 1719 652 573 1720 654 573 1721 653 574 1722 648 574 1723 652 574 1724 649 575 1725 650 575 1726 648 575 1727 348 576 1728 502 576 1729 346 576 1730 337 577 1731 497 577 1732 341 577 1733 485 578 1734 639 578 1735 641 578 1736 346 579 1737 500 579 1738 344 579 1739 384 580 1740 537 580 1741 381 580 1742 355 581 1743 509 581 1744 511 581 1745 344 582 1746 498 582 1747 342 582 1748 473 583 1749 625 583 1750 629 583 1751 369 584 1752 528 584 1753 525 584 1754 341 585 1755 499 585 1756 343 585 1757 487 586 1758 641 586 1759 643 586 1760 340 587 1761 498 587 1762 496 587 1763 355 588 1764 513 588 1765 357 588 1766 336 589 1767 496 589 1768 492 589 1769 387 590 1770 540 590 1771 384 590 1772 475 591 1773 629 591 1774 631 591 1775 345 592 1776 499 592 1777 501 592 1778 487 593 1779 645 593 1780 489 593 1781 339 594 1782 492 594 1783 495 594 1784 357 595 1785 515 595 1786 359 595 1787 372 596 1788 531 596 1789 528 596 1790 360 597 1791 517 597 1792 361 597 1793 475 598 1794 633 598 1795 477 598 1796 359 599 1797 494 599 1798 338 599 1799 347 600 1800 501 600 1801 503 600 1802 489 601 1803 647 601 1804 491 601 1805 387 602 1806 546 602 1807 543 602 1808 358 603 1809 495 603 1810 514 603 1811 491 604 1812 626 604 1813 470 604 1814 477 605 1815 635 605 1816 479 605 1817 356 606 1818 514 606 1819 512 606 1820 375 607 1821 534 607 1822 531 607 1823 349 608 1824 503 608 1825 505 608 1826 356 609 1827 510 609 1828 354 609 1829 366 610 1830 516 610 1831 360 610 1832 390 611 1833 549 611 1834 546 611 1835 481 612 1836 635 612 1837 637 612 1838 352 613 1839 510 613 1840 508 613 1841 351 614 1842 505 614 1843 507 614 1844 338 615 1845 493 615 1846 337 615 1847 352 616 1848 506 616 1849 350 616 1850 381 617 1851 534 617 1852 378 617 1853 483 618 1854 637 618 1855 639 618 1856 350 619 1857 504 619 1858 348 619 1859 470 620 1860 625 620 1861 469 620 1862 353 621 1863 507 621 1864 509 621 1865 369 622 1866 522 622 1867 366 622 1868 393 623 1869 517 623 1870 549 623 1871 517 624 1872 550 624 1873 549 624 1874 549 625 1875 547 625 1876 546 625 1877 546 626 1878 544 626 1879 543 626 1880 544 627 1881 540 627 1882 543 627 1883 541 628 1884 537 628 1885 540 628 1886 538 629 1887 534 629 1888 537 629 1889 535 630 1890 531 630 1891 534 630 1892 532 631 1893 528 631 1894 531 631 1895 529 632 1896 525 632 1897 528 632 1898 525 633 1899 523 633 1900 522 633 1901 522 634 1902 518 634 1903 516 634 1904 516 635 1905 521 635 1906 517 635 1907 627 636 1908 671 636 1909 651 636 1910 646 637 1911 669 637 1912 671 637 1913 644 638 1914 667 638 1915 669 638 1916 667 639 1917 640 639 1918 665 639 1919 665 640 1920 638 640 1921 663 640 1922 663 641 1923 636 641 1924 661 641 1925 661 642 1926 634 642 1927 659 642 1928 659 643 1929 632 643 1930 657 643 1931 657 644 1932 630 644 1933 655 644 1934 630 645 1935 653 645 1936 655 645 1937 628 646 1938 649 646 1939 653 646 1940 624 647 1941 651 647 1942 649 647 1943 648 648 1944 613 648 1945 612 648 1946 652 649 1947 612 649 1948 614 649 1949 654 650 1950 614 650 1951 615 650 1952 616 651 1953 654 651 1954 615 651 1955 617 652 1956 656 652 1957 616 652 1958 618 653 1959 658 653 1960 617 653 1961 619 654 1962 660 654 1963 618 654 1964 620 655 1965 662 655 1966 619 655 1967 621 656 1968 664 656 1969 620 656 1970 668 657 1971 621 657 1972 622 657 1973 670 658 1974 622 658 1975 623 658 1976 650 659 1977 623 659 1978 613 659 1979 361 660 1980 394 660 1981 365 660 1982 393 661 1983 391 661 1984 394 661 1985 390 662 1986 388 662 1987 391 662 1988 384 663 1989 388 663 1990 387 663 1991 381 664 1992 385 664 1993 384 664 1994 378 665 1995 382 665 1996 381 665 1997 375 666 1998 379 666 1999 378 666 2000 372 667 2001 376 667 2002 375 667 2003 369 668 2004 373 668 2005 372 668 2006 369 669 2007 367 669 2008 370 669 2009 366 670 2010 362 670 2011 367 670 2012 360 671 2013 365 671 2014 362 671 2015 0 672 2016 11 672 2017 13 672 2018 1 673 2019 0 673 2020 12 673 2021 2 674 2022 1 674 2023 14 674 2024 16 675 2025 3 675 2026 2 675 2027 17 676 2028 4 676 2029 3 676 2030 18 677 2031 5 677 2032 4 677 2033 19 678 2034 6 678 2035 5 678 2036 20 679 2037 7 679 2038 6 679 2039 21 680 2040 8 680 2041 7 680 2042 9 681 2043 8 681 2044 21 681 2045 10 682 2046 9 682 2047 22 682 2048 11 683 2049 10 683 2050 23 683 2051 324 684 2052 36 684 2053 47 684 2054 326 685 2055 37 685 2056 36 685 2057 327 686 2058 38 686 2059 37 686 2060 39 687 2061 38 687 2062 327 687 2063 40 688 2064 39 688 2065 328 688 2066 41 689 2067 40 689 2068 329 689 2069 42 690 2070 41 690 2071 330 690 2072 43 691 2073 42 691 2074 331 691 2075 44 692 2076 43 692 2077 332 692 2078 334 693 2079 45 693 2080 44 693 2081 335 694 2082 46 694 2083 45 694 2084 325 695 2085 47 695 2086 46 695 2087 36 696 2088 48 696 2089 59 696 2090 37 697 2091 49 697 2092 48 697 2093 38 698 2094 50 698 2095 49 698 2096 51 699 2097 50 699 2098 38 699 2099 52 700 2100 51 700 2101 39 700 2102 53 701 2103 52 701 2104 40 701 2105 54 702 2106 53 702 2107 41 702 2108 55 703 2109 54 703 2110 42 703 2111 56 704 2112 55 704 2113 43 704 2114 45 705 2115 57 705 2116 56 705 2117 46 706 2118 58 706 2119 57 706 2120 47 707 2121 59 707 2122 58 707 2123 60 708 2124 71 708 2125 59 708 2126 61 709 2127 60 709 2128 48 709 2129 62 710 2130 61 710 2131 49 710 2132 51 711 2133 63 711 2134 62 711 2135 52 712 2136 64 712 2137 63 712 2138 53 713 2139 65 713 2140 64 713 2141 54 714 2142 66 714 2143 65 714 2144 55 715 2145 67 715 2146 66 715 2147 56 716 2148 68 716 2149 67 716 2150 69 717 2151 68 717 2152 56 717 2153 70 718 2154 69 718 2155 57 718 2156 71 719 2157 70 719 2158 58 719 2159 72 720 2160 83 720 2161 71 720 2162 61 721 2163 73 721 2164 72 721 2165 74 722 2166 73 722 2167 61 722 2168 75 723 2169 74 723 2170 62 723 2171 64 724 2172 76 724 2173 75 724 2174 65 725 2175 77 725 2176 76 725 2177 66 726 2178 78 726 2179 77 726 2180 67 727 2181 79 727 2182 78 727 2183 68 728 2184 80 728 2185 79 728 2186 81 729 2187 80 729 2188 68 729 2189 70 730 2190 82 730 2191 81 730 2192 83 731 2193 82 731 2194 70 731 2195 72 732 2196 84 732 2197 95 732 2198 85 733 2199 84 733 2200 72 733 2201 74 734 2202 86 734 2203 85 734 2204 87 735 2205 86 735 2206 74 735 2207 76 736 2208 88 736 2209 87 736 2210 89 737 2211 88 737 2212 76 737 2213 90 738 2214 89 738 2215 77 738 2216 91 739 2217 90 739 2218 78 739 2219 80 740 2220 92 740 2221 91 740 2222 81 741 2223 93 741 2224 92 741 2225 94 742 2226 93 742 2227 81 742 2228 83 743 2229 95 743 2230 94 743 2231 84 744 2232 96 744 2233 107 744 2234 97 745 2235 96 745 2236 84 745 2237 98 746 2238 97 746 2239 85 746 2240 87 747 2241 99 747 2242 98 747 2243 88 748 2244 100 748 2245 99 748 2246 101 749 2247 100 749 2248 88 749 2249 102 750 2250 101 750 2251 89 750 2252 91 751 2253 103 751 2254 102 751 2255 104 752 2256 103 752 2257 91 752 2258 93 753 2259 105 753 2260 104 753 2261 106 754 2262 105 754 2263 93 754 2264 107 755 2265 106 755 2266 94 755 2267 108 756 2268 119 756 2269 107 756 2270 109 757 2271 108 757 2272 96 757 2273 110 758 2274 109 758 2275 97 758 2276 99 759 2277 111 759 2278 110 759 2279 100 760 2280 112 760 2281 111 760 2282 101 761 2283 113 761 2284 112 761 2285 102 762 2286 114 762 2287 113 762 2288 103 763 2289 115 763 2290 114 763 2291 104 764 2292 116 764 2293 115 764 2294 117 765 2295 116 765 2296 104 765 2297 118 766 2298 117 766 2299 105 766 2300 119 767 2301 118 767 2302 106 767 2303 120 768 2304 131 768 2305 133 768 2306 121 769 2307 120 769 2308 132 769 2309 122 770 2310 121 770 2311 134 770 2312 136 771 2313 123 771 2314 122 771 2315 137 772 2316 124 772 2317 123 772 2318 138 773 2319 125 773 2320 124 773 2321 139 774 2322 126 774 2323 125 774 2324 140 775 2325 127 775 2326 126 775 2327 141 776 2328 128 776 2329 127 776 2330 129 777 2331 128 777 2332 141 777 2333 130 778 2334 129 778 2335 142 778 2336 131 779 2337 130 779 2338 143 779 2339 133 780 2340 143 780 2341 118 780 2342 143 781 2343 142 781 2344 117 781 2345 142 782 2346 141 782 2347 116 782 2348 116 783 2349 141 783 2350 140 783 2351 115 784 2352 140 784 2353 139 784 2354 114 785 2355 139 785 2356 138 785 2357 113 786 2358 138 786 2359 137 786 2360 112 787 2361 137 787 2362 136 787 2363 111 788 2364 136 788 2365 135 788 2366 135 789 2367 134 789 2368 109 789 2369 134 790 2370 132 790 2371 108 790 2372 132 791 2373 133 791 2374 119 791 2375 147 792 2376 146 792 2377 145 792 2378 144 793 2379 145 793 2380 149 793 2381 148 794 2382 149 794 2383 151 794 2384 152 795 2385 150 795 2386 151 795 2387 154 796 2388 152 796 2389 153 796 2390 156 797 2391 154 797 2392 155 797 2393 158 798 2394 156 798 2395 157 798 2396 160 799 2397 158 799 2398 159 799 2399 162 800 2400 160 800 2401 161 800 2402 162 801 2403 163 801 2404 165 801 2405 164 802 2406 165 802 2407 167 802 2408 166 803 2409 167 803 2410 146 803 2411 288 804 2412 289 804 2413 171 804 2414 290 805 2415 288 805 2416 170 805 2417 291 806 2418 290 806 2419 173 806 2420 291 807 2421 175 807 2422 177 807 2423 292 808 2424 177 808 2425 179 808 2426 293 809 2427 179 809 2428 181 809 2429 294 810 2430 181 810 2431 183 810 2432 295 811 2433 183 811 2434 185 811 2435 296 812 2436 185 812 2437 187 812 2438 298 813 2439 297 813 2440 187 813 2441 299 814 2442 298 814 2443 189 814 2444 289 815 2445 299 815 2446 191 815 2447 170 816 2448 171 816 2449 193 816 2450 173 817 2451 170 817 2452 192 817 2453 175 818 2454 173 818 2455 194 818 2456 175 819 2457 195 819 2458 196 819 2459 177 820 2460 196 820 2461 197 820 2462 179 821 2463 197 821 2464 198 821 2465 181 822 2466 198 822 2467 199 822 2468 183 823 2469 199 823 2470 200 823 2471 185 824 2472 200 824 2473 201 824 2474 189 825 2475 187 825 2476 201 825 2477 191 826 2478 189 826 2479 202 826 2480 171 827 2481 191 827 2482 203 827 2483 192 828 2484 193 828 2485 205 828 2486 194 829 2487 192 829 2488 204 829 2489 195 830 2490 194 830 2491 206 830 2492 195 831 2493 207 831 2494 208 831 2495 196 832 2496 208 832 2497 209 832 2498 197 833 2499 209 833 2500 210 833 2501 199 834 2502 198 834 2503 210 834 2504 200 835 2505 199 835 2506 211 835 2507 201 836 2508 200 836 2509 212 836 2510 201 837 2511 213 837 2512 214 837 2513 202 838 2514 214 838 2515 215 838 2516 203 839 2517 215 839 2518 205 839 2519 205 840 2520 217 840 2521 216 840 2522 206 841 2523 204 841 2524 216 841 2525 207 842 2526 206 842 2527 218 842 2528 207 843 2529 219 843 2530 220 843 2531 209 844 2532 208 844 2533 220 844 2534 210 845 2535 209 845 2536 221 845 2537 210 846 2538 222 846 2539 223 846 2540 211 847 2541 223 847 2542 224 847 2543 213 848 2544 212 848 2545 224 848 2546 213 849 2547 225 849 2548 226 849 2549 214 850 2550 226 850 2551 227 850 2552 215 851 2553 227 851 2554 217 851 2555 216 852 2556 217 852 2557 229 852 2558 218 853 2559 216 853 2560 228 853 2561 218 854 2562 230 854 2563 231 854 2564 220 855 2565 219 855 2566 231 855 2567 221 856 2568 220 856 2569 232 856 2570 221 857 2571 233 857 2572 234 857 2573 222 858 2574 234 858 2575 235 858 2576 223 859 2577 235 859 2578 236 859 2579 225 860 2580 224 860 2581 236 860 2582 226 861 2583 225 861 2584 237 861 2585 226 862 2586 238 862 2587 239 862 2588 217 863 2589 227 863 2590 239 863 2591 229 864 2592 241 864 2593 240 864 2594 228 865 2595 240 865 2596 242 865 2597 230 866 2598 242 866 2599 243 866 2600 232 867 2601 231 867 2602 243 867 2603 233 868 2604 232 868 2605 244 868 2606 234 869 2607 233 869 2608 245 869 2609 234 870 2610 246 870 2611 247 870 2612 235 871 2613 247 871 2614 248 871 2615 236 872 2616 248 872 2617 249 872 2618 238 873 2619 237 873 2620 249 873 2621 239 874 2622 238 874 2623 250 874 2624 229 875 2625 239 875 2626 251 875 2627 241 876 2628 253 876 2629 252 876 2630 240 877 2631 252 877 2632 254 877 2633 242 878 2634 254 878 2635 255 878 2636 244 879 2637 243 879 2638 255 879 2639 245 880 2640 244 880 2641 256 880 2642 246 881 2643 245 881 2644 257 881 2645 247 882 2646 246 882 2647 258 882 2648 248 883 2649 247 883 2650 259 883 2651 249 884 2652 248 884 2653 260 884 2654 249 885 2655 261 885 2656 262 885 2657 250 886 2658 262 886 2659 263 886 2660 251 887 2661 263 887 2662 253 887 2663 301 888 2664 266 888 2665 265 888 2666 300 889 2667 265 889 2668 269 889 2669 302 890 2670 269 890 2671 271 890 2672 304 891 2673 303 891 2674 271 891 2675 305 892 2676 304 892 2677 273 892 2678 306 893 2679 305 893 2680 275 893 2681 307 894 2682 306 894 2683 277 894 2684 308 895 2685 307 895 2686 279 895 2687 309 896 2688 308 896 2689 281 896 2690 309 897 2691 283 897 2692 285 897 2693 310 898 2694 285 898 2695 287 898 2696 311 899 2697 287 899 2698 266 899 2699 323 900 2700 286 900 2701 267 900 2702 322 901 2703 284 901 2704 286 901 2705 321 902 2706 282 902 2707 284 902 2708 321 903 2709 320 903 2710 280 903 2711 320 904 2712 319 904 2713 278 904 2714 319 905 2715 318 905 2716 276 905 2717 318 906 2718 317 906 2719 274 906 2720 317 907 2721 316 907 2722 272 907 2723 316 908 2724 315 908 2725 270 908 2726 314 909 2727 268 909 2728 270 909 2729 312 910 2730 264 910 2731 268 910 2732 313 911 2733 267 911 2734 264 911 2735 154 912 2736 156 912 2737 18 912 2738 149 913 2739 145 913 2740 0 913 2741 127 914 2742 281 914 2743 279 914 2744 152 915 2745 154 915 2746 17 915 2747 182 916 2748 184 916 2749 31 916 2750 8 917 2751 163 917 2752 161 917 2753 150 918 2754 152 918 2755 16 918 2756 121 919 2757 269 919 2758 265 919 2759 26 920 2760 174 920 2761 176 920 2762 151 921 2763 149 921 2764 1 921 2765 128 922 2766 283 922 2767 281 922 2768 14 923 2769 148 923 2770 150 923 2771 165 924 2772 163 924 2773 8 924 2774 12 925 2775 144 925 2776 148 925 2777 184 926 2778 186 926 2779 32 926 2780 122 927 2781 271 927 2782 269 927 2783 3 928 2784 153 928 2785 151 928 2786 285 929 2787 283 929 2788 128 929 2789 13 930 2790 147 930 2791 144 930 2792 167 931 2793 165 931 2794 9 931 2795 27 932 2796 176 932 2797 178 932 2798 169 933 2799 168 933 2800 24 933 2801 273 934 2802 271 934 2803 122 934 2804 146 935 2805 167 935 2806 10 935 2807 4 936 2808 155 936 2809 153 936 2810 287 937 2811 285 937 2812 129 937 2813 32 938 2814 186 938 2815 188 938 2816 23 939 2817 166 939 2818 147 939 2819 266 940 2820 287 940 2821 130 940 2822 275 941 2823 273 941 2824 123 941 2825 164 942 2826 166 942 2827 23 942 2828 28 943 2829 178 943 2830 180 943 2831 5 944 2832 157 944 2833 155 944 2834 162 945 2835 164 945 2836 22 945 2837 168 946 2838 172 946 2839 25 946 2840 33 947 2841 188 947 2842 190 947 2843 125 948 2844 277 948 2845 275 948 2846 20 949 2847 160 949 2848 162 949 2849 6 950 2850 159 950 2851 157 950 2852 145 951 2853 146 951 2854 11 951 2855 19 952 2856 158 952 2857 160 952 2858 180 953 2859 182 953 2860 30 953 2861 126 954 2862 279 954 2863 277 954 2864 156 955 2865 158 955 2866 19 955 2867 265 956 2868 266 956 2869 131 956 2870 7 957 2871 161 957 2872 159 957 2873 172 958 2874 174 958 2875 26 958 2876 34 959 2877 190 959 2878 169 959 2879 190 960 2880 299 960 2881 289 960 2882 188 961 2883 298 961 2884 299 961 2885 186 962 2886 297 962 2887 298 962 2888 186 963 2889 184 963 2890 296 963 2891 184 964 2892 182 964 2893 295 964 2894 182 965 2895 180 965 2896 294 965 2897 180 966 2898 178 966 2899 293 966 2900 178 967 2901 176 967 2902 292 967 2903 176 968 2904 174 968 2905 291 968 2906 172 969 2907 290 969 2908 291 969 2909 168 970 2910 288 970 2911 290 970 2912 169 971 2913 289 971 2914 288 971 2915 286 972 2916 311 972 2917 301 972 2918 284 973 2919 310 973 2920 311 973 2921 282 974 2922 309 974 2923 310 974 2924 282 975 2925 280 975 2926 308 975 2927 280 976 2928 278 976 2929 307 976 2930 278 977 2931 276 977 2932 306 977 2933 276 978 2934 274 978 2935 305 978 2936 274 979 2937 272 979 2938 304 979 2939 272 980 2940 270 980 2941 303 980 2942 268 981 2943 302 981 2944 303 981 2945 264 982 2946 300 982 2947 302 982 2948 267 983 2949 301 983 2950 300 983 2951 253 984 2952 313 984 2953 312 984 2954 252 985 2955 312 985 2956 314 985 2957 254 986 2958 314 986 2959 315 986 2960 256 987 2961 255 987 2962 315 987 2963 257 988 2964 256 988 2965 316 988 2966 258 989 2967 257 989 2968 317 989 2969 259 990 2970 258 990 2971 318 990 2972 260 991 2973 259 991 2974 319 991 2975 261 992 2976 260 992 2977 320 992 2978 261 993 2979 321 993 2980 322 993 2981 262 994 2982 322 994 2983 323 994 2984 263 995 2985 323 995 2986 313 995 2987 35 996 2988 325 996 2989 335 996 2990 34 997 2991 335 997 2992 334 997 2993 33 998 2994 334 998 2995 333 998 2996 333 999 2997 332 999 2998 31 999 2999 332 1000 3000 331 1000 3001 30 1000 3002 331 1001 3003 330 1001 3004 29 1001 3005 330 1002 3006 329 1002 3007 28 1002 3008 329 1003 3009 328 1003 3010 27 1003 3011 328 1004 3012 327 1004 3013 26 1004 3014 26 1005 3015 327 1005 3016 326 1005 3017 25 1006 3018 326 1006 3019 324 1006 3020 24 1007 3021 324 1007 3022 325 1007 3023 339 1008 3024 338 1008 3025 337 1008 3026 336 1009 3027 337 1009 3028 341 1009 3029 340 1010 3030 341 1010 3031 343 1010 3032 344 1011 3033 342 1011 3034 343 1011 3035 346 1012 3036 344 1012 3037 345 1012 3038 348 1013 3039 346 1013 3040 347 1013 3041 350 1014 3042 348 1014 3043 349 1014 3044 352 1015 3045 350 1015 3046 351 1015 3047 354 1016 3048 352 1016 3049 353 1016 3050 354 1017 3051 355 1017 3052 357 1017 3053 356 1018 3054 357 1018 3055 359 1018 3056 358 1019 3057 359 1019 3058 338 1019 3059 362 1020 3060 365 1020 3061 364 1020 3062 367 1021 3063 362 1021 3064 363 1021 3065 370 1022 3066 367 1022 3067 368 1022 3068 370 1023 3069 371 1023 3070 374 1023 3071 373 1024 3072 374 1024 3073 377 1024 3074 376 1025 3075 377 1025 3076 380 1025 3077 379 1026 3078 380 1026 3079 383 1026 3080 382 1027 3081 383 1027 3082 386 1027 3083 385 1028 3084 386 1028 3085 389 1028 3086 391 1029 3087 388 1029 3088 389 1029 3089 394 1030 3090 391 1030 3091 392 1030 3092 365 1031 3093 394 1031 3094 395 1031 3095 363 1032 3096 364 1032 3097 397 1032 3098 368 1033 3099 363 1033 3100 396 1033 3101 371 1034 3102 368 1034 3103 398 1034 3104 371 1035 3105 399 1035 3106 400 1035 3107 374 1036 3108 400 1036 3109 401 1036 3110 377 1037 3111 401 1037 3112 402 1037 3113 380 1038 3114 402 1038 3115 403 1038 3116 383 1039 3117 403 1039 3118 404 1039 3119 386 1040 3120 404 1040 3121 405 1040 3122 392 1041 3123 389 1041 3124 405 1041 3125 395 1042 3126 392 1042 3127 406 1042 3128 364 1043 3129 395 1043 3130 407 1043 3131 397 1044 3132 409 1044 3133 408 1044 3134 396 1045 3135 408 1045 3136 410 1045 3137 398 1046 3138 410 1046 3139 411 1046 3140 400 1047 3141 399 1047 3142 411 1047 3143 401 1048 3144 400 1048 3145 412 1048 3146 402 1049 3147 401 1049 3148 413 1049 3149 402 1050 3150 414 1050 3151 415 1050 3152 403 1051 3153 415 1051 3154 416 1051 3155 404 1052 3156 416 1052 3157 417 1052 3158 406 1053 3159 405 1053 3160 417 1053 3161 407 1054 3162 406 1054 3163 418 1054 3164 397 1055 3165 407 1055 3166 419 1055 3167 409 1056 3168 421 1056 3169 420 1056 3170 410 1057 3171 408 1057 3172 420 1057 3173 410 1058 3174 422 1058 3175 423 1058 3176 412 1059 3177 411 1059 3178 423 1059 3179 412 1060 3180 424 1060 3181 425 1060 3182 414 1061 3183 413 1061 3184 425 1061 3185 415 1062 3186 414 1062 3187 426 1062 3188 415 1063 3189 427 1063 3190 428 1063 3191 417 1064 3192 416 1064 3193 428 1064 3194 417 1065 3195 429 1065 3196 430 1065 3197 418 1066 3198 430 1066 3199 431 1066 3200 419 1067 3201 431 1067 3202 421 1067 3203 421 1068 3204 433 1068 3205 432 1068 3206 422 1069 3207 420 1069 3208 432 1069 3209 423 1070 3210 422 1070 3211 434 1070 3212 424 1071 3213 423 1071 3214 435 1071 3215 424 1072 3216 436 1072 3217 437 1072 3218 426 1073 3219 425 1073 3220 437 1073 3221 426 1074 3222 438 1074 3223 439 1074 3224 427 1075 3225 439 1075 3226 440 1075 3227 429 1076 3228 428 1076 3229 440 1076 3230 430 1077 3231 429 1077 3232 441 1077 3233 430 1078 3234 442 1078 3235 443 1078 3236 421 1079 3237 431 1079 3238 443 1079 3239 432 1080 3240 433 1080 3241 445 1080 3242 434 1081 3243 432 1081 3244 444 1081 3245 435 1082 3246 434 1082 3247 446 1082 3248 435 1083 3249 447 1083 3250 448 1083 3251 436 1084 3252 448 1084 3253 449 1084 3254 437 1085 3255 449 1085 3256 450 1085 3257 439 1086 3258 438 1086 3259 450 1086 3260 440 1087 3261 439 1087 3262 451 1087 3263 441 1088 3264 440 1088 3265 452 1088 3266 441 1089 3267 453 1089 3268 454 1089 3269 442 1090 3270 454 1090 3271 455 1090 3272 443 1091 3273 455 1091 3274 445 1091 3275 445 1092 3276 457 1092 3277 456 1092 3278 444 1093 3279 456 1093 3280 458 1093 3281 446 1094 3282 458 1094 3283 459 1094 3284 448 1095 3285 447 1095 3286 459 1095 3287 449 1096 3288 448 1096 3289 460 1096 3290 450 1097 3291 449 1097 3292 461 1097 3293 451 1098 3294 450 1098 3295 462 1098 3296 452 1099 3297 451 1099 3298 463 1099 3299 453 1100 3300 452 1100 3301 464 1100 3302 453 1101 3303 465 1101 3304 466 1101 3305 454 1102 3306 466 1102 3307 467 1102 3308 455 1103 3309 467 1103 3310 457 1103 3311 471 1104 3312 470 1104 3313 469 1104 3314 468 1105 3315 469 1105 3316 473 1105 3317 472 1106 3318 473 1106 3319 475 1106 3320 476 1107 3321 474 1107 3322 475 1107 3323 478 1108 3324 476 1108 3325 477 1108 3326 480 1109 3327 478 1109 3328 479 1109 3329 482 1110 3330 480 1110 3331 481 1110 3332 484 1111 3333 482 1111 3334 483 1111 3335 486 1112 3336 484 1112 3337 485 1112 3338 486 1113 3339 487 1113 3340 489 1113 3341 488 1114 3342 489 1114 3343 491 1114 3344 490 1115 3345 491 1115 3346 470 1115 3347 467 1116 3348 490 1116 3349 471 1116 3350 466 1117 3351 488 1117 3352 490 1117 3353 465 1118 3354 486 1118 3355 488 1118 3356 465 1119 3357 464 1119 3358 484 1119 3359 464 1120 3360 463 1120 3361 482 1120 3362 463 1121 3363 462 1121 3364 480 1121 3365 462 1122 3366 461 1122 3367 478 1122 3368 461 1123 3369 460 1123 3370 476 1123 3371 460 1124 3372 459 1124 3373 474 1124 3374 458 1125 3375 472 1125 3376 474 1125 3377 456 1126 3378 468 1126 3379 472 1126 3380 457 1127 3381 471 1127 3382 468 1127 3383 493 1128 3384 494 1128 3385 495 1128 3386 497 1129 3387 493 1129 3388 492 1129 3389 499 1130 3390 497 1130 3391 496 1130 3392 500 1131 3393 501 1131 3394 499 1131 3395 502 1132 3396 503 1132 3397 501 1132 3398 504 1133 3399 505 1133 3400 503 1133 3401 506 1134 3402 507 1134 3403 505 1134 3404 508 1135 3405 509 1135 3406 507 1135 3407 510 1136 3408 511 1136 3409 509 1136 3410 513 1137 3411 511 1137 3412 510 1137 3413 515 1138 3414 513 1138 3415 512 1138 3416 494 1139 3417 515 1139 3418 514 1139 3419 518 1140 3420 519 1140 3421 520 1140 3422 523 1141 3423 524 1141 3424 519 1141 3425 526 1142 3426 527 1142 3427 524 1142 3428 530 1143 3429 527 1143 3430 526 1143 3431 533 1144 3432 530 1144 3433 529 1144 3434 536 1145 3435 533 1145 3436 532 1145 3437 539 1146 3438 536 1146 3439 535 1146 3440 542 1147 3441 539 1147 3442 538 1147 3443 545 1148 3444 542 1148 3445 541 1148 3446 547 1149 3447 548 1149 3448 545 1149 3449 550 1150 3450 551 1150 3451 548 1150 3452 521 1151 3453 520 1151 3454 551 1151 3455 519 1152 3456 552 1152 3457 553 1152 3458 524 1153 3459 554 1153 3460 552 1153 3461 527 1154 3462 555 1154 3463 554 1154 3464 556 1155 3465 555 1155 3466 527 1155 3467 557 1156 3468 556 1156 3469 530 1156 3470 558 1157 3471 557 1157 3472 533 1157 3473 559 1158 3474 558 1158 3475 536 1158 3476 560 1159 3477 559 1159 3478 539 1159 3479 561 1160 3480 560 1160 3481 542 1160 3482 548 1161 3483 562 1161 3484 561 1161 3485 551 1162 3486 563 1162 3487 562 1162 3488 520 1163 3489 553 1163 3490 563 1163 3491 552 1164 3492 564 1164 3493 565 1164 3494 554 1165 3495 566 1165 3496 564 1165 3497 555 1166 3498 567 1166 3499 566 1166 3500 568 1167 3501 567 1167 3502 555 1167 3503 569 1168 3504 568 1168 3505 556 1168 3506 570 1169 3507 569 1169 3508 557 1169 3509 559 1170 3510 571 1170 3511 570 1170 3512 560 1171 3513 572 1171 3514 571 1171 3515 561 1172 3516 573 1172 3517 572 1172 3518 574 1173 3519 573 1173 3520 561 1173 3521 575 1174 3522 574 1174 3523 562 1174 3524 565 1175 3525 575 1175 3526 563 1175 3527 564 1176 3528 576 1176 3529 577 1176 3530 566 1177 3531 578 1177 3532 576 1177 3533 567 1178 3534 579 1178 3535 578 1178 3536 580 1179 3537 579 1179 3538 567 1179 3539 581 1180 3540 580 1180 3541 568 1180 3542 582 1181 3543 581 1181 3544 569 1181 3545 583 1182 3546 582 1182 3547 570 1182 3548 584 1183 3549 583 1183 3550 571 1183 3551 585 1184 3552 584 1184 3553 572 1184 3554 574 1185 3555 586 1185 3556 585 1185 3557 575 1186 3558 587 1186 3559 586 1186 3560 565 1187 3561 577 1187 3562 587 1187 3563 588 1188 3564 589 1188 3565 577 1188 3566 590 1189 3567 588 1189 3568 576 1189 3569 591 1190 3570 590 1190 3571 578 1190 3572 580 1191 3573 592 1191 3574 591 1191 3575 581 1192 3576 593 1192 3577 592 1192 3578 582 1193 3579 594 1193 3580 593 1193 3581 583 1194 3582 595 1194 3583 594 1194 3584 584 1195 3585 596 1195 3586 595 1195 3587 585 1196 3588 597 1196 3589 596 1196 3590 598 1197 3591 597 1197 3592 585 1197 3593 599 1198 3594 598 1198 3595 586 1198 3596 589 1199 3597 599 1199 3598 587 1199 3599 600 1200 3600 601 1200 3601 589 1200 3602 602 1201 3603 600 1201 3604 588 1201 3605 603 1202 3606 602 1202 3607 590 1202 3608 592 1203 3609 604 1203 3610 603 1203 3611 593 1204 3612 605 1204 3613 604 1204 3614 594 1205 3615 606 1205 3616 605 1205 3617 607 1206 3618 606 1206 3619 594 1206 3620 608 1207 3621 607 1207 3622 595 1207 3623 609 1208 3624 608 1208 3625 596 1208 3626 598 1209 3627 610 1209 3628 609 1209 3629 599 1210 3630 611 1210 3631 610 1210 3632 589 1211 3633 601 1211 3634 611 1211 3635 612 1212 3636 613 1212 3637 601 1212 3638 614 1213 3639 612 1213 3640 600 1213 3641 615 1214 3642 614 1214 3643 602 1214 3644 604 1215 3645 616 1215 3646 615 1215 3647 605 1216 3648 617 1216 3649 616 1216 3650 606 1217 3651 618 1217 3652 617 1217 3653 607 1218 3654 619 1218 3655 618 1218 3656 608 1219 3657 620 1219 3658 619 1219 3659 609 1220 3660 621 1220 3661 620 1220 3662 622 1221 3663 621 1221 3664 609 1221 3665 623 1222 3666 622 1222 3667 610 1222 3668 613 1223 3669 623 1223 3670 611 1223 3671 625 1224 3672 626 1224 3673 627 1224 3674 629 1225 3675 625 1225 3676 624 1225 3677 631 1226 3678 629 1226 3679 628 1226 3680 632 1227 3681 633 1227 3682 631 1227 3683 634 1228 3684 635 1228 3685 633 1228 3686 636 1229 3687 637 1229 3688 635 1229 3689 638 1230 3690 639 1230 3691 637 1230 3692 640 1231 3693 641 1231 3694 639 1231 3695 642 1232 3696 643 1232 3697 641 1232 3698 645 1233 3699 643 1233 3700 642 1233 3701 647 1234 3702 645 1234 3703 644 1234 3704 626 1235 3705 647 1235 3706 646 1235 3707 651 1236 3708 671 1236 3709 670 1236 3710 671 1237 3711 669 1237 3712 668 1237 3713 669 1238 3714 667 1238 3715 666 1238 3716 666 1239 3717 667 1239 3718 665 1239 3719 664 1240 3720 665 1240 3721 663 1240 3722 662 1241 3723 663 1241 3724 661 1241 3725 660 1242 3726 661 1242 3727 659 1242 3728 658 1243 3729 659 1243 3730 657 1243 3731 656 1244 3732 657 1244 3733 655 1244 3734 655 1245 3735 653 1245 3736 652 1245 3737 653 1246 3738 649 1246 3739 648 1246 3740 649 1247 3741 651 1247 3742 650 1247 3743 348 1248 3744 504 1248 3745 502 1248 3746 337 1249 3747 493 1249 3748 497 1249 3749 485 1250 3750 483 1250 3751 639 1250 3752 346 1251 3753 502 1251 3754 500 1251 3755 384 1252 3756 540 1252 3757 537 1252 3758 355 1253 3759 353 1253 3760 509 1253 3761 344 1254 3762 500 1254 3763 498 1254 3764 473 1255 3765 469 1255 3766 625 1255 3767 369 1256 3768 372 1256 3769 528 1256 3770 341 1257 3771 497 1257 3772 499 1257 3773 487 1258 3774 485 1258 3775 641 1258 3776 340 1259 3777 342 1259 3778 498 1259 3779 355 1260 3780 511 1260 3781 513 1260 3782 336 1261 3783 340 1261 3784 496 1261 3785 387 1262 3786 543 1262 3787 540 1262 3788 475 1263 3789 473 1263 3790 629 1263 3791 345 1264 3792 343 1264 3793 499 1264 3794 487 1265 3795 643 1265 3796 645 1265 3797 339 1266 3798 336 1266 3799 492 1266 3800 357 1267 3801 513 1267 3802 515 1267 3803 372 1268 3804 375 1268 3805 531 1268 3806 360 1269 3807 516 1269 3808 517 1269 3809 475 1270 3810 631 1270 3811 633 1270 3812 359 1271 3813 515 1271 3814 494 1271 3815 347 1272 3816 345 1272 3817 501 1272 3818 489 1273 3819 645 1273 3820 647 1273 3821 387 1274 3822 390 1274 3823 546 1274 3824 358 1275 3825 339 1275 3826 495 1275 3827 491 1276 3828 647 1276 3829 626 1276 3830 477 1277 3831 633 1277 3832 635 1277 3833 356 1278 3834 358 1278 3835 514 1278 3836 375 1279 3837 378 1279 3838 534 1279 3839 349 1280 3840 347 1280 3841 503 1280 3842 356 1281 3843 512 1281 3844 510 1281 3845 366 1282 3846 522 1282 3847 516 1282 3848 390 1283 3849 393 1283 3850 549 1283 3851 481 1284 3852 479 1284 3853 635 1284 3854 352 1285 3855 354 1285 3856 510 1285 3857 351 1286 3858 349 1286 3859 505 1286 3860 338 1287 3861 494 1287 3862 493 1287 3863 352 1288 3864 508 1288 3865 506 1288 3866 381 1289 3867 537 1289 3868 534 1289 3869 483 1290 3870 481 1290 3871 637 1290 3872 350 1291 3873 506 1291 3874 504 1291 3875 470 1292 3876 626 1292 3877 625 1292 3878 353 1293 3879 351 1293 3880 507 1293 3881 369 1294 3882 525 1294 3883 522 1294 3884 393 1295 3885 361 1295 3886 517 1295 3887 517 1296 3888 521 1296 3889 550 1296 3890 549 1297 3891 550 1297 3892 547 1297 3893 546 1298 3894 547 1298 3895 544 1298 3896 544 1299 3897 541 1299 3898 540 1299 3899 541 1300 3900 538 1300 3901 537 1300 3902 538 1301 3903 535 1301 3904 534 1301 3905 535 1302 3906 532 1302 3907 531 1302 3908 532 1303 3909 529 1303 3910 528 1303 3911 529 1304 3912 526 1304 3913 525 1304 3914 525 1305 3915 526 1305 3916 523 1305 3917 522 1306 3918 523 1306 3919 518 1306 3920 516 1307 3921 518 1307 3922 521 1307 3923 627 1308 3924 646 1308 3925 671 1308 3926 646 1309 3927 644 1309 3928 669 1309 3929 644 1310 3930 642 1310 3931 667 1310 3932 667 1311 3933 642 1311 3934 640 1311 3935 665 1312 3936 640 1312 3937 638 1312 3938 663 1313 3939 638 1313 3940 636 1313 3941 661 1314 3942 636 1314 3943 634 1314 3944 659 1315 3945 634 1315 3946 632 1315 3947 657 1316 3948 632 1316 3949 630 1316 3950 630 1317 3951 628 1317 3952 653 1317 3953 628 1318 3954 624 1318 3955 649 1318 3956 624 1319 3957 627 1319 3958 651 1319 3959 648 1320 3960 650 1320 3961 613 1320 3962 652 1321 3963 648 1321 3964 612 1321 3965 654 1322 3966 652 1322 3967 614 1322 3968 616 1323 3969 656 1323 3970 654 1323 3971 617 1324 3972 658 1324 3973 656 1324 3974 618 1325 3975 660 1325 3976 658 1325 3977 619 1326 3978 662 1326 3979 660 1326 3980 620 1327 3981 664 1327 3982 662 1327 3983 621 1328 3984 666 1328 3985 664 1328 3986 668 1329 3987 666 1329 3988 621 1329 3989 670 1330 3990 668 1330 3991 622 1330 3992 650 1331 3993 670 1331 3994 623 1331 3995 361 1332 3996 393 1332 3997 394 1332 3998 393 1333 3999 390 1333 4000 391 1333 4001 390 1334 4002 387 1334 4003 388 1334 4004 384 1335 4005 385 1335 4006 388 1335 4007 381 1336 4008 382 1336 4009 385 1336 4010 378 1337 4011 379 1337 4012 382 1337 4013 375 1338 4014 376 1338 4015 379 1338 4016 372 1339 4017 373 1339 4018 376 1339 4019 369 1340 4020 370 1340 4021 373 1340 4022 369 1341 4023 366 1341 4024 367 1341 4025 366 1342 4026 360 1342 4027 362 1342 4028 360 1343 4029 361 1343 4030 365 1343 4031</p>
        </triangles>
      </mesh>
    </geometry>
    <geometry id="Cube_005-mesh" name="Cube.005">
      <mesh>
        <source id="Cube_005-mesh-positions">
          <float_array id="Cube_005-mesh-positions-array" count="300">-0.5161755 -1.098603 -3.5 -0.523878 -1.290299 -3.316344 -0.707871 -1.106306 -3.316344 -0.5171736 -1.191477 -3.475464 -0.6090494 -1.099601 -3.475464 -0.6061332 -1.188561 -3.451631 -0.6157229 -1.265687 -3.316344 -0.5200009 -1.261841 -3.408051 -0.6081237 -1.238099 -3.40417 -0.6794131 -1.102429 -3.408051 -0.6832594 -1.198151 -3.316344 -0.6556714 -1.190552 -3.40417 -0.8081361 -1.574557 3.316344 -0.527064 -1.109492 3.5 -0.992129 -1.390564 3.316344 -0.8121197 -1.55396 3.408051 -0.899981 -1.549945 3.316344 -0.8999098 -1.529885 3.40417 -0.9069464 -1.397498 3.475464 -0.8150706 -1.489374 3.475464 -0.9019873 -1.484415 3.451631 -0.9675175 -1.482409 3.316344 -0.9715319 -1.394547 3.408051 -0.9474574 -1.482338 3.40417 -0.5161755 -0.06625241 -3.5 -0.707871 -0.05854988 -3.316344 -0.523878 0.1254431 -3.316344 -0.6090495 -0.06525427 -3.475464 -0.5171737 0.02662152 -3.475464 -0.6061333 0.02370536 -3.451631 -0.6832595 0.03329503 -3.316344 -0.6794133 -0.06242698 -3.408051 -0.6556715 0.0256958 -3.40417 -0.520001 0.09698528 -3.408051 -0.615723 0.1008315 -3.316344 -0.6081238 0.07324349 -3.40417 -0.527064 -0.05536389 3.5 -0.8081361 0.4097012 3.316344 -0.9921291 0.2257081 3.316344 -0.8150706 0.3245186 3.475464 -0.9069464 0.2326427 3.475464 -0.9019873 0.3195595 3.451631 -0.899981 0.3850896 3.316344 -0.8121196 0.389104 3.408051 -0.8999097 0.3650296 3.40417 -0.9715319 0.2296918 3.408051 -0.9675175 0.3175532 3.316344 -0.9474574 0.3174819 3.40417 0.5161755 -1.098603 -3.5 0.707871 -1.106306 -3.316344 0.523878 -1.290299 -3.316344 0.6090495 -1.099601 -3.475464 0.5171737 -1.191477 -3.475464 0.6061333 -1.188561 -3.451631 0.6832595 -1.198151 -3.316344 0.6794133 -1.102429 -3.408051 0.6556715 -1.190551 -3.40417 0.520001 -1.261841 -3.408051 0.615723 -1.265687 -3.316344 0.6081238 -1.238099 -3.40417 0.527064 -1.109492 3.5 0.8081361 -1.574557 3.316344 0.9921291 -1.390564 3.316344 0.8150706 -1.489374 3.475464 0.9069464 -1.397498 3.475464 0.9019873 -1.484415 3.451631 0.899981 -1.549945 3.316344 0.8121196 -1.55396 3.408051 0.8999097 -1.529885 3.40417 0.9715319 -1.394547 3.408051 0.9675175 -1.482409 3.316344 0.9474574 -1.482338 3.40417 0.5161755 -0.06625241 -3.5 0.523878 0.1254431 -3.316344 0.707871 -0.05854988 -3.316344 0.5171736 0.02662163 -3.475464 0.6090494 -0.06525415 -3.475464 0.6061332 0.02370542 -3.451631 0.6157229 0.1008316 -3.316344 0.5200009 0.09698539 -3.408051 0.6081237 0.07324361 -3.40417 0.6794131 -0.06242686 -3.408051 0.6832594 0.03329515 -3.316344 0.6556714 0.02569591 -3.40417 0.527064 -0.05536389 3.5 0.992129 0.2257081 3.316344 0.8081361 0.4097012 3.316344 0.9069464 0.2326427 3.475464 0.8150706 0.3245186 3.475464 0.9019873 0.3195595 3.451631 0.9675175 0.3175532 3.316344 0.9715319 0.2296917 3.408051 0.9474574 0.3174819 3.40417 0.8121197 0.3891041 3.408051 0.899981 0.3850896 3.316344 0.8999098 0.3650296 3.40417 -0.8161755 -1.398603 3.5 -0.8161755 0.2337476 3.5 0.8161755 0.2337476 3.5 0.8161755 -1.398603 3.5</float_array>
          <technique_common>
            <accessor source="#Cube_005-mesh-positions-array" count="100" stride="3">
              <param name="X" type="float"/>
              <param name="Y" type="float"/>
              <param name="Z" type="float"/>
            </accessor>
          </technique_common>
        </source>
        <source id="Cube_005-mesh-normals">
          <float_array id="Cube_005-mesh-normals-array" count="564">0 -0.9990829 -0.04281789 0.9990829 0 -0.04281783 0 0 1 -0.9990829 0 -0.04281783 0 0.9990829 -0.04281783 -0.2451617 -0.2451605 -0.9379723 -0.2122026 -0.6715883 -0.7098868 -0.2606089 -0.9188976 -0.2961592 -0.6803324 -0.6803324 -0.2725722 -0.9184049 -0.2461032 -0.3097833 -0.6715884 -0.2122007 -0.7098873 -0.5608841 -0.5608786 -0.6089534 -0.2535302 -0.9461125 0.2014784 -0.2239035 -0.7086296 0.6691125 -0.2551934 -0.2551917 0.9326058 -0.7086324 -0.2239062 0.6691085 -0.9461124 -0.2535291 0.2014805 -0.6979991 -0.6979966 0.159994 -0.5938208 -0.5938178 0.5429157 -0.2451622 0.2451606 -0.9379722 -0.6715857 0.2122029 -0.7098892 -0.9188972 0.2606096 -0.2961601 -0.6803326 0.6803321 -0.2725725 -0.2461041 0.9184045 -0.3097839 -0.2122006 0.6715885 -0.7098871 -0.5608832 0.5608795 -0.6089535 -0.2551951 0.255192 0.9326053 -0.2239097 0.7086297 0.6691102 -0.2535285 0.9461125 0.2014806 -0.6979992 0.6979967 0.1599928 -0.9461123 0.2535288 0.2014809 -0.7086288 0.2239066 0.6691122 -0.5938163 0.5938183 0.54292 0.2451618 -0.2451601 -0.9379724 0.6715858 -0.2122029 -0.709889 0.918896 -0.2606112 -0.2961623 0.6803323 -0.6803318 -0.272574 0.2461042 -0.9184046 -0.3097836 0.2122004 -0.6715878 -0.7098879 0.5608829 -0.5608792 -0.608954 0.2551946 -0.2551915 0.9326055 0.22391 -0.7086306 0.6691091 0.2535285 -0.9461125 0.2014806 0.6979965 -0.697999 0.1599946 0.946113 -0.2535272 0.2014799 0.7086333 -0.2239058 0.6691077 0.5938176 -0.5938196 0.5429173 0.2451617 0.2451606 -0.9379724 0.2122018 0.6715888 -0.7098866 0.2606087 0.9188971 -0.2961609 0.6803325 0.6803325 -0.2725721 0.9184051 0.2461033 -0.3097829 0.6715876 0.2122009 -0.7098879 0.5608838 0.5608783 -0.6089541 0.2551938 0.2551921 0.9326056 0.708633 0.2239064 0.6691077 0.9461123 0.2535296 0.2014803 0.6979992 0.6979967 0.1599928 0.2535285 0.9461127 0.2014801 0.2239058 0.7086312 0.66911 0.5938212 0.5938153 0.5429178 -0.2554138 0 -0.9668319 -0.6918088 0 -0.7220807 -0.9550729 0 -0.2963714 -0.25848 -0.9645935 -0.05241745 -0.7058116 -0.7058117 -0.06049823 -0.9645928 -0.2584828 -0.05241745 -0.2609369 0 0.9653559 -0.7220862 0 0.6918031 -0.975694 0 0.2191377 -0.2584801 0.9645934 -0.05241739 -0.7058116 0.7058117 -0.06049811 -0.9645935 0.2584801 -0.05241745 0 0.2554192 -0.9668304 -2.16317e-7 0.6918034 -0.722086 0 0.9550735 -0.2963694 0 0.2609384 0.9653555 0 0.7220873 0.691802 0 0.9756941 0.2191371 0.9645938 0.2584787 -0.05241745 0.7058116 0.7058117 -0.06049811 0.2584808 0.9645933 -0.05241739 0.2554216 0 -0.9668298 0.6918046 0 -0.7220848 0.9550732 0 -0.29637 0.2609336 0 0.9653568 0.7220832 0 0.6918063 0.9756938 0 0.2191382 0.2584796 -0.9645935 -0.05241739 0.7058116 -0.7058117 -0.06049823 0.9645934 -0.2584802 -0.05241745 0 -0.2554195 -0.9668303 0 -0.6918039 -0.7220854 0 -0.9550725 -0.2963727 0 -0.2609379 0.9653556 0 -0.7220878 0.6918015 0 -0.9756945 0.2191355 0 0 -1 -1.56463e-6 0 1 1.56463e-6 0 1 0 -0.9990829 -0.04281777 0.9990829 0 -0.04281783 -0.9990829 0 -0.04281783 0 0.9990829 -0.04281783 -0.2579086 -0.2579092 -0.9311101 -0.2122006 -0.6715879 -0.7098878 -0.2461026 -0.9184044 -0.3097856 -0.6803295 -0.6803343 -0.2725749 -0.9188965 -0.2606106 -0.2961611 -0.6715894 -0.2122021 -0.7098859 -0.2671129 -0.9394242 0.2147855 -0.2239108 -0.7086331 0.6691062 -0.2689423 -0.268945 0.9248452 -0.7086284 -0.2239064 0.6691126 -0.9394251 -0.2671091 0.2147864 -0.6979961 -0.6979996 0.159994 -0.2579077 0.2579094 -0.9311103 -0.6715881 0.2122 -0.7098877 -0.9184045 0.2461032 -0.3097845 -0.6803292 0.6803352 -0.2725734 -0.2606089 0.9188969 -0.2961617 -0.2122025 0.6715885 -0.7098866 -0.2689443 0.2689447 0.9248448 -0.2239056 0.7086325 0.6691086 -0.2671113 0.9394245 0.2147868 -0.6979961 0.6979997 0.1599934 -0.9394248 0.2671107 0.214786 -0.7086324 0.2239067 0.6691083 0.2579088 -0.2579099 -0.9311099 0.6715927 -0.2121984 -0.709884 0.9184043 -0.2461032 -0.3097854 0.6803294 -0.6803355 -0.2725723 0.2606106 -0.9188971 -0.2961592 0.2122015 -0.6715873 -0.7098881 0.2689449 -0.2689454 0.9248444 0.2239049 -0.7086302 0.6691113 0.2671114 -0.9394248 0.214785 0.6979969 -0.697999 0.1599937 0.9394241 -0.267112 0.2147873 0.7086297 -0.2239063 0.6691113 0.2579087 0.2579094 -0.93111 0.2122006 0.671588 -0.7098877 0.2461028 0.9184049 -0.3097839 0.6803297 0.6803346 -0.2725738 0.918897 0.2606089 -0.2961609 0.6715859 0.2122032 -0.7098889 0.2689419 0.2689447 0.9248455 0.7086291 0.2239066 0.6691119 0.9394251 0.2671091 0.2147862 0.6979961 0.6979997 0.1599931 0.2671129 0.9394241 0.2147864 0.2239098 0.7086299 0.66911 -0.255418 0 -0.9668307 -0.6918026 0 -0.7220866 -0.9550734 -1.49217e-7 -0.2963699 -0.2584808 -0.9645933 -0.05241727 -0.7058116 -0.7058117 -0.06049811 -0.9645938 -0.2584788 -0.05241745 -0.2609416 0 0.9653546 -0.722089 0 0.6918002 -0.975694 0 0.2191377 -0.2584808 0.9645933 -0.05241745 -0.7058116 0.7058117 -0.06049811 -0.9645935 0.2584802 -0.05241739 0 0.2554195 -0.9668303 0 0.6918033 -0.7220861 -1.49217e-7 0.9550732 -0.2963702 0 0.2609385 0.9653555 0 0.7220873 0.691802 0 0.975694 0.2191373 0.9645928 0.2584828 -0.05241739 0.7058116 0.7058117 -0.06049811 0.25848 0.9645935 -0.05241745 0.255418 0 -0.9668307 0.6917977 0 -0.7220914 0.9550737 1.49216e-7 -0.2963686 0.2609416 0 0.9653547 0.7220907 0 0.6917985 0.9756942 0 0.2191364 0.2584808 -0.9645933 -0.05241745 0.7058116 -0.7058117 -0.06049799 0.9645935 -0.2584802 -0.05241739 0 -0.255419 -0.9668304 0 -0.6918041 -0.7220854 0 -0.9550741 -0.2963673 0 -0.2609388 0.9653554 0 -0.7220873 0.691802 0 -0.9756944 0.2191358</float_array>
          <technique_common>
            <accessor source="#Cube_005-mesh-normals-array" count="188" stride="3">
              <param name="X" type="float"/>
              <param name="Y" type="float"/>
              <param name="Z" type="float"/>
            </accessor>
          </technique_common>
        </source>
        <source id="Cube_005-mesh-map-0">
          <float_array id="Cube_005-mesh-map-0-array" count="1176">0.6184409 0.7735489 0.3815591 0.9680009 0.3815591 0.781999 0.6184409 0.5235489 0.3815591 0.7180009 0.3815591 0.531999 0.8158829 0.559117 0.684117 0.6908829 0.684117 0.559117 0.6184409 0.0235489 0.3815591 0.2180009 0.3815591 0.03199905 0.6184409 0.2735489 0.3815591 0.4680009 0.3815591 0.2819991 0.1576476 0.7337589 0.1412411 0.7173525 0.1578258 0.7171741 0.1571426 0.75 0.1417619 0.7332381 0.1576476 0.7337589 0.3815591 0.9680009 0.3783485 0.983289 0.3782464 0.9676833 0.381381 0 0.3782758 0.008348822 0.3814184 0.004185616 0.3815591 0.03199905 0.3783485 0.01671099 0.3815215 0.01589286 0.1286762 0.7178574 0.125 0.7332381 0.1329158 0.7335935 0.1417619 0.7332381 0.1414065 0.75 0.125 0.7335935 0.6216787 0.9766672 0.6184033 0.9881296 0.6184409 0.9764511 0.625 0.9768838 0.6215035 0.9877387 0.6216787 0.9766672 0.8633683 0.7268838 0.8518838 0.7383683 0.8520219 0.7270219 0.6239832 0.02308911 0.625 0.01251125 0.623126 0.01215535 0.6184033 0.01187038 0.6216787 0.02333283 0.6184409 0.0235489 0.6184033 0.01187038 0.6213572 0 0.6215036 0.01226127 0.6215035 0.9877387 0.625 0.9877484 0.6213572 1 0.1412411 0.5326476 0.1576476 0.5162412 0.1578258 0.5328258 0.125 0.5321427 0.1417619 0.5167619 0.1412411 0.5326476 0.3815591 0.2180009 0.3783485 0.233289 0.3782464 0.2176833 0.3813811 0.25 0.3783485 0.233289 0.3815215 0.234107 0.3815591 0.2819991 0.3783485 0.2667109 0.3815215 0.2658929 0.1571426 0.5036762 0.1417618 0.5 0.1414064 0.5079159 0.1417619 0.5167619 0.125 0.5164065 0.1414064 0.5 0.8518839 0.5116317 0.8633683 0.5231162 0.8520219 0.5229781 0.6239832 0.2730891 0.625 0.2625113 0.623126 0.2621554 0.6184033 0.2618705 0.6216787 0.2733329 0.6184409 0.2735489 0.6184033 0.2618705 0.6213573 0.25 0.6215036 0.2622613 0.6216787 0.2266671 0.6184033 0.2381296 0.6184409 0.226451 0.625 0.2268838 0.6215035 0.2377387 0.6216787 0.2266671 0.623126 0.2621554 0.6213572 0.25 0.6213572 0.25 0.3587588 0.7173524 0.3423525 0.7337589 0.3421741 0.7171741 0.375 0.7178573 0.3582381 0.7332381 0.3587588 0.7173524 0.3815591 0.7180009 0.3783485 0.733289 0.3782464 0.7176834 0.3813811 0.7500001 0.3783485 0.733289 0.3815215 0.7341071 0.3815591 0.781999 0.3783485 0.7667109 0.3815215 0.7658929 0.3428573 0.7463238 0.3582381 0.75 0.3585935 0.7420842 0.3582381 0.7332381 0.375 0.7335935 0.3585935 0.75 0.6481161 0.7383683 0.6366317 0.7268838 0.6479782 0.727022 0.6239832 0.7730892 0.625 0.7625113 0.623126 0.7621554 0.6184033 0.7618705 0.6216787 0.7733329 0.6184409 0.7735489 0.6184033 0.7618705 0.6213573 0.75 0.6215036 0.7622613 0.6216787 0.7266671 0.6184033 0.7381296 0.6184409 0.7264511 0.625 0.7268838 0.6215035 0.7377387 0.6216787 0.7266671 0.623126 0.7621554 0.6213572 0.75 0.6213572 0.75 0.3423525 0.5162412 0.3587588 0.5326476 0.3421741 0.5328258 0.3428573 0.5 0.3582381 0.5167619 0.3423525 0.5162412 0.3815591 0.4680009 0.3783485 0.483289 0.3782464 0.4676833 0.3813811 0.5 0.3783485 0.483289 0.3815215 0.4841071 0.3815591 0.531999 0.3783485 0.5167109 0.3815215 0.5158929 0.3782464 0.5323167 0.375 0.5167619 0.3783485 0.5167109 0.3582381 0.5167619 0.3585935 0.5 0.375 0.5164065 0.6366317 0.5231162 0.6481162 0.5116317 0.6479781 0.5229781 0.6366317 0.5231162 0.625 0.5125113 0.6372516 0.5122515 0.6184033 0.5118705 0.6216787 0.5233329 0.6184409 0.5235489 0.6184033 0.5118705 0.6213573 0.5 0.6215036 0.5122613 0.6216787 0.4766671 0.6184033 0.4881296 0.6184409 0.4764511 0.625 0.4768838 0.6215035 0.4877387 0.6216787 0.4766671 0.623126 0.5121554 0.6213572 0.5 0.6213572 0.5 0.1578258 0.7171741 0.1412411 0.5326476 0.1578258 0.5328258 0.1412411 0.7173525 0.125 0.5321427 0.1412411 0.5326476 0.3782464 0.2176833 0.3815591 0.03199905 0.3815591 0.2180009 0.6184409 0.9764511 0.3815215 0.9841071 0.3815591 0.9680009 0.6182628 0 0.3815215 0.01589286 0.381381 0 0.3815215 0.01589286 0.6184409 0.0235489 0.3815591 0.03199905 0.8520219 0.5229781 0.8633683 0.7268838 0.8520219 0.7270219 0.6250001 0.02311617 0.6216787 0.2266671 0.6216787 0.02333283 0.6216787 0.2266671 0.6184409 0.0235489 0.6216787 0.02333283 0.6184409 0.2735489 0.3815215 0.2658929 0.6184033 0.2618705 0.3815215 0.2658929 0.6184033 0.2381296 0.6184033 0.2618705 0.3815215 0.234107 0.6184409 0.226451 0.6184033 0.2381296 0.1578258 0.5328258 0.3423525 0.5162412 0.3421741 0.5328258 0.3423525 0.5162412 0.1571426 0.5 0.3428573 0.5 0.3782464 0.4676833 0.3815591 0.2819991 0.3815591 0.4680009 0.6479781 0.5229781 0.8518839 0.5116317 0.8520219 0.5229781 0.625 0.4768838 0.6216787 0.2733329 0.6250001 0.2731162 0.6216787 0.4766671 0.6184409 0.2735489 0.6216787 0.2733329 0.6184409 0.5235489 0.3815215 0.5158929 0.6184033 0.5118705 0.3815215 0.5158929 0.6184033 0.4881296 0.6184033 0.5118705 0.3815215 0.4841071 0.6184409 0.4764511 0.6184033 0.4881296 0.3421741 0.5328258 0.3587588 0.7173524 0.3421741 0.7171741 0.3587588 0.5326476 0.3782464 0.7176834 0.3587588 0.7173524 0.3782464 0.7176834 0.3815591 0.531999 0.3815591 0.7180009 0.6479782 0.727022 0.6366317 0.5231162 0.6479781 0.5229781 0.6366317 0.5231162 0.6216787 0.7266671 0.6216787 0.5233329 0.6216787 0.7266671 0.6184409 0.5235489 0.6216787 0.5233329 0.6184409 0.7735489 0.3815215 0.7658929 0.6184033 0.7618705 0.3815215 0.7658929 0.6184033 0.7381296 0.6184033 0.7618705 0.3815215 0.7341071 0.6184409 0.7264511 0.6184033 0.7381296 0.3421741 0.7171741 0.1576476 0.7337589 0.1578258 0.7171741 0.3423525 0.7337589 0.1571426 0.75 0.1576476 0.7337589 0.3782464 0.9676833 0.3815591 0.781999 0.3815591 0.9680009 0.8520219 0.7270219 0.6481161 0.7383683 0.6479782 0.727022 0.625 0.9768838 0.6216787 0.7733329 0.6250001 0.7731162 0.6216787 0.9766672 0.6184409 0.7735489 0.6216787 0.7733329 0.3421741 0.5328258 0.1578258 0.7171741 0.1578258 0.5328258 0.8158829 0.559117 0.8520219 0.7270219 0.815883 0.690883 0.684117 0.559117 0.8520219 0.5229781 0.8158829 0.559117 0.684117 0.6908829 0.6479781 0.5229781 0.684117 0.559117 0.815883 0.690883 0.6479782 0.727022 0.684117 0.6908829 0.6184409 0.7735489 0.6184409 0.9764511 0.3815591 0.9680009 0.6184409 0.5235489 0.6184409 0.7264511 0.3815591 0.7180009 0.8158829 0.559117 0.815883 0.690883 0.684117 0.6908829 0.6184409 0.0235489 0.6184409 0.226451 0.3815591 0.2180009 0.6184409 0.2735489 0.6184409 0.4764511 0.3815591 0.4680009 0.1576476 0.7337589 0.1417619 0.7332381 0.1412411 0.7173525 0.1571426 0.75 0.1414065 0.75 0.1417619 0.7332381 0.3815591 0.9680009 0.3815215 0.9841071 0.3783485 0.983289 0.381381 0 0.3782022 0 0.3782758 0.008348822 0.3815591 0.03199905 0.3782464 0.03231662 0.3783485 0.01671099 0.1286762 0.7178574 0.125 0.7173525 0.125 0.7332381 0.6216787 0.9766672 0.6215035 0.9877387 0.6184033 0.9881296 0.625 0.9768838 0.625 0.9877484 0.6215035 0.9877387 0.8633683 0.7268838 0.8627485 0.7377485 0.8518838 0.7383683 0.6239832 0.02308911 0.625 0.023485 0.625 0.01251125 0.6184033 0.01187038 0.6215036 0.01226127 0.6216787 0.02333283 0.6184033 0.01187038 0.6182628 0 0.6213572 0 0.1412411 0.5326476 0.1417619 0.5167619 0.1576476 0.5162412 0.125 0.5321427 0.125 0.5164065 0.1417619 0.5167619 0.3815591 0.2180009 0.3815215 0.234107 0.3783485 0.233289 0.3813811 0.25 0.3782022 0.25 0.3783485 0.233289 0.3815591 0.2819991 0.3782464 0.2823167 0.3783485 0.2667109 0.1571426 0.5036762 0.1576475 0.5 0.1417618 0.5 0.8518839 0.5116317 0.8627484 0.5122516 0.8633683 0.5231162 0.6239832 0.2730891 0.625 0.2734851 0.625 0.2625113 0.6184033 0.2618705 0.6215036 0.2622613 0.6216787 0.2733329 0.6184033 0.2618705 0.6182628 0.25 0.6213573 0.25 0.6216787 0.2266671 0.6215035 0.2377387 0.6184033 0.2381296 0.625 0.2268838 0.625 0.2377484 0.6215035 0.2377387 0.3587588 0.7173524 0.3582381 0.7332381 0.3423525 0.7337589 0.375 0.7178573 0.375 0.7335935 0.3582381 0.7332381 0.3815591 0.7180009 0.3815215 0.7341071 0.3783485 0.733289 0.3813811 0.7500001 0.3782022 0.75 0.3783485 0.733289 0.3815591 0.781999 0.3782464 0.7823168 0.3783485 0.7667109 0.3428573 0.7463238 0.3423525 0.75 0.3582381 0.75 0.6481161 0.7383683 0.6372515 0.7377484 0.6366317 0.7268838 0.6239832 0.7730892 0.625 0.7734851 0.625 0.7625113 0.6184033 0.7618705 0.6215036 0.7622613 0.6216787 0.7733329 0.6184033 0.7618705 0.6182628 0.7500001 0.6213573 0.75 0.6216787 0.7266671 0.6215035 0.7377387 0.6184033 0.7381296 0.625 0.7268838 0.625 0.7377485 0.6215035 0.7377387 0.3423525 0.5162412 0.3582381 0.5167619 0.3587588 0.5326476 0.3428573 0.5 0.3585935 0.5 0.3582381 0.5167619 0.3815591 0.4680009 0.3815215 0.4841071 0.3783485 0.483289 0.3813811 0.5 0.3782022 0.5 0.3783485 0.483289 0.3815591 0.531999 0.3782464 0.5323167 0.3783485 0.5167109 0.3782464 0.5323167 0.375 0.5326476 0.375 0.5167619 0.6366317 0.5231162 0.6372516 0.5122515 0.6481162 0.5116317 0.6366317 0.5231162 0.625 0.5234851 0.625 0.5125113 0.6184033 0.5118705 0.6215036 0.5122613 0.6216787 0.5233329 0.6184033 0.5118705 0.6182628 0.5 0.6213573 0.5 0.6216787 0.4766671 0.6215035 0.4877387 0.6184033 0.4881296 0.625 0.4768838 0.625 0.4877484 0.6215035 0.4877387 0.1578258 0.7171741 0.1412411 0.7173525 0.1412411 0.5326476 0.1412411 0.7173525 0.125 0.7178573 0.125 0.5321427 0.3782464 0.2176833 0.3782464 0.03231662 0.3815591 0.03199905 0.6184409 0.9764511 0.6184033 0.9881296 0.3815215 0.9841071 0.6182628 0 0.6184033 0.01187038 0.3815215 0.01589286 0.3815215 0.01589286 0.6184033 0.01187038 0.6184409 0.0235489 0.8520219 0.5229781 0.8633683 0.5231162 0.8633683 0.7268838 0.6250001 0.02311617 0.625 0.2268838 0.6216787 0.2266671 0.6216787 0.2266671 0.6184409 0.226451 0.6184409 0.0235489 0.6184409 0.2735489 0.3815591 0.2819991 0.3815215 0.2658929 0.3815215 0.2658929 0.3815215 0.234107 0.6184033 0.2381296 0.3815215 0.234107 0.3815591 0.2180009 0.6184409 0.226451 0.1578258 0.5328258 0.1576476 0.5162412 0.3423525 0.5162412 0.3423525 0.5162412 0.1576476 0.5162412 0.1571426 0.5 0.3782464 0.4676833 0.3782464 0.2823167 0.3815591 0.2819991 0.6479781 0.5229781 0.6481162 0.5116317 0.8518839 0.5116317 0.625 0.4768838 0.6216787 0.4766671 0.6216787 0.2733329 0.6216787 0.4766671 0.6184409 0.4764511 0.6184409 0.2735489 0.6184409 0.5235489 0.3815591 0.531999 0.3815215 0.5158929 0.3815215 0.5158929 0.3815215 0.4841071 0.6184033 0.4881296 0.3815215 0.4841071 0.3815591 0.4680009 0.6184409 0.4764511 0.3421741 0.5328258 0.3587588 0.5326476 0.3587588 0.7173524 0.3587588 0.5326476 0.3782464 0.5323167 0.3782464 0.7176834 0.3782464 0.7176834 0.3782464 0.5323167 0.3815591 0.531999 0.6479782 0.727022 0.6366317 0.7268838 0.6366317 0.5231162 0.6366317 0.5231162 0.6366317 0.7268838 0.6216787 0.7266671 0.6216787 0.7266671 0.6184409 0.7264511 0.6184409 0.5235489 0.6184409 0.7735489 0.3815591 0.781999 0.3815215 0.7658929 0.3815215 0.7658929 0.3815215 0.7341071 0.6184033 0.7381296 0.3815215 0.7341071 0.3815591 0.7180009 0.6184409 0.7264511 0.3421741 0.7171741 0.3423525 0.7337589 0.1576476 0.7337589 0.3423525 0.7337589 0.3428573 0.75 0.1571426 0.75 0.3782464 0.9676833 0.3782464 0.7823168 0.3815591 0.781999 0.8520219 0.7270219 0.8518838 0.7383683 0.6481161 0.7383683 0.625 0.9768838 0.6216787 0.9766672 0.6216787 0.7733329 0.6216787 0.9766672 0.6184409 0.9764511 0.6184409 0.7735489 0.3421741 0.5328258 0.3421741 0.7171741 0.1578258 0.7171741 0.8158829 0.559117 0.8520219 0.5229781 0.8520219 0.7270219 0.684117 0.559117 0.6479781 0.5229781 0.8520219 0.5229781 0.684117 0.6908829 0.6479782 0.727022 0.6479781 0.5229781 0.815883 0.690883 0.8520219 0.7270219 0.6479782 0.727022</float_array>
          <technique_common>
            <accessor source="#Cube_005-mesh-map-0-array" count="588" stride="2">
              <param name="S" type="float"/>
              <param name="T" type="float"/>
            </accessor>
          </technique_common>
        </source>
        <vertices id="Cube_005-mesh-vertices">
          <input semantic="POSITION" source="#Cube_005-mesh-positions"/>
        </vertices>
        <triangles material="Material_004-material" count="192">
          <input semantic="VERTEX" source="#Cube_005-mesh-vertices" offset="0"/>
          <input semantic="NORMAL" source="#Cube_005-mesh-normals" offset="1"/>
          <input semantic="TEXCOORD" source="#Cube_005-mesh-map-0" offset="2" set="0"/>
          <p>85 1 3 49 1 4 74 1 5 14 3 9 25 3 10 2 3 11 37 4 12 73 4 13 26 4 14 3 5 15 4 5 16 0 5 17 7 6 18 5 6 19 3 6 20 1 7 21 8 7 22 7 7 23 10 8 24 8 8 25 6 8 26 2 9 27 11 9 28 10 9 29 9 10 30 5 10 31 11 10 32 5 11 33 8 11 34 11 11 35 15 12 36 16 12 37 12 12 38 19 13 39 17 13 40 15 13 41 18 14 42 19 14 43 96 14 44 18 15 45 23 15 46 20 15 47 21 16 48 22 16 49 14 16 50 21 17 51 17 17 52 23 17 53 17 18 54 20 18 55 23 18 56 27 19 57 28 19 58 24 19 59 31 20 60 29 20 61 27 20 62 25 21 63 32 21 64 31 21 65 34 22 66 32 22 67 30 22 68 26 23 69 35 23 70 34 23 71 33 24 72 29 24 73 35 24 74 29 25 75 32 25 76 35 25 77 39 26 78 40 26 79 97 26 80 39 27 81 44 27 82 41 27 83 42 28 84 43 28 85 37 28 86 42 29 87 47 29 88 44 29 89 45 30 90 46 30 91 38 30 92 40 31 93 47 31 94 45 31 95 41 32 96 44 32 97 47 32 98 51 33 99 52 33 100 48 33 101 55 34 102 53 34 103 51 34 104 49 35 105 56 35 106 55 35 107 58 36 108 56 36 109 54 36 110 50 37 111 59 37 112 58 37 113 57 38 114 53 38 115 59 38 116 53 39 117 56 39 118 59 39 119 63 40 120 64 40 121 99 40 122 63 41 123 68 41 124 65 41 125 66 42 126 67 42 127 61 42 128 66 43 129 71 43 130 68 43 131 69 44 132 70 44 133 62 44 134 64 45 135 71 45 136 69 45 137 65 46 138 68 46 139 71 46 140 75 47 141 76 47 142 72 47 143 79 48 144 77 48 145 75 48 146 73 49 147 80 49 148 79 49 149 82 50 150 80 50 151 78 50 152 74 51 153 83 51 154 82 51 155 81 52 156 77 52 157 83 52 158 77 53 159 80 53 160 83 53 161 87 54 162 88 54 163 98 54 164 87 55 165 92 55 166 89 55 167 90 56 168 91 56 169 85 56 170 90 57 171 95 57 172 92 57 173 93 58 174 94 58 175 86 58 176 88 59 177 95 59 178 93 59 179 89 60 180 92 60 181 95 60 182 0 61 183 27 61 184 24 61 185 4 62 186 31 62 187 27 62 188 31 63 189 2 63 190 25 63 191 12 64 192 6 64 193 1 64 194 16 65 195 10 65 196 6 65 197 10 66 198 14 66 199 2 66 200 97 67 201 18 67 202 96 67 203 18 68 204 45 68 205 22 68 206 45 69 207 14 69 208 22 69 209 37 70 210 34 70 211 42 70 212 34 71 213 46 71 214 42 71 215 30 72 216 38 72 217 46 72 218 24 73 219 75 73 220 72 73 221 75 74 222 33 74 223 79 74 224 79 75 225 26 75 226 73 75 227 98 76 228 39 76 229 97 76 230 88 77 231 43 77 232 39 77 233 93 78 234 37 78 235 43 78 236 85 79 237 82 79 238 90 79 239 82 80 240 94 80 241 90 80 242 78 81 243 86 81 244 94 81 245 72 82 246 51 82 247 48 82 248 76 83 249 55 83 250 51 83 251 55 84 252 74 84 253 49 84 254 99 85 255 87 85 256 98 85 257 87 86 258 69 86 259 91 86 260 69 87 261 85 87 262 91 87 263 61 88 264 58 88 265 66 88 266 58 89 267 70 89 268 66 89 269 54 90 270 62 90 271 70 90 272 48 91 273 3 91 274 0 91 275 52 92 276 7 92 277 3 92 278 7 93 279 50 93 280 1 93 281 96 94 282 63 94 283 99 94 284 19 95 285 67 95 286 63 95 287 15 96 288 61 96 289 67 96 290 72 97 291 0 97 292 24 97 293 36 98 294 96 98 295 13 98 296 84 2 297 97 2 298 36 2 299 60 99 300 98 99 301 84 99 302 13 2 303 99 2 304 60 2 305 85 101 309 62 101 310 49 101 311 14 102 315 38 102 316 25 102 317 37 103 318 86 103 319 73 103 320 3 104 321 5 104 322 4 104 323 7 105 324 8 105 325 5 105 326 1 106 327 6 106 328 8 106 329 10 107 330 11 107 331 8 107 332 2 108 333 9 108 334 11 108 335 9 109 336 4 109 337 5 109 338 15 110 339 17 110 340 16 110 341 19 111 342 20 111 343 17 111 344 18 112 345 20 112 346 19 112 347 18 113 348 22 113 349 23 113 350 21 114 351 23 114 352 22 114 353 21 115 354 16 115 355 17 115 356 27 116 357 29 116 358 28 116 359 31 117 360 32 117 361 29 117 362 25 118 363 30 118 364 32 118 365 34 119 366 35 119 367 32 119 368 26 120 369 33 120 370 35 120 371 33 121 372 28 121 373 29 121 374 39 122 375 41 122 376 40 122 377 39 123 378 43 123 379 44 123 380 42 124 381 44 124 382 43 124 383 42 125 384 46 125 385 47 125 386 45 126 387 47 126 388 46 126 389 40 127 390 41 127 391 47 127 392 51 128 393 53 128 394 52 128 395 55 129 396 56 129 397 53 129 398 49 130 399 54 130 400 56 130 401 58 131 402 59 131 403 56 131 404 50 132 405 57 132 406 59 132 407 57 133 408 52 133 409 53 133 410 63 134 411 65 134 412 64 134 413 63 135 414 67 135 415 68 135 416 66 136 417 68 136 418 67 136 419 66 137 420 70 137 421 71 137 422 69 138 423 71 138 424 70 138 425 64 139 426 65 139 427 71 139 428 75 140 429 77 140 430 76 140 431 79 141 432 80 141 433 77 141 434 73 142 435 78 142 436 80 142 437 82 143 438 83 143 439 80 143 440 74 144 441 81 144 442 83 144 443 81 145 444 76 145 445 77 145 446 87 146 447 89 146 448 88 146 449 87 147 450 91 147 451 92 147 452 90 148 453 92 148 454 91 148 455 90 149 456 94 149 457 95 149 458 93 150 459 95 150 460 94 150 461 88 151 462 89 151 463 95 151 464 0 152 465 4 152 466 27 152 467 4 153 468 9 153 469 31 153 470 31 154 471 9 154 472 2 154 473 12 155 474 16 155 475 6 155 476 16 156 477 21 156 478 10 156 479 10 157 480 21 157 481 14 157 482 97 158 483 40 158 484 18 158 485 18 159 486 40 159 487 45 159 488 45 160 489 38 160 490 14 160 491 37 161 492 26 161 493 34 161 494 34 162 495 30 162 496 46 162 497 30 163 498 25 163 499 38 163 500 24 164 501 28 164 502 75 164 503 75 165 504 28 165 505 33 165 506 79 166 507 33 166 508 26 166 509 98 167 510 88 167 511 39 167 512 88 168 513 93 168 514 43 168 515 93 169 516 86 169 517 37 169 518 85 170 519 74 170 520 82 170 521 82 171 522 78 171 523 94 171 524 78 172 525 73 172 526 86 172 527 72 173 528 76 173 529 51 173 530 76 174 531 81 174 532 55 174 533 55 175 534 81 175 535 74 175 536 99 176 537 64 176 538 87 176 539 87 177 540 64 177 541 69 177 542 69 178 543 62 178 544 85 178 545 61 179 546 50 179 547 58 179 548 58 180 549 54 180 550 70 180 551 54 181 552 49 181 553 62 181 554 48 182 555 52 182 556 3 182 557 52 183 558 57 183 559 7 183 560 7 184 561 57 184 562 50 184 563 96 185 564 19 185 565 63 185 566 19 186 567 15 186 568 67 186 569 15 187 570 12 187 571 61 187 572 72 97 573 48 97 574 0 97 575 36 2 576 97 2 577 96 2 578 84 2 579 98 2 580 97 2 581 60 2 582 99 2 583 98 2 584 13 2 585 96 2 586 99 2 587</p>
        </triangles>
        <triangles material="Material_007-material" count="2">
          <input semantic="VERTEX" source="#Cube_005-mesh-vertices" offset="0"/>
          <input semantic="NORMAL" source="#Cube_005-mesh-normals" offset="1"/>
          <input semantic="TEXCOORD" source="#Cube_005-mesh-map-0" offset="2" set="0"/>
          <p>61 0 0 1 0 1 50 0 2 61 100 306 12 100 307 1 100 308</p>
        </triangles>
        <triangles material="Material_006-material" count="2">
          <input semantic="VERTEX" source="#Cube_005-mesh-vertices" offset="0"/>
          <input semantic="NORMAL" source="#Cube_005-mesh-normals" offset="1"/>
          <input semantic="TEXCOORD" source="#Cube_005-mesh-map-0" offset="2" set="0"/>
          <p>36 2 6 60 2 7 84 2 8 36 2 312 13 2 313 60 2 314</p>
        </triangles>
      </mesh>
    </geometry>
    <geometry id="Cube_003-mesh" name="Cube.003">
      <mesh>
        <source id="Cube_003-mesh-positions">
          <float_array id="Cube_003-mesh-positions-array" count="2784">-0.1131714 -0.3875559 -0.5607743 -0.1009101 -0.3887636 -0.5607743 -0.08911997 -0.3923401 -0.5607743 -0.07825416 -0.398148 -0.5607743 -0.06873017 -0.4059641 -0.5607743 -0.06091403 -0.4154881 -0.5607743 -0.05510616 -0.4263539 -0.5607743 -0.05152964 -0.438144 -0.5607743 -0.05032205 -0.4504053 -0.5607743 -0.05152964 -0.4626666 -0.5607743 -0.05510616 -0.4744567 -0.5607743 -0.06091403 -0.4853225 -0.5607743 -0.06873017 -0.4948465 -0.5607743 -0.07825416 -0.5026627 -0.5607743 -0.08911997 -0.5084705 -0.5607743 -0.1009101 -0.5120471 -0.5607743 -0.1131714 -0.5132547 -0.5607743 -0.1254327 -0.5120471 -0.5607743 -0.1372228 -0.5084705 -0.5607743 -0.1480886 -0.5026627 -0.5607743 -0.1576126 -0.4948465 -0.5607743 -0.1654288 -0.4853225 -0.5607743 -0.1712366 -0.4744567 -0.5607743 -0.1748132 -0.4626666 -0.5607743 -0.1760208 -0.4504052 -0.5607743 -0.1748131 -0.4381439 -0.5607743 -0.1712366 -0.4263538 -0.5607743 -0.1654287 -0.415488 -0.5607743 -0.1576126 -0.405964 -0.5607743 -0.1480886 -0.3981479 -0.5607743 -0.1372227 -0.39234 -0.5607743 -0.1254326 -0.3887636 -0.5607743 -0.2199698 -0.5682555 -0.5607767 -0.2077085 -0.5694631 -0.5607767 -0.1959183 -0.5730396 -0.5607767 -0.1850525 -0.5788475 -0.5607767 -0.1755286 -0.5866636 -0.5607767 -0.1677125 -0.5961876 -0.5607767 -0.1619045 -0.6070534 -0.5607767 -0.1583281 -0.6188436 -0.5607767 -0.1571204 -0.6311048 -0.5607767 -0.1583281 -0.6433662 -0.5607767 -0.1619045 -0.6551563 -0.5607767 -0.1677125 -0.6660221 -0.5607767 -0.1755286 -0.6755461 -0.5607767 -0.1850525 -0.6833622 -0.5607767 -0.1959184 -0.6891701 -0.5607767 -0.2077085 -0.6927466 -0.5607767 -0.2199698 -0.6939542 -0.5607767 -0.2322311 -0.6927466 -0.5607767 -0.2440212 -0.6891701 -0.5607767 -0.2548871 -0.6833622 -0.5607767 -0.264411 -0.675546 -0.5607767 -0.2722272 -0.6660221 -0.5607767 -0.2780351 -0.6551562 -0.5607767 -0.2816116 -0.6433661 -0.5607767 -0.2828192 -0.6311048 -0.5607767 -0.2816115 -0.6188435 -0.5607767 -0.278035 -0.6070534 -0.5607767 -0.2722271 -0.5961875 -0.5607767 -0.264411 -0.5866636 -0.5607767 -0.254887 -0.5788475 -0.5607767 -0.2440211 -0.5730395 -0.5607767 -0.232231 -0.5694631 -0.5607767 -0.1131714 -0.7625091 -0.5607767 -0.1009101 -0.7637168 -0.5607767 -0.08911997 -0.7672932 -0.5607767 -0.07825416 -0.7731012 -0.5607767 -0.06873017 -0.7809172 -0.5607767 -0.06091403 -0.7904412 -0.5607767 -0.05510616 -0.801307 -0.5607767 -0.05152964 -0.8130972 -0.5607767 -0.05032205 -0.8253585 -0.5607767 -0.05152964 -0.8376197 -0.5607767 -0.05510616 -0.8494099 -0.5607767 -0.06091403 -0.8602757 -0.5607767 -0.06873017 -0.8697997 -0.5607767 -0.07825416 -0.8776158 -0.5607767 -0.08911997 -0.8834238 -0.5607767 -0.1009101 -0.8870002 -0.5607767 -0.1131714 -0.8882079 -0.5607767 -0.1254327 -0.8870002 -0.5607767 -0.1372228 -0.8834237 -0.5607767 -0.1480886 -0.8776158 -0.5607767 -0.1576126 -0.8697997 -0.5607767 -0.1654288 -0.8602757 -0.5607767 -0.1712366 -0.8494098 -0.5607767 -0.1748132 -0.8376197 -0.5607767 -0.1760208 -0.8253584 -0.5607767 -0.1748131 -0.8130971 -0.5607767 -0.1712366 -0.801307 -0.5607767 -0.1654287 -0.7904412 -0.5607767 -0.1576126 -0.7809172 -0.5607767 -0.1480886 -0.773101 -0.5607767 -0.1372227 -0.7672932 -0.5607767 -0.1254326 -0.7637168 -0.5607767 0.1132318 -0.8746535 -0.5607743 0.1009705 -0.8734459 -0.5607743 0.0891804 -0.8698694 -0.5607743 0.0783146 -0.8640615 -0.5607743 0.06879061 -0.8562454 -0.5607743 0.06097447 -0.8467214 -0.5607743 0.0551666 -0.8358556 -0.5607743 0.05159008 -0.8240655 -0.5607743 0.05038243 -0.8118042 -0.5607743 0.05159008 -0.7995429 -0.5607743 0.0551666 -0.7877528 -0.5607743 0.06097447 -0.776887 -0.5607743 0.06879061 -0.767363 -0.5607743 0.0783146 -0.7595468 -0.5607743 0.0891804 -0.7537389 -0.5607743 0.1009705 -0.7501624 -0.5607743 0.1132318 -0.7489548 -0.5607743 0.1254931 -0.7501624 -0.5607743 0.1372833 -0.7537389 -0.5607743 0.1481491 -0.7595468 -0.5607743 0.1576731 -0.767363 -0.5607743 0.1654891 -0.7768869 -0.5607743 0.1712971 -0.7877528 -0.5607743 0.1748736 -0.7995429 -0.5607743 0.1760812 -0.8118042 -0.5607743 0.1748735 -0.8240655 -0.5607743 0.171297 -0.8358557 -0.5607743 0.1654891 -0.8467215 -0.5607743 0.157673 -0.8562455 -0.5607743 0.148149 -0.8640615 -0.5607743 0.1372832 -0.8698695 -0.5607743 0.1254931 -0.8734459 -0.5607743 3.02021e-5 -0.6939541 -0.5607767 -0.01223105 -0.6927465 -0.5607767 -0.0240212 -0.68917 -0.5607767 -0.03488701 -0.683362 -0.5607767 -0.044411 -0.6755459 -0.5607767 -0.05222713 -0.666022 -0.5607767 -0.05803501 -0.6551561 -0.5607767 -0.06161153 -0.643366 -0.5607767 -0.06281918 -0.6311047 -0.5607767 -0.06161153 -0.6188434 -0.5607767 -0.05803501 -0.6070533 -0.5607767 -0.05222713 -0.5961875 -0.5607767 -0.044411 -0.5866635 -0.5607767 -0.03488701 -0.5788474 -0.5607767 -0.0240212 -0.5730395 -0.5607767 -0.01223111 -0.569463 -0.5607767 3.01872e-5 -0.5682553 -0.5607767 0.01229149 -0.569463 -0.5607767 0.02408158 -0.5730395 -0.5607767 0.03494739 -0.5788474 -0.5607767 0.04447138 -0.5866635 -0.5607767 0.05228751 -0.5961875 -0.5607767 0.05809545 -0.6070533 -0.5607767 0.06167191 -0.6188434 -0.5607767 0.06287956 -0.6311047 -0.5607767 0.06167191 -0.643366 -0.5607767 0.05809539 -0.6551561 -0.5607767 0.05228745 -0.666022 -0.5607767 0.04447132 -0.6755459 -0.5607767 0.03494733 -0.6833621 -0.5607767 0.02408152 -0.68917 -0.5607767 0.01229137 -0.6927465 -0.5607767 0.2200302 -0.693954 -0.5607767 0.2077689 -0.6927464 -0.5607767 0.1959788 -0.6891699 -0.5607767 0.1851129 -0.683362 -0.5607767 0.175589 -0.6755459 -0.5607767 0.1677728 -0.6660219 -0.5607767 0.1619649 -0.6551561 -0.5607767 0.1583884 -0.643366 -0.5607767 0.1571808 -0.6311047 -0.5607767 0.1583884 -0.6188434 -0.5607767 0.1619649 -0.6070533 -0.5607767 0.1677728 -0.5961874 -0.5607767 0.1755889 -0.5866634 -0.5607767 0.1851129 -0.5788473 -0.5607767 0.1959788 -0.5730394 -0.5607767 0.2077688 -0.5694629 -0.5607767 0.2200301 -0.5682553 -0.5607767 0.2322915 -0.5694629 -0.5607767 0.2440816 -0.5730394 -0.5607767 0.2549474 -0.5788473 -0.5607767 0.2644714 -0.5866634 -0.5607767 0.2722875 -0.5961874 -0.5607767 0.2780954 -0.6070533 -0.5607767 0.2816719 -0.6188434 -0.5607767 0.2828795 -0.6311047 -0.5607767 0.2816718 -0.643366 -0.5607767 0.2780954 -0.6551561 -0.5607767 0.2722875 -0.6660219 -0.5607767 0.2644713 -0.6755459 -0.5607767 0.2549474 -0.683362 -0.5607767 0.2440815 -0.6891699 -0.5607767 0.2322914 -0.6927464 -0.5607767 0.1132317 -0.4997004 -0.5607767 0.1009704 -0.4984928 -0.5607767 0.08918035 -0.4949163 -0.5607767 0.07831448 -0.4891084 -0.5607767 0.06879049 -0.4812923 -0.5607767 0.06097435 -0.4717683 -0.5607767 0.05516648 -0.4609025 -0.5607767 0.05159002 -0.4491124 -0.5607767 0.05038231 -0.4368511 -0.5607767 0.05158996 -0.4245898 -0.5607767 0.05516648 -0.4127997 -0.5607767 0.06097435 -0.4019339 -0.5607767 0.06879049 -0.3924099 -0.5607767 0.07831448 -0.3845937 -0.5607767 0.08918029 -0.3787858 -0.5607767 0.1009704 -0.3752093 -0.5607767 0.1132317 -0.3740017 -0.5607767 0.125493 -0.3752093 -0.5607767 0.1372831 -0.3787858 -0.5607767 0.148149 -0.3845937 -0.5607767 0.157673 -0.3924099 -0.5607767 0.165489 -0.4019339 -0.5607767 0.171297 -0.4127997 -0.5607767 0.1748734 -0.4245898 -0.5607767 0.1760811 -0.4368511 -0.5607767 0.1748734 -0.4491124 -0.5607767 0.1712969 -0.4609025 -0.5607767 0.165489 -0.4717683 -0.5607767 0.1576729 -0.4812923 -0.5607767 0.1481489 -0.4891085 -0.5607767 0.137283 -0.4949163 -0.5607767 0.1254929 -0.4984928 -0.5607767 -0.2380719 -0.9608695 -0.2945914 -0.3852273 -0.5079724 -0.2945914 -0.3852272 -0.7583278 -0.2945914 -0.238072 -0.3054305 -0.2945914 -0.5515412 -0.6271998 -0.1405992 -0.2757555 -0.149525 -0.1405992 -0.2757555 -1.104875 -0.1405992 -0.1190209 -0.9995515 -0.2945914 -0.3852272 -0.6331501 -0.2945914 -0.1190209 -0.2667485 -0.2945914 -0.3116496 -0.8595986 -0.2945914 -0.3116496 -0.4067015 -0.2945914 0.2381322 -0.9608695 -0.2945914 0.3852875 -0.5079724 -0.2945914 3.01425e-5 -0.2280665 -0.2945914 3.01425e-5 -0.07562845 -0.1405992 3.01425e-5 -1.038233 -0.2945914 0.3852875 -0.7583278 -0.2945914 0.2381322 -0.3054305 -0.2945914 3.01425e-5 -1.178771 -0.1405992 0.5516015 -0.6271998 -0.1405992 0.2758158 -0.149525 -0.1405992 0.2758158 -1.104875 -0.1405992 0.1190811 -0.9995515 -0.2945914 0.3852875 -0.6331501 -0.2945914 0.1190812 -0.2667485 -0.2945914 0.3117099 -0.8595986 -0.2945914 0.3117099 -0.4067015 -0.2945914 0.2722875 -0.5961874 -0.2945914 0.2780954 -0.6070532 -0.2945914 0.2644714 -0.5866634 -0.2945914 0.2722875 -0.6660219 -0.2945914 0.2780954 -0.6551561 -0.2945914 0.2816718 -0.643366 -0.2945914 0.2322915 -0.5694629 -0.2945914 0.2549474 -0.5788473 -0.2945914 0.2549474 -0.683362 -0.2945914 0.2644713 -0.6755459 -0.2945914 0.2200301 -0.5682553 -0.2945914 0.2322914 -0.6927464 -0.2945914 0.2440815 -0.6891699 -0.2945914 0.2440816 -0.5730394 -0.2945914 0.2828795 -0.6311047 -0.2945914 0.2816719 -0.6188434 -0.2945914 0.1760812 -0.8118042 -0.294591 0.1712971 -0.7877528 -0.294591 0.1748736 -0.7995429 -0.294591 0.1748735 -0.8240655 -0.294591 0.2077688 -0.5694629 -0.2945914 0.1959788 -0.5730394 -0.2945914 0.2077689 -0.6927464 -0.2945914 0.1851129 -0.5788473 -0.2945914 0.1755889 -0.5866634 -0.2945914 0.1677728 -0.5961874 -0.2945914 0.175589 -0.6755459 -0.2945914 0.1959788 -0.6891699 -0.2945914 0.2200302 -0.693954 -0.2945914 0.1748734 -0.4245898 -0.2945914 0.1851129 -0.683362 -0.2945914 0.1677728 -0.6660219 -0.2945914 0.1760811 -0.4368511 -0.2945914 0.1748734 -0.4491124 -0.2945914 0.171297 -0.4127997 -0.2945914 0.157673 -0.3924099 -0.2945914 0.165489 -0.4019339 -0.2945914 0.1712969 -0.4609025 -0.2945914 0.165489 -0.4717683 -0.2945914 0.1576729 -0.4812923 -0.2945914 0.1619649 -0.6070532 -0.2945914 0.1583884 -0.643366 -0.2945914 0.1583884 -0.6188434 -0.2945914 0.1619649 -0.6551561 -0.2945914 0.1576731 -0.767363 -0.294591 0.1654891 -0.7768869 -0.294591 0.171297 -0.8358557 -0.294591 0.157673 -0.8562455 -0.294591 0.1654891 -0.8467215 -0.294591 0.125493 -0.3752093 -0.2945914 0.1372831 -0.3787858 -0.2945914 0.148149 -0.3845937 -0.2945914 0.137283 -0.4949163 -0.2945914 0.1481489 -0.4891085 -0.2945914 0.1254929 -0.4984928 -0.2945914 0.1132318 -0.7489548 -0.294591 0.1571808 -0.6311047 -0.2945914 0.1372833 -0.7537389 -0.294591 0.1254931 -0.7501624 -0.294591 0.1481491 -0.7595468 -0.294591 0.148149 -0.8640615 -0.294591 0.1372832 -0.8698695 -0.294591 0.1254931 -0.8734459 -0.294591 0.1132318 -0.8746535 -0.294591 0.08918029 -0.3787858 -0.2945914 0.1132317 -0.3740017 -0.2945914 0.1009704 -0.3752093 -0.2945914 0.06879049 -0.3924099 -0.2945914 0.07831448 -0.3845937 -0.2945914 0.07831448 -0.4891084 -0.2945914 0.06879049 -0.4812923 -0.2945914 0.08918035 -0.4949163 -0.2945914 0.1009704 -0.4984928 -0.2945914 0.1009705 -0.7501624 -0.294591 0.0891804 -0.7537389 -0.294591 0.1132317 -0.4997004 -0.2945914 0.06879061 -0.767363 -0.294591 0.0783146 -0.7595468 -0.294591 0.06879061 -0.8562454 -0.294591 0.0783146 -0.8640615 -0.294591 0.1009705 -0.8734459 -0.294591 0.0891804 -0.8698694 -0.294591 0.05516648 -0.4127997 -0.2945914 0.06097435 -0.4019339 -0.2945914 0.06097435 -0.4717683 -0.2945914 0.05516648 -0.4609025 -0.2945914 0.05809545 -0.6070533 -0.2945914 0.06167191 -0.6188434 -0.2945914 0.05228751 -0.5961875 -0.2945914 0.05809539 -0.6551561 -0.2945914 0.06287956 -0.6311047 -0.2945914 0.06167191 -0.643366 -0.2945914 0.06097447 -0.776887 -0.294591 0.05228745 -0.666022 -0.2945914 0.0551666 -0.7877528 -0.294591 0.0551666 -0.8358556 -0.294591 0.05159008 -0.8240655 -0.294591 0.06097447 -0.8467214 -0.294591 0.05159008 -0.7995429 -0.294591 0.05038243 -0.8118042 -0.294591 3.01872e-5 -0.5682553 -0.2945914 -0.01223111 -0.569463 -0.2945914 0.01229137 -0.6927465 -0.2945914 0.05158996 -0.4245898 -0.2945914 0.02408158 -0.5730395 -0.2945914 3.02021e-5 -0.6939541 -0.2945914 0.02408152 -0.68917 -0.2945914 0.01229149 -0.569463 -0.2945914 0.03494739 -0.5788474 -0.2945914 0.04447132 -0.6755459 -0.2945914 0.03494733 -0.6833621 -0.2945914 0.05038231 -0.4368511 -0.2945914 0.05159002 -0.4491124 -0.2945914 -0.01223105 -0.6927465 -0.2945914 0.04447138 -0.5866635 -0.2945914 -0.1131714 -0.3875559 -0.294591 -0.1254326 -0.3887636 -0.294591 -0.1009101 -0.3887636 -0.294591 -0.1372227 -0.39234 -0.294591 -0.07825416 -0.398148 -0.294591 -0.08911997 -0.3923401 -0.294591 -0.1480886 -0.3981479 -0.294591 -0.1576126 -0.405964 -0.294591 -0.1760208 -0.4504052 -0.294591 -0.05032205 -0.4504053 -0.294591 -0.1480886 -0.5026627 -0.294591 -0.1748132 -0.4626666 -0.294591 -0.05152964 -0.4626666 -0.294591 -0.1654288 -0.4853225 -0.294591 -0.05152964 -0.438144 -0.294591 -0.1748131 -0.4381439 -0.294591 -0.1712366 -0.4263538 -0.294591 -0.05510616 -0.4263539 -0.294591 -0.1712366 -0.4744567 -0.294591 -0.05510616 -0.4744567 -0.294591 -0.1576126 -0.4948465 -0.294591 -0.1654287 -0.415488 -0.294591 -0.06873017 -0.4059641 -0.294591 -0.06091403 -0.4853225 -0.294591 -0.06873017 -0.4948465 -0.294591 -0.06091403 -0.4154881 -0.294591 -0.1372228 -0.5084705 -0.294591 -0.1009101 -0.5120471 -0.294591 -0.1131714 -0.5132547 -0.294591 -0.07825416 -0.5026627 -0.294591 -0.1254327 -0.5120471 -0.294591 -0.08911997 -0.5084705 -0.294591 -0.1959183 -0.5730396 -0.2945919 -0.2199698 -0.5682555 -0.2945919 -0.232231 -0.5694631 -0.2945919 -0.2440211 -0.5730395 -0.2945919 -0.2077085 -0.5694631 -0.2945919 -0.254887 -0.5788475 -0.2945919 -0.1850525 -0.5788475 -0.2945919 -0.0240212 -0.5730395 -0.2945914 -0.03488701 -0.5788474 -0.2945914 -0.1619045 -0.6070534 -0.2945919 -0.2816115 -0.6188435 -0.2945919 -0.1755286 -0.5866636 -0.2945919 -0.1677125 -0.5961876 -0.2945919 -0.2816116 -0.6433661 -0.2945919 -0.2722271 -0.5961875 -0.2945919 -0.2828192 -0.6311048 -0.2945919 -0.1571204 -0.6311048 -0.2945919 -0.1583281 -0.6188436 -0.2945919 -0.264411 -0.5866636 -0.2945919 -0.1583281 -0.6433662 -0.2945919 -0.278035 -0.6070534 -0.2945919 -0.06161153 -0.6188434 -0.2945914 -0.06281918 -0.6311047 -0.2945914 -0.05222713 -0.5961875 -0.2945914 -0.044411 -0.5866635 -0.2945914 -0.05803501 -0.6070533 -0.2945914 -0.06161153 -0.643366 -0.2945914 -0.2722272 -0.6660221 -0.2945919 -0.1619045 -0.6551563 -0.2945919 -0.2780351 -0.6551562 -0.2945919 -0.1959184 -0.6891701 -0.2945919 -0.2440212 -0.6891701 -0.2945919 -0.1677125 -0.6660221 -0.2945919 -0.2548871 -0.6833622 -0.2945919 -0.264411 -0.675546 -0.2945919 -0.1850525 -0.6833622 -0.2945919 -0.2077085 -0.6927466 -0.2945919 -0.2322311 -0.6927466 -0.2945919 -0.1755286 -0.6755461 -0.2945919 -0.05222713 -0.666022 -0.2945914 -0.05803501 -0.6551561 -0.2945914 -0.03488701 -0.683362 -0.2945914 -0.0240212 -0.68917 -0.2945914 -0.044411 -0.6755459 -0.2945914 -0.07825416 -0.7731012 -0.2945919 -0.2199698 -0.6939542 -0.2945919 -0.1480886 -0.773101 -0.2945919 -0.1748131 -0.8130971 -0.2945919 -0.1712366 -0.801307 -0.2945919 -0.1576126 -0.7809172 -0.2945919 -0.08911997 -0.7672932 -0.2945919 -0.06873017 -0.7809172 -0.2945919 -0.1654287 -0.7904412 -0.2945919 -0.1131714 -0.7625091 -0.2945919 -0.05510616 -0.801307 -0.2945919 -0.06091403 -0.7904412 -0.2945919 -0.1009101 -0.7637168 -0.2945919 -0.1254326 -0.7637168 -0.2945919 -0.1372227 -0.7672932 -0.2945919 -0.05152964 -0.8130972 -0.2945919 -0.1712366 -0.8494098 -0.2945919 -0.1748132 -0.8376197 -0.2945919 -0.05152964 -0.8376197 -0.2945919 -0.1654288 -0.8602757 -0.2945919 -0.05032205 -0.8253585 -0.2945919 -0.1760208 -0.8253584 -0.2945919 -0.06091403 -0.8602757 -0.2945919 -0.1576126 -0.8697997 -0.2945919 -0.1254327 -0.8870002 -0.2945919 -0.08911997 -0.8834238 -0.2945919 -0.1009101 -0.8870002 -0.2945919 -0.06873017 -0.8697997 -0.2945919 -0.07825416 -0.8776158 -0.2945919 -0.1480886 -0.8776158 -0.2945919 -0.1372228 -0.8834237 -0.2945919 -0.1131714 -0.8882079 -0.2945919 -0.05510616 -0.8494099 -0.2945919 -2.751642 -2.935928 0.4831495 -2.669691 -2.863596 0.3398953 -2.737173 -2.927982 0.4310436 -2.707177 -2.901507 0.3786087 -2.751642 2.55002 0.4831495 -2.669264 2.475446 0.3395805 -2.737115 2.537672 0.4309998 -2.706963 2.510375 0.3784494 -2.669475 1.140891 0.339736 -2.751641 1.191579 0.4831448 -2.707068 1.159255 0.3785286 -2.737143 1.177809 0.4310198 2.669751 -2.863596 0.3398953 2.7517 -2.935929 0.4831343 2.707237 -2.901507 0.3786068 2.737232 -2.927983 0.431036 2.669324 2.475446 0.3395805 2.751706 2.550023 0.4831915 2.707024 2.510376 0.3784552 2.737177 2.537673 0.4310207 2.751698 1.191572 0.4831123 2.669535 1.140891 0.339736 2.737202 1.177805 0.4310017 2.707128 1.159254 0.3785224 3.01425e-5 0.8603956 0.3639073 -0.09025943 0.9616712 0.4400435 0.09031969 0.9616714 0.4400435 3.01425e-5 0.9893521 0.4823322 -0.03301811 0.9537034 0.4278708 0.03307837 0.9537034 0.4278708 3.01425e-5 2.475338 0.3394957 3.01425e-5 2.583869 0.4740276 3.01425e-5 2.514856 0.3771873 3.01425e-5 2.554581 0.4264288 3.01425e-5 -2.863705 0.3399706 3.01425e-5 -2.935928 0.4831514 3.01425e-5 -2.901561 0.3786459 3.01425e-5 -2.927997 0.4310541 -1.49414 -1.612024 -0.5258308 -1.282558 -1.394352 -0.5951815 -1.431324 -1.546164 -0.5605059 -1.35388 -1.46649 -0.5858898 -1.494695 1.376835 -0.5254221 -1.282558 1.170824 -0.5951815 -1.431602 1.316805 -0.5603018 -1.353955 1.2414 -0.5858355 -1.282558 0.705648 -0.5951815 -1.282558 0.4708238 -0.5951815 -1.494421 0.6293534 -0.5256238 -1.282558 0.6273732 -0.5951815 -1.353286 0.6814391 -0.58601 -1.349141 0.6214573 -0.5869503 -1.353672 0.521117 -0.5849972 -1.282557 0.5490985 -0.595182 -1.349131 0.5706915 -0.5869527 -1.431138 0.6535473 -0.5595651 -1.432077 0.5790909 -0.5601406 -1.396116 0.6051135 -0.5738564 1.282618 -1.394352 -0.5951815 1.4942 -1.612024 -0.5258308 1.35394 -1.46649 -0.5858898 1.431385 -1.546164 -0.5605059 1.282618 1.170824 -0.5951815 1.494755 1.376835 -0.5254221 1.354015 1.2414 -0.5858355 1.431662 1.316805 -0.5603018 1.494481 0.6293534 -0.5256238 1.282618 0.4708238 -0.5951815 1.282618 0.705648 -0.5951815 1.43121 0.5790908 -0.5595598 1.432125 0.6535474 -0.5601454 1.396176 0.6051136 -0.5738564 1.282618 0.5490985 -0.5951815 1.353334 0.521117 -0.5860128 1.349192 0.5706915 -0.5869522 1.353745 0.6814392 -0.5849938 1.282618 0.6273733 -0.595182 1.349201 0.6214573 -0.5869503 3.01425e-5 1.376976 -0.5253115 0.1174422 1.170824 -0.5951815 -0.1173819 1.170824 -0.5951815 0.03680557 1.316535 -0.559381 -0.0367453 1.317508 -0.5599632 3.01438e-5 1.28268 -0.5737429 0.03916746 1.170824 -0.5951815 0.07973116 1.240853 -0.5859556 0.02527546 1.236771 -0.5869036 -0.0796709 1.241169 -0.5849333 -0.0391072 1.170824 -0.5951815 -0.0252152 1.236771 -0.5869036 -0.1173819 -1.394352 -0.5951815 0.1174422 -1.394352 -0.5951815 3.01425e-5 -1.611881 -0.525929 -0.0391072 -1.394352 -0.5951815 -0.08057016 -1.465761 -0.5860653 -0.02548342 -1.461557 -0.586997 0.08063048 -1.466242 -0.5850558 0.03916746 -1.394353 -0.595182 0.02554374 -1.461558 -0.586997 -0.03763592 -1.545789 -0.5597382 0.03769618 -1.546668 -0.560318 3.01443e-5 -1.509599 -0.5739656 -0.1173819 0.4708238 -0.5951815 -0.1173819 0.705648 -0.5951815 0.1174422 0.705648 -0.5951815 0.1174422 0.4708238 -0.5951815 -0.1173819 0.5490985 -0.5951815 -0.0391072 0.4708238 -0.5951815 -0.0391072 0.5490984 -0.5951815 -0.0391072 0.705648 -0.5951815 -0.1173819 0.6273733 -0.5951815 -0.0391072 0.6273732 -0.5951815 0.1174422 0.6273732 -0.5951815 0.03916746 0.7056479 -0.5951815 0.03916746 0.6273732 -0.5951815 0.03916746 0.4708238 -0.5951815 0.1174422 0.5490985 -0.5951815 0.03916746 0.5490985 -0.5951815 -2.66768 -2.812546 0.9389429 -2.787 -2.918249 0.816617 -2.717318 -2.851009 0.9296312 -2.757424 -2.884603 0.9031143 -2.781893 -2.908215 0.8634291 -2.669013 2.455059 0.9389429 -2.787001 2.573908 0.8166266 -2.718141 2.503226 0.9296322 -2.757815 2.542727 0.9031172 -2.781995 2.567547 0.8634348 -2.787001 1.262298 0.8166304 -2.668686 1.288236 0.9389429 -2.781971 1.272224 0.8634377 -2.757719 1.280639 0.9031181 -2.717939 1.286261 0.9296322 -2.369697 2.515568 0.8362932 -2.345411 2.531518 0.875576 -2.324846 2.525583 0.9088774 -2.311132 2.498667 0.9311295 -1.379412 2.515486 0.8361683 -1.403764 2.531467 0.8754978 -1.424435 2.525557 0.9088402 -1.438279 2.498656 0.931119 -1.517027 2.408876 0.6730795 -1.541381 2.424848 0.7124109 -1.562057 2.418913 0.7457533 -1.575906 2.391973 0.7680311 -2.231164 2.408876 0.6730795 -2.206918 2.424849 0.7124109 -2.186386 2.418914 0.7457533 -2.172693 2.391976 0.7680311 0.001319766 2.582986 0.8161583 0.001609861 2.455053 0.9389429 0.001483738 2.573151 0.8631468 0.00159645 2.545384 0.9029808 0.001640737 2.503914 0.9295979 2.78706 -2.918249 0.816617 2.66774 -2.812546 0.9389429 2.781953 -2.908215 0.8634291 2.757484 -2.884603 0.9031143 2.717378 -2.851009 0.9296312 2.787061 2.573908 0.8166266 2.669073 2.455059 0.9389429 2.782055 2.567547 0.8634348 2.757875 2.542727 0.9031172 2.718201 2.503226 0.9296322 2.668746 1.288236 0.9389429 2.787061 1.262298 0.8166304 2.717999 1.286261 0.9296322 2.757779 1.280639 0.9031181 2.782031 1.272224 0.8634377 2.369757 2.515568 0.8362932 2.345471 2.531518 0.875576 2.324906 2.525583 0.9088774 2.311192 2.498666 0.9311295 1.379473 2.515486 0.8361683 1.403825 2.531467 0.8754978 1.424496 2.525557 0.9088402 1.438339 2.498656 0.931119 1.517087 2.408876 0.6730795 1.541442 2.424848 0.7124109 1.562117 2.418913 0.7457533 1.575967 2.391973 0.7680311 2.231224 2.408876 0.6730795 2.206978 2.424849 0.7124109 2.186446 2.418914 0.7457533 2.172753 2.391976 0.7680311 -0.001549541 2.455053 0.9389429 -0.001259505 2.582986 0.8161583 -0.001580417 2.503914 0.9295979 -0.00153613 2.545384 0.9029808 -0.001423478 2.573151 0.8631468 3.01425e-5 -2.91825 0.8166056 3.01425e-5 -2.81164 0.9389429 3.01425e-5 -2.908146 0.8634224 3.01425e-5 -2.884338 0.9031115 3.01425e-5 -2.85045 0.9296303 -2.263828 -2.525001 0.8753328 -2.388323 -2.603029 0.9389429 -2.286784 -2.536346 0.8996754 -2.318505 -2.555159 0.9203119 -2.354161 -2.578575 0.9341011 -2.263959 1.246777 0.8756046 -2.387867 1.288236 0.9389429 -2.286813 1.259384 0.8998423 -2.318386 1.27169 0.9203901 -2.353871 1.281821 0.9341202 -1.444455 1.239049 0.8637982 -1.444678 1.331642 0.9332218 -1.444644 1.2962 0.9169321 -1.444566 1.263686 0.8925543 -2.30774 1.288236 0.9389429 -2.307716 1.30818 0.9389429 -2.307693 1.328124 0.9389429 -2.307669 1.348069 0.9389429 -1.562286 1.166897 0.7224283 -1.57003 1.187632 0.7428722 -1.576578 1.217276 0.7602053 -1.580931 1.251315 0.7717867 -2.185324 1.143673 0.7397013 -2.170392 1.249611 0.7731009 -2.173911 1.210504 0.7652645 -2.179155 1.173304 0.7535353 2.388098 -2.602815 0.9389429 2.263888 -2.525001 0.8753328 2.354044 -2.578443 0.9341011 2.318481 -2.555097 0.9203119 2.286823 -2.53633 0.8996754 2.387463 1.288236 0.9389429 2.264019 1.246777 0.8756046 2.353644 1.281833 0.9341202 2.318309 1.271706 0.9203901 2.274778 1.254079 0.8883247 1.444515 1.239049 0.8637982 1.444626 1.263774 0.8925543 1.444704 1.296538 0.9169321 1.444738 1.332355 0.9332218 2.294704 1.275834 0.9199963 2.30773 1.34751 0.9389429 2.307753 1.327752 0.9389429 2.307777 1.307994 0.9389429 1.562346 1.166897 0.7224283 1.580993 1.250462 0.7717867 1.576638 1.216871 0.7602053 1.57009 1.187527 0.7428732 2.185384 1.143673 0.7397013 2.179215 1.173224 0.7535353 2.173972 1.210198 0.7652645 2.170452 1.248967 0.7731009 3.01425e-5 1.239396 0.8643284 3.01425e-5 1.356307 0.9757223 3.01425e-5 1.263267 0.8956823 3.01425e-5 1.293869 0.9278622 3.01425e-5 1.32654 0.9559689 3.01425e-5 -2.603424 0.9389429 3.01425e-5 -2.524925 0.875061 3.01425e-5 -2.578813 0.9340811 3.01425e-5 -2.555253 0.9202337 3.01425e-5 -2.53633 0.8995085 -1.99537 -2.417334 0.4869642 -1.967513 -2.402052 0.4537811 -1.930625 -2.375552 0.4206829 -1.890321 -2.341871 0.3927069 -1.995274 0.9904309 0.4834366 -1.967409 0.9651992 0.4515934 -1.930458 0.9320391 0.41961 -1.890047 0.8959985 0.392354 -1.442561 0.8568929 0.3695326 -1.442561 1.009273 0.4655247 -1.442561 0.8939315 0.3882489 -1.442561 0.9358965 0.4130631 -1.442561 0.976399 0.4401989 1.99543 -2.417334 0.4869642 1.890381 -2.341871 0.3927069 1.930685 -2.375552 0.4206829 1.967573 -2.402052 0.4537811 1.994667 0.9873535 0.4859295 1.890056 0.8957642 0.3925438 1.930323 0.9311376 0.4203405 1.967057 0.9632996 0.4531326 1.442621 1.009273 0.4655247 1.442621 0.8568929 0.3695326 1.442621 0.976399 0.4401989 1.442621 0.9358966 0.4130631 1.442621 0.8939316 0.3882489 3.01425e-5 -2.417413 0.4872494 3.01425e-5 -2.308817 0.3679214 3.01425e-5 -2.402304 0.4534874 3.01425e-5 -2.376361 0.4189539 3.01425e-5 -2.343533 0.3889074 -6.24983e-4 0.8598189 0.3635964 0.09031969 0.9896838 0.4828377 0.03417867 0.8942466 0.3859005 0.06368321 0.9310159 0.4163942 0.08339709 0.964529 0.4504337 -0.09025937 0.9896837 0.4828386 6.8522e-4 0.8598189 0.3635964 -0.08333688 0.9645291 0.4504347 -0.06362205 0.931016 0.4163952 -0.03411722 0.8942468 0.3859019 0.04075855 0.9896823 0.4828377 -1.88231e-4 0.8598189 0.3635964 0.0343824 0.9645282 0.4504337 0.02436178 0.9310156 0.4163933 0.01222217 0.8942466 0.3859005 -0.04069864 0.9896839 0.4828386 2.48508e-4 0.8598189 0.3635964 -0.0343222 0.964529 0.4504347 -0.02430135 0.9310159 0.4163952 -0.01216161 0.8942465 0.3859019 -0.512696 -0.7721722 -0.1405992 -0.3942767 -0.9863534 -0.1405992 -0.3804579 -0.9264671 -0.2030687 -0.4929367 -0.8285787 -0.1405992 -0.4634926 -0.8890886 -0.1405992 -0.4288487 -0.9444927 -0.1405992 -0.394132 -0.2679014 -0.1405992 -0.511421 -0.4774697 -0.1405992 -0.4319141 -0.4288833 -0.2167987 -0.4286625 -0.3094553 -0.1405992 -0.4630774 -0.3638746 -0.1405992 -0.4921389 -0.4228728 -0.1405992 0.394337 -0.9863535 -0.1405992 0.5127563 -0.7721722 -0.1405992 0.3805181 -0.9264671 -0.2030687 0.428909 -0.9444928 -0.1405992 0.4635528 -0.8890886 -0.1405992 0.492997 -0.8285787 -0.1405992 0.5114814 -0.4774697 -0.1405992 0.3941922 -0.2679015 -0.1405992 0.4319744 -0.4288833 -0.2167987 0.4921992 -0.4228728 -0.1405992 0.4631376 -0.3638746 -0.1405992 0.4287227 -0.3094553 -0.1405992 -1.692568 -2.306366 0.3735776 -1.852716 -2.14304 0.3741055 -1.890287 -2.341838 0.3926897 -1.753863 -2.293865 0.3737817 -1.805821 -2.258435 0.3739538 -1.840535 -2.205474 0.3740673 -1.852347 0.7095908 0.3739824 -1.678948 0.8601649 0.3720956 -1.890012 0.8959674 0.3923369 -1.839141 0.7679471 0.3738365 -1.801551 0.8170559 0.3734269 -1.745298 0.8494379 0.3728156 1.852776 -2.14304 0.3741055 1.692628 -2.306366 0.3735771 1.890347 -2.341838 0.3926897 1.840593 -2.205472 0.3740673 1.805879 -2.258434 0.3739538 1.753922 -2.293864 0.3737817 1.679008 0.8601648 0.3720956 1.852408 0.7095907 0.373982 1.890021 0.8957332 0.3925266 1.745359 0.8494388 0.3728156 1.801612 0.8170565 0.3734269 1.839203 0.7679486 0.3738365 -2.348786 2.454888 0.9389429 -2.278911 2.433704 0.9066076 -2.310884 2.496397 0.9315348 -2.33046 2.453269 0.9364815 -2.310745 2.448674 0.929472 -2.292644 2.441804 0.9189816 -1.470563 2.433631 0.9065037 -1.400757 2.454866 0.9389429 -1.438534 2.496376 0.9315262 -1.456857 2.441755 0.9189167 -1.438778 2.448643 0.9294405 -1.419078 2.453247 0.9364729 -1.62325 2.348131 0.7758541 -1.553443 2.369361 0.8082953 -1.576167 2.389648 0.768446 -1.604929 2.349747 0.7783241 -1.58523 2.35435 0.7853565 -1.56715 2.361237 0.7958813 -2.195371 2.369297 0.8081894 -2.125495 2.348135 0.7758541 -2.172442 2.389667 0.7684431 -2.181638 2.361199 0.7958155 -2.163536 2.354333 0.7853251 -2.143821 2.349746 0.7783156 2.27897 2.433704 0.9066076 2.348846 2.454888 0.9389429 2.310945 2.496397 0.9315338 2.292704 2.441804 0.9189816 2.310806 2.448674 0.929472 2.330521 2.453269 0.9364815 1.400818 2.454866 0.9389429 1.470623 2.433631 0.9065037 1.438594 2.496376 0.9315262 1.419138 2.453247 0.9364729 1.438838 2.448643 0.9294405 1.456917 2.441755 0.9189167 1.553504 2.369361 0.8082953 1.623311 2.348131 0.7758541 1.576227 2.389648 0.768446 1.56721 2.361237 0.7958813 1.58529 2.35435 0.7853565 1.60499 2.349747 0.7783241 2.125555 2.348135 0.7758541 2.195431 2.369297 0.8081894 2.172502 2.389667 0.7684431 2.143881 2.349746 0.7783156 2.163596 2.354333 0.7853251 2.181698 2.361199 0.7958155 -1.402247 1.364372 0.9400225 -1.472051 1.348701 0.9065199 -1.444678 1.331691 0.9332304 -1.420564 1.363254 0.9371414 -1.440261 1.359883 0.9297628 -1.458341 1.354773 0.9190102 -2.280187 1.351492 0.9066134 -2.350125 1.325769 0.9389429 -2.307669 1.348119 0.9389429 -2.293929 1.354598 0.9189854 -2.312045 1.350801 0.9294739 -2.331779 1.340678 0.9364824 -1.555038 1.300482 0.808279 -1.624857 1.284574 0.7758541 -1.580933 1.251364 0.7717924 -1.568749 1.294392 0.7958708 -1.586833 1.28923 0.7853508 -1.606535 1.285783 0.7783222 -2.126702 1.284663 0.7758541 -2.196589 1.301192 0.8081846 -2.17039 1.249661 0.7731047 -2.145029 1.285924 0.7783165 -2.164746 1.289508 0.7853241 -2.182852 1.29487 0.7958136 1.472111 1.349351 0.9065199 1.402306 1.365492 0.9400225 1.444738 1.332404 0.9332304 1.4584 1.355613 0.9190102 1.44032 1.36088 0.9297628 1.420623 1.364348 0.9371414 2.350185 1.325174 0.9389429 2.280248 1.350687 0.9066134 2.30773 1.34756 0.9389429 2.331839 1.340021 0.9364824 2.312106 1.350083 0.9294739 2.293989 1.353828 0.9189854 1.624919 1.283218 0.7758541 1.555099 1.299605 0.808279 1.580995 1.250512 0.7717924 1.606597 1.284456 0.7783222 1.586895 1.288004 0.7853508 1.568811 1.293324 0.7958708 2.196651 1.300208 0.8081846 2.126763 1.283595 0.7758541 2.17045 1.249017 0.7731047 2.182913 1.293861 0.7958136 2.164808 1.288474 0.7853241 2.14509 1.28487 0.7783165</float_array>
          <technique_common>
            <accessor source="#Cube_003-mesh-positions-array" count="928" stride="3">
              <param name="X" type="float"/>
              <param name="Y" type="float"/>
              <param name="Z" type="float"/>
            </accessor>
          </technique_common>
        </source>
        <source id="Cube_003-mesh-normals">
          <float_array id="Cube_003-mesh-normals-array" count="4590">-0.09801602 -0.9951848 0 -0.2902864 -0.9569399 0 -0.471397 -0.8819211 0 -0.6343926 -0.7730111 0 -0.7730114 -0.6343922 0 -0.8819215 -0.4713964 0 -0.9569404 -0.2902846 0 -0.9951848 -0.0980165 0 -0.9951848 0.0980165 0 -0.9569405 0.2902841 0 -0.8819208 0.4713977 0 -0.7730103 0.6343935 0 -0.6343935 0.7730104 0 -0.4713948 0.8819223 0 -0.2902867 0.9569398 0 -0.09801363 0.9951851 0 0.09801375 0.9951851 0 0.2902864 0.9569399 0 0.4713943 0.8819226 0 0.6343948 0.7730093 0 0.773012 0.6343915 0 0.8819209 0.4713977 0 0.9569413 0.2902817 0 0.995185 0.09801572 0 0.9951848 -0.09801596 0 0.9569396 -0.2902873 0 0.8819212 -0.4713968 0 0.7730109 -0.6343929 0 0.634392 -0.7730115 0 0.471397 -0.8819211 0 0.290282 -0.9569412 0 0.09801691 -0.9951848 0 0 0 1 -0.09801846 -0.9951846 0 -0.2902822 -0.9569411 0 -0.4714 -0.8819196 0 -0.6343914 -0.7730121 0 -0.7730104 -0.6343935 0 -0.8819204 -0.4713984 0 -0.9569402 -0.2902851 0 -0.9951849 -0.09801566 0 -0.9951847 0.09801745 0 -0.9569405 0.2902844 0 -0.8819214 0.4713966 0 -0.7730115 0.6343921 0 -0.6343944 0.7730097 0 -0.471399 0.8819201 0 -0.2902815 0.9569413 0 -0.09801328 0.9951851 0 0.09801369 0.9951851 0 0.2902873 0.9569396 0 0.4713953 0.8819221 0 0.634395 0.7730091 0 0.7730094 0.6343946 0 0.8819234 0.4713929 0 0.9569405 0.2902844 0 0.995185 0.09801518 0 0.9951844 -0.09802013 0 0.9569405 -0.2902844 0 0.8819214 -0.4713965 0 0.7730072 -0.6343973 0 0.6343922 -0.7730115 0 0.4713971 -0.8819211 0 0.2902764 -0.9569429 0 0.09801918 -0.9951846 0 9.431e-7 0 1 -0.471399 -0.8819201 0 -0.6343909 -0.7730124 0 -0.773011 -0.6343928 0 -0.8819211 -0.471397 0 -0.9569407 -0.2902836 0 -0.9951847 -0.09801793 0 -0.9951847 0.09801733 0 -0.9569408 0.290283 0 -0.8819209 0.4713975 0 -0.7730104 0.6343935 0 -0.2902818 0.9569413 0 -0.09801828 0.9951847 0 0.09801846 0.9951846 0 0.290286 0.9569399 0 0.4713981 0.8819206 0 0.6343915 0.7730121 0 0.7730115 0.6343921 0 0.8819224 0.4713947 0 0.9569411 0.2902823 0 0.9951846 -0.09801971 0 0.8819196 -0.4714002 0 0.7730104 -0.6343935 0 0.6343932 -0.7730105 0 0.4713943 -0.8819226 0 0.2902771 -0.9569426 0 -9.43102e-7 0 1 0.09801363 0.9951851 0 0.2902867 0.9569398 0 0.4713957 0.8819218 0 0.6343935 0.7730104 0 0.7730103 0.6343935 0 0.8819208 0.4713977 0 0.9569405 0.2902842 0 0.9951846 0.09801852 0 0.9951848 -0.09801733 0 0.9569404 -0.2902848 0 0.8819215 -0.4713964 0 0.7730091 -0.6343948 0 0.6343979 -0.7730067 0 0.4713948 -0.8819223 0 0.2902867 -0.9569398 0 0.09801363 -0.9951851 0 -0.09801363 -0.9951851 0 -0.2902858 -0.95694 0 -0.4713943 -0.8819226 0 -0.6343962 -0.7730081 0 -0.77301 -0.6343939 0 -0.8819214 -0.4713966 0 -0.9569407 -0.2902837 0 -0.995185 -0.09801572 0 -0.9951846 0.0980184 0 -0.9569404 0.2902845 0 -0.8819212 0.4713968 0 -0.7730098 0.6343942 0 -0.6343906 0.7730128 0 -0.471399 0.8819202 0 -0.2902813 0.9569414 0 -0.09801453 0.995185 0 4.71551e-7 0 1 0.09801369 0.9951851 0 0.2902869 0.9569398 0 0.4713984 0.8819204 0 0.6343913 0.7730121 0 0.7730105 0.6343932 0 0.8819212 0.4713969 0 0.9569402 0.2902855 0 0.9951847 0.0980184 0 0.9951848 -0.09801661 0 0.9569411 -0.2902826 0 0.8819215 -0.4713963 -2.83977e-7 0.7730105 -0.6343932 0 0.6343913 -0.7730121 0 0.4713988 -0.8819203 5.67953e-7 0.2902868 -0.9569397 0 0.09801834 -0.9951846 0 -0.09801846 -0.9951846 0 -0.2902867 -0.9569398 0 -0.4713985 -0.8819204 0 -0.634391 -0.7730125 0 -0.7730108 -0.6343929 0 -0.8819203 -0.4713987 0 -0.9569413 -0.290282 -1.41988e-7 -0.9951847 -0.09801775 0 -0.9951848 0.09801727 0 -0.9569397 0.290287 0 -0.8819221 0.4713953 0 -0.7730078 0.6343966 0 -0.6343942 0.7730097 0 -0.4713945 0.8819226 0 -0.2902864 0.9569399 0 -0.09801441 0.995185 0 0.09801822 0.9951847 0 0.2902826 0.956941 0 0.4713978 0.8819208 0 0.6343922 0.7730114 0 0.7730108 0.6343929 0 0.8819198 0.4713995 0 0.9569407 0.2902839 0 0.995185 0.09801501 0 0.9951847 -0.09801775 0 0.9569413 -0.2902818 0 0.8819228 -0.4713941 0 0.7730097 -0.6343942 0 0.634395 -0.773009 0 0.471394 -0.8819228 0 0.2902878 -0.9569395 0 0.09801363 -0.9951851 0 -0.09801346 -0.9951851 0 -0.2902866 -0.9569398 0 -0.4713978 -0.8819208 0 -0.6343928 -0.773011 0 -0.7730097 -0.6343942 0 -0.8819218 -0.4713957 0 -0.9569393 -0.2902881 0 -0.9951853 -0.09801095 0 -0.9951845 0.09801954 0 -0.9569419 0.2902798 0 -0.8819226 0.4713942 0 -0.7730097 0.6343942 0 -0.634395 0.773009 0 -0.471394 0.8819228 0 -0.2902826 0.956941 0 -0.09801954 0.9951845 0 0.09801834 0.9951846 0 0.2902849 0.9569403 0 0.4713968 0.8819212 0 0.6343939 0.77301 0 0.7730083 0.634396 0 0.8819215 0.4713965 0 0.9569407 0.2902836 0 0.9951846 0.09801942 0 0.9951848 -0.09801691 0 0.9569405 -0.2902842 0 0.881921 -0.4713973 0 0.7730103 -0.6343936 0 0.6343945 -0.7730095 0 0.4713987 -0.8819203 0 0.2902817 -0.9569413 0 0.09801608 -0.9951848 0 -0.09801614 -0.9951848 0 -0.2902849 -0.9569403 0 -0.4713959 -0.8819217 0 -0.634395 -0.773009 0 -0.8819198 -0.4713995 0 -0.9569415 -0.2902811 0 -0.9951845 -0.09801971 0 -0.95694 0.290286 0 -0.8819223 0.4713951 0 -0.773011 0.6343927 0 -0.6343928 0.773011 0 -0.471395 0.8819223 0 -0.290282 0.9569412 0 -0.09801936 0.9951846 0 -0.5929906 -1.45791e-7 -0.8052094 -0.9944258 0 -0.1054399 0 0 -1 0 0 1 -0.007498681 0.7786628 0.627398 0 0.6186208 -0.7856897 0 -0.8366928 0.5476725 0.3678436 -7.41877e-6 0.9298877 -0.02505517 0.4522247 -0.891552 -0.5098325 0.5172454 -0.6874068 -0.5429608 0.5429602 0.6406152 -1.80394e-7 0 1 0.822527 5.65748e-4 0.5687258 0 4.30485e-6 1 -0.8226023 -1.14989e-5 0.5686172 0 0.17563 0.9844563 0.003609001 0.5173295 0.8557788 -0.2143439 -0.6596822 0.7203307 0.04628717 -0.8418419 0.5377358 -0.8060403 0.1879534 0.5612243 -0.06861835 -0.8642823 0.4983049 -0.8080794 0.1900694 0.5575672 -1.24487e-7 -0.5688779 -0.8224221 -0.9944257 0 -0.1054401 -0.5929906 0 -0.8052094 0 0.9636541 0.2671532 0.02521681 0.03348082 0.9991212 0.2333709 0.7182423 0.6554892 0.7385861 -0.1979011 0.6444578 0.5929907 0 -0.8052093 0.9944257 2.61652e-7 -0.1054398 0.5929907 -2.18605e-7 -0.8052094 -0.3472433 0.8922803 -0.2885445 0 0.6186209 -0.7856898 1.81886e-7 0 1 -0.05331295 -0.8398762 0.5401534 -0.295323 -0.07913196 0.9521148 0.02505999 0.4522138 -0.8915576 -8.41009e-7 0.1756632 0.9844503 9.36102e-5 0.1756229 0.9844575 0 0.9636541 0.2671532 0 -3.8355e-6 1 0 -0.4745918 0.8802061 -0.02524352 0.03348082 0.9991206 -0.01612353 -0.1833306 0.9829192 0.06861823 -0.8642828 0.498304 -3.96415e-4 0.1762118 0.9843522 0 -0.9985976 0.0529415 0.9944258 0 -0.1054396 -0.1892164 0.1892163 0.9635322 0.4606052 0.5582846 -0.6900443 -0.1900867 0.7094126 0.6786759 -0.5613867 0.407871 0.7200599 2.19943e-6 0 1 2.96446e-6 -4.65256e-6 1 3.41628e-6 -5.36168e-6 1 0 3.966e-6 1 -5.99826e-6 0.8366981 -0.5476645 0 0.8366968 -0.5476666 0 -0.8366935 0.5476714 0 -0.8366919 0.5476739 3.09945e-6 -0.836692 0.5476738 -0.9634271 1.56767e-5 -0.2679708 -0.8676663 3.85256e-5 -0.4971473 -0.7181099 3.23909e-5 -0.6959298 -4.76358e-6 -0.9886113 -0.1504921 -1.18194e-5 -0.8928419 -0.4503703 -9.55953e-6 -0.7146302 -0.6995025 -0.9635394 5.29557e-6 -0.2675664 -0.8680078 3.48462e-6 -0.4965506 -0.7184084 5.37969e-6 -0.6956216 0 -0.4746006 0.8802013 0 -0.4745383 0.880235 -2.04191e-6 0.836691 -0.5476754 -0.01273435 0.9722102 -0.2337631 -0.006247699 0.8859356 -0.4637663 -0.001541912 0.7430483 -0.6692361 0.718059 3.24519e-5 -0.6959823 0.8676255 4.19364e-5 -0.4972185 0.9634156 2.10691e-5 -0.2680117 9.56568e-6 -0.7146301 -0.6995026 1.14285e-5 -0.8928443 -0.4503657 4.08702e-6 -0.9886113 -0.1504921 0.7183933 4.76974e-6 -0.6956372 0.8679858 2.21739e-6 -0.4965891 0.963535 4.96707e-6 -0.2675824 0.001543283 0.7430941 -0.6691852 0.006250917 0.885982 -0.4636775 0.01273679 0.9722245 -0.2337036 0.5284876 -0.5284875 0.6643808 -0.1285964 0 -0.991697 -0.1226903 2.33999e-5 -0.992445 -0.1417677 -4.74684e-6 -0.9899 -0.3084141 -0.009268224 -0.9512072 -0.476409 0.01280081 -0.8791307 -0.3332704 0.0370019 -0.942105 -0.2685029 -6.01866e-6 -0.9632789 0.4805032 -0.01280087 -0.8768996 0.323297 -0.08264583 -0.9426817 0.1285783 0 -0.9916994 0.1226788 -6.03061e-6 -0.9924464 0.1417858 6.06044e-6 -0.9898974 0.2719697 0.01078397 -0.9622455 0.2685022 -1.4411e-5 -0.9632791 0.01344418 0.4971987 -0.8675327 0.07950669 0.3148557 -0.9458038 0 0.1306138 -0.9914333 0 0.1245462 -0.9922139 1.22669e-7 0.1441621 -0.9895541 -0.008860528 0.3153714 -0.948927 0 0.2755722 -0.9612804 0 -0.1266334 -0.9919497 -7.0298e-6 -0.1208919 -0.9926658 7.03609e-6 -0.1394768 -0.9902254 0.008295834 -0.2980237 -0.9545224 -0.01221287 -0.4608875 -0.8873746 -0.07381409 -0.2974001 -0.9518954 -5.8665e-6 -0.2617912 -0.9651246 1.21604e-6 0 -1 -5.80168e-7 0 -1 -5.80167e-7 0 -1 -5.80167e-7 0 -1 -6.35869e-7 0 -1 -0.4722617 -0.001309454 -0.8814574 -0.3216026 -8.91936e-5 -0.9468747 -0.1285951 0 -0.9916973 6.13063e-4 -0.4551378 -0.8904208 4.80722e-5 -0.3124763 -0.9499256 0 -0.1266337 -0.9919496 -0.48329 2.01965e-5 -0.8754605 -0.3115155 5.30186e-5 -0.9502411 -0.1296426 4.58872e-4 -0.9915607 4.08458e-7 0 -1 4.08458e-7 0 -1 1.67984e-5 0.502404 -0.864633 6.8198e-5 0.3207923 -0.9471496 7.25746e-4 0.1319999 -0.9912495 -1.32535e-6 0 -1 -3.11619e-7 0 -1 -4.89914e-6 2.55653e-7 -1 5.2887e-6 2.55652e-7 -1 0.1417843 0 -0.9898976 0.3016919 -0.001578211 -0.9534042 0.4843889 1.31792e-4 -0.8748528 0 -0.1394728 -0.9902259 -6.8343e-4 -0.2936571 -0.9559106 4.9608e-5 -0.4664731 -0.8845354 0.1291636 -2.19619e-5 -0.9916234 0.311883 4.48539e-4 -0.9501204 0.4832895 2.01784e-5 -0.8754606 3.72076e-5 0.1312417 -0.9913505 -6.87347e-4 0.3213638 -0.9469556 -1.68146e-5 0.5024036 -0.8646332 0 -0.5688783 -0.8224218 -0.1857469 -5.21013e-5 0.9825977 -0.5546025 -9.22044e-5 0.8321154 -0.8532543 -6.39782e-5 0.5214952 -0.9942746 2.27925e-7 0.106855 7.92833e-5 -0.2333312 0.9723973 1.27181e-4 -0.6162708 0.7875344 8.29877e-5 -0.857543 0.5144124 2.45484e-5 -0.9774971 0.2109493 -0.1843564 -2.79423e-5 0.9828596 -0.5514965 -3.98717e-5 0.8341773 -0.8511973 -1.68035e-5 0.5248461 -0.994103 -6.28613e-7 0.1084408 -0.04483228 0.977775 0.2048081 -0.01930367 0.8201885 0.5717676 -0.004052102 0.5401416 0.8415645 -0.7641973 0.001130163 0.6449816 0.08623254 0.903364 -0.4201163 0.03706401 0.9875149 0.1531032 0.004321217 0.638462 0.7696413 0 0.9265223 -0.3762399 1.03299e-6 0.9845194 0.1752755 1.36551e-6 0.6372827 0.7706301 0.1488373 0.8808175 -0.4494531 0.488415 0.8600246 -0.1476777 0.7604804 0.5972879 0.2547878 0.762093 -8.95607e-4 0.647467 -0.1489151 0.8805291 -0.4499921 -0.4881581 0.8597244 -0.150252 -0.760738 0.5988282 0.250365 -1.51568e-4 0.1757434 0.984436 0.9942747 0 0.106855 0.8532542 -6.39787e-5 0.5214954 0.5546032 -9.22044e-5 0.8321151 0.1857487 -5.20376e-5 0.9825973 -2.4543e-5 -0.9774971 0.2109493 -8.30016e-5 -0.857543 0.5144124 -1.2718e-4 -0.6162707 0.7875345 -7.92899e-5 -0.2333312 0.9723973 0.994103 -7.56938e-7 0.1084407 0.8511971 -1.68199e-5 0.5248462 0.5514958 -3.98065e-5 0.8341777 0.1843562 -2.79168e-5 0.9828596 0.8080747 0.1901475 0.5575476 0.004052042 0.5401413 0.8415647 0.01930373 0.8201879 0.5717687 0.04483222 0.9777736 0.2048145 -0.7620938 -8.9593e-4 0.6474661 -0.004321634 0.6384592 0.7696436 -0.03706437 0.9875141 0.1531082 -0.08623325 0.9033703 -0.4201024 0 0 1 -1.41014e-6 0.6372829 0.7706301 -1.02212e-6 0.9845214 0.1752644 0 0.926522 -0.3762407 0.001503288 0.1883077 0.982109 -0.7604809 0.597288 0.2547861 -0.4884176 0.860023 -0.1476777 -0.1488384 0.8808125 -0.4494624 0.7645679 0.00105834 0.6445423 0.7607405 0.5988257 0.2503636 0.488156 0.8597253 -0.1502539 0.1489147 0.8805289 -0.4499927 0 -0.9985977 0.05293995 2.05872e-5 0.9062462 0.4227504 4.38829e-5 0.7384898 0.6742648 4.95052e-5 0.5067091 0.8621172 2.79432e-5 0.1938 0.9810411 0.7275258 -2.42045e-5 0.6860803 0.5453408 -3.41513e-5 0.8382145 0.3607137 -3.16836e-5 0.9326767 0.140339 -1.64687e-5 0.9901036 -0.7300062 -0.1155154 0.6736077 -0.01423782 -0.6520987 0.7580004 -0.006383061 -0.7246451 0.6890926 -3.12915e-5 -0.7956385 0.6057718 0.002555012 -0.1180619 0.993003 -0.1039947 1.2083e-4 0.9945779 -0.867757 0.001030862 0.4969877 -0.8813416 0.001060962 -0.4724785 0.7293419 -0.1151126 0.6743956 0.01165765 -0.3207476 0.947093 0.02691572 -0.500136 0.8655285 0.04577386 -0.6926261 0.7198429 0.8214429 -9.79812e-4 0.57029 0.7919104 -9.40248e-4 0.6106367 0.7700602 -9.0199e-4 0.6379707 0.05983781 -0.1139267 0.9916856 0.7619671 -8.73362e-4 0.6476151 -0.6384903 -0.3219164 0.6990709 -0.5082992 -0.5173895 0.6884331 -0.3001677 -0.7249528 0.619954 -3.88367e-5 0.1938044 0.9810402 -6.32259e-5 0.5067087 0.8621175 -4.91164e-5 0.7384939 0.6742601 -2.05851e-5 0.9062462 0.4227504 -0.1407852 -2.29665e-5 0.9900403 -0.3615381 -4.21026e-5 0.9323573 -0.5460926 -4.16796e-5 0.8377249 -0.7279013 -2.59747e-4 0.6856819 3.12823e-5 -0.7956385 0.6057718 0.006552636 -0.7246443 0.689092 0.01455926 -0.6520954 0.7579972 -0.7476411 -0.06992512 0.6604114 0.8609389 -0.05183637 -0.5060607 0.8705052 0.001061558 0.4921583 0.104643 1.2477e-4 0.9945098 5.95642e-5 -0.07918381 0.9968601 -0.04579335 -0.6944402 0.7180917 -0.02694392 -0.5039104 0.8633356 -0.01163655 -0.3245779 0.9457874 -0.1180304 -0.1191177 0.9858397 -0.7700645 -9.10505e-4 0.6379655 -0.7919126 -9.49113e-4 0.6106338 -0.8207815 -0.002895116 0.5712351 0.3011314 -0.7236341 0.6210262 0.5089509 -0.5146133 0.6900306 0.6381872 -0.3192304 0.7005777 0.02453696 -0.1708828 0.9849858 0.03020739 -0.6100086 0.7918189 0.01554667 -0.5565368 0.8306776 0.005545258 -0.5089748 0.8607636 -0.4433727 7.13449e-7 0.8963375 0.7528078 6.60236e-4 0.6582401 0.654696 4.70909e-4 0.7558923 0.5593168 2.40727e-4 0.8289541 0.00215435 -0.4813505 0.8765257 -2.37476e-5 0.9083198 0.4182764 1.93566e-4 0.7805234 0.6251266 9.56859e-4 0.6382607 0.7698197 0.4379988 -1.78011e-5 0.8989757 -0.006177604 -0.5089731 0.8607603 -0.0178253 -0.5565165 0.8306454 -0.03475975 -0.6099218 0.791699 -0.002188324 0.4648541 0.8853846 -0.5681167 2.28866e-5 0.8229481 -0.6659635 4.16363e-5 0.7459843 -0.7650199 2.43239e-5 0.6440067 -0.006560802 -0.4685398 0.883418 -9.56854e-4 0.6382633 0.7698176 -1.9357e-4 0.7805249 0.6251246 2.3743e-5 0.9083196 0.4182771 2.47367e-5 -0.7899254 0.6132031 1.27287e-5 -0.7125989 0.7015717 -1.18999e-5 -0.6383559 0.7697415 0 -0.5437235 0.8392645 -9.32493e-7 -0.7899306 0.6131964 2.23519e-5 -0.7126117 0.7015588 4.73422e-5 -0.6383644 0.7697344 0 0.5437251 -0.8392634 -2.17177e-6 -0.7899209 0.6132089 -1.68725e-6 -0.7125964 0.7015743 -7.47539e-6 -0.6383556 0.7697417 0 0.5437293 -0.8392608 0.01897895 -0.6101795 0.792036 0.01111572 -0.5565693 0.8307269 0.003880918 -0.5089787 0.8607704 -0.001589 -0.4510059 0.8925197 0.001588225 -0.4510062 0.8925195 -0.003881394 -0.5089789 0.8607702 -0.01111626 -0.5565692 0.830727 -0.0189796 -0.6101794 0.7920359 0.5429607 0.5429604 0.6406151 0.6097941 0.2136114 0.7632308 0.657337 0.3198603 0.682347 0.6589323 0.412027 0.6293187 0.6076663 0.501861 0.6155301 0.5523714 -0.4590108 0.6958413 0.6594414 -0.4170321 0.625477 0.7197725 -0.3545492 0.5968437 0.7465587 -0.2636632 0.6108452 -0.6076667 0.5018613 0.6155295 -0.6589334 0.4120266 0.6293178 -0.6573364 0.3198611 0.6823473 -0.6097926 0.2136104 0.7632324 -0.7465586 -0.2636646 0.6108448 -0.7197725 -0.3545493 0.5968437 -0.659442 -0.4170322 0.6254763 -0.5523719 -0.4590112 0.6958405 0.05141252 0.236245 0.9703325 0.0914002 0.1292446 0.9873915 0.1342123 0.08585244 0.9872267 0.2376888 0.04578238 0.9702618 0.2291485 -0.04942953 0.9721357 0.1297873 -0.09110879 0.9873473 0.08923739 -0.1363942 0.9866273 0.05064594 -0.2483295 0.9673508 -0.2376739 0.04578644 0.9702653 -0.1342077 0.08585172 0.9872273 -0.09140115 0.129239 0.9873921 -0.05141997 0.2362173 0.9703388 -0.05116462 -0.2516233 0.9664719 -0.09020274 -0.1380755 0.9863056 -0.1311961 -0.09219515 0.9870601 -0.2316117 -0.04998642 0.9715233 0.2708705 0.09488546 0.957928 0.2454054 0.1194149 0.9620376 0.2256035 0.1410694 0.9639516 0.2073462 0.1712424 0.9631634 0.2209848 -0.1836345 0.9578331 0.240177 -0.1518893 0.9587725 0.255072 -0.1256449 0.958724 0.2792354 -0.09861755 0.9551451 -0.303344 0.05861252 0.9510768 -0.2227596 0.1439447 0.9641879 -0.1520003 0.2182174 0.9639903 -0.06430691 0.2997037 0.9518626 -0.0653333 -0.3412023 0.9377168 -0.1515003 -0.2450982 0.9575879 -0.2244214 -0.1637759 0.9606314 -0.3041738 -0.06646102 0.9502954 0.1892163 0.1892163 0.9635323 -0.01894181 -0.8660667 0.4995695 0.1373723 0.05110108 0.9892005 0.3264677 -0.03986924 0.9443672 0.490764 -0.03620296 0.8705401 0.688573 0.06397509 0.7223396 -0.6908942 0.0655505 0.719978 -0.4926289 -0.03548473 0.8695158 -0.3277204 -0.03957313 0.9439456 -0.1378769 0.05124861 0.9891226 -0.1550943 0.3413174 0.9270643 -0.3922201 0.4773841 0.7863 -0.5709323 0.4692966 0.6736446 -0.7338787 0.3367658 0.5899245 0.7319934 0.3343367 0.5936368 0.5692597 0.4668162 0.6767762 0.3908457 0.475161 0.7883285 0.1544905 0.3401654 0.9275884 -0.6885725 0.06399208 0.7223386 -0.4907667 -0.03618943 0.8705391 -0.3264685 -0.0398516 0.9443677 -0.1373821 0.05112379 0.989198 0.1378769 0.05124527 0.9891229 0.3277186 -0.03957104 0.9439463 0.4926301 -0.03547632 0.8695155 0.6908847 0.06556302 0.719986 0.7338812 0.3367502 0.5899302 0.5709335 0.4692932 0.673646 0.3922216 0.4773858 0.7862983 0.1550864 0.3413113 0.9270679 -0.1544957 0.3401607 0.9275893 -0.3908443 0.4751594 0.7883301 -0.5692573 0.466823 0.6767735 -0.7319933 0.3343388 0.5936357 -0.1551521 -0.003872752 0.987883 -0.3711009 0.1704204 0.9128205 -0.5404991 0.1856177 0.8206138 -0.6834565 0.04432457 0.7286443 0.646001 0.4736999 0.5985743 -0.03445458 0.9572829 0.287093 -0.3077042 0.8686588 0.3882656 -0.2179828 0.4140987 0.8837453 -0.5785764 -0.2673768 0.7705577 -0.3886719 -0.3636744 0.8465666 -0.2566626 -0.3610077 0.8965477 -0.1115706 -0.2647125 0.9578514 0.1150428 -0.2196874 0.9687635 0.2659778 -0.3168579 0.9104157 0.4021914 -0.3200187 0.8578056 0.5927866 -0.2250241 0.773284 0.6836801 0.04386162 0.7284626 0.5414486 0.1838928 0.820376 0.3716866 0.1688219 0.9128792 0.1551509 -0.003825128 0.9878834 0.2208619 0.4188762 0.880774 0.311256 0.8726183 0.3763736 0.03978353 0.9607964 0.2743862 -0.6451634 0.4795237 0.5948288 0.1108446 -0.2677287 0.9570971 0.2540891 -0.3640221 0.8960617 0.3847972 -0.3668459 0.8469684 0.5748038 -0.2707279 0.7722092 -0.5915802 -0.2273046 0.7735409 -0.4007106 -0.3228329 0.8574439 -0.2649088 -0.3196239 0.9097604 -0.1146613 -0.2218565 0.9683142 0.6690047 -7.8532e-4 0.7432577 0.5011292 -5.8937e-4 0.8653724 0.3348541 -3.95861e-4 0.9422699 0.1330448 -1.57669e-4 0.9911101 -0.1554247 8.17784e-4 0.9878474 -0.350906 7.55481e-4 0.9364104 -0.511322 7.72213e-4 0.8593888 -0.6736862 9.35311e-4 0.7390171 -0.1336252 1.99843e-4 0.991032 -0.3363075 5.00992e-4 0.9417521 -0.5033064 7.45879e-4 0.8641077 -0.6716107 9.90507e-4 0.7409036 0.1331519 -1.51109e-4 0.9910957 0.3348191 -3.79138e-4 0.9422824 0.501165 -5.69988e-4 0.8653516 0.6689792 -7.6304e-4 0.7432807 -0.6691222 -7.87882e-4 0.7431521 -0.501238 -5.91555e-4 0.8653093 -0.3349153 -3.94688e-4 0.9422482 -0.133107 -1.568e-4 0.9911017 0.6736874 9.35083e-4 0.7390159 0.5113248 7.72243e-4 0.8593872 0.3509009 7.55691e-4 0.9364123 0.1554262 8.18422e-4 0.9878472 0.1335122 2.01636e-4 0.9910472 0.3360759 5.05392e-4 0.9418348 0.5030106 7.52523e-4 0.8642799 0.6712367 9.99024e-4 0.7412424 -0.1331016 -1.50258e-4 0.9911025 -0.3349159 -3.81603e-4 0.9422479 -0.5012508 -5.72303e-4 0.865302 -0.6691294 -7.66509e-4 0.7431455 0.8060409 0.1878231 0.5612671 -0.09801614 -0.9951849 0 -0.2902868 -0.9569397 0 -0.4713961 -0.8819217 0 -0.6343924 -0.7730112 0 -0.7730103 -0.6343935 0 -0.881921 -0.4713973 0 -0.9951848 -0.0980165 0 -0.9951848 0.0980165 0 -0.8819213 0.4713969 0 -0.7730114 0.6343922 0 -0.634394 0.77301 0 -0.4713947 0.8819224 0 -0.2902865 0.9569399 0 -0.09801352 0.9951851 0 0.09801363 0.9951851 0 0.2902871 0.9569397 0 0.4713942 0.8819227 0 0.6343959 0.7730084 0 0.7730109 0.6343929 0 0.8819218 0.4713958 0 0.9569401 0.2902858 0 0.9951849 0.09801572 0 0.9951847 -0.09801816 0 0.9569409 -0.2902831 0 0.8819193 -0.4714004 0 0.7730086 -0.6343955 0 0.6343919 -0.7730116 0 0.4713961 -0.8819217 0 0.2902814 -0.9569414 0 0.09801691 -0.9951848 0 1.57228e-5 0 1 2.16538e-5 0 1 -3.14485e-5 0 1 3.14485e-5 0 1 -2.16538e-5 0 1 -1.57243e-5 0 1 2.84217e-6 0 1 -1.13842e-6 0 1 -2.35776e-7 0 1 -0.4713944 -0.8819226 2.83977e-7 -0.6343944 -0.7730097 0 -0.8819214 -0.4713968 0 -0.9569408 -0.290283 0 -0.995185 0.09801518 0 -0.9569398 0.2902864 0 -0.8819204 0.4713985 0 -0.7730102 0.6343935 0 -0.6343932 0.7730105 0 -0.4713991 0.8819201 0 -0.2902828 0.956941 0 -0.09801369 0.9951851 0 0.2902866 0.9569398 0 0.4713934 0.8819231 0 0.6343972 0.7730073 0 0.7730073 0.6343972 0 0.8819233 0.4713928 0 0.9951846 0.09801971 0 0.9569392 -0.2902886 0 0.8819233 -0.4713928 0 0.7730095 -0.6343945 0 0.6343944 -0.7730097 0 0.4713991 -0.8819201 0 0.2902778 -0.9569425 0 3.14495e-5 0 1 1.06186e-5 0 1 2.16537e-5 0 1 -2.12382e-5 0 1 3.1448e-5 0 1 -3.14475e-5 0 1 -2.66749e-6 0 1 -0.0980184 -0.9951846 0 -0.4713991 -0.8819201 0 -0.6343914 -0.7730121 0 -0.7730102 -0.6343935 0 -0.8819208 -0.4713976 0 -0.9951847 -0.09801733 0 -0.9951847 0.09801793 0 -0.9569407 0.2902836 0 -0.8819211 0.4713972 0 -0.7730109 0.6343929 0 -0.6343938 0.7730101 0 -0.4713986 0.8819203 0 -0.2902822 0.9569411 0 -0.09801846 0.9951846 0 0.2902873 0.9569396 0 0.4713981 0.8819205 0 0.6343914 0.7730121 0 0.7730102 0.6343935 0 0.8819215 0.4713964 0 0.9951847 0.09801745 0 0.9951847 -0.09801745 0 0.9569398 -0.2902864 0 0.8819214 -0.4713968 0 0.7730102 -0.6343935 0 0.4713953 -0.8819221 0 0.0980193 -0.9951846 0 -3.14495e-5 0 1 -3.1447e-5 0 1 2.16535e-5 0 1 -2.12377e-5 0 1 9.43101e-7 0 1 0.09801352 0.9951851 0 0.2902865 0.9569399 0 0.4713956 0.881922 0 0.8819208 0.4713978 0 0.9569404 0.2902848 0 0.9951847 0.09801793 0 0.7730098 -0.6343942 0 0.6343973 -0.7730072 0 0.4713951 -0.8819222 0 0.2902865 -0.9569399 0 0.09801352 -0.9951851 0 -0.09801387 -0.9951851 0 -0.2902865 -0.9569399 0 -0.4713951 -0.8819222 0 -0.7730112 -0.6343924 0 -0.8819205 -0.4713984 0 -0.9569401 -0.2902858 0 -0.9951849 -0.09801572 0 -0.9951845 0.09802067 0 -0.9569398 0.2902866 0 -0.7730109 0.6343929 0 -0.6343905 0.7730129 0 -0.4713999 0.8819196 0 -0.2902821 0.9569412 0 -0.09801429 0.9951851 0 -3.1449e-5 0 1 8.09389e-6 0 1 -1.13842e-6 0 1 1.13842e-6 0 1 -2.35774e-7 0 1 0.09801369 0.9951851 0 0.4713988 0.8819203 0 0.6343913 0.7730122 0 0.7730104 0.6343935 0 0.9569403 0.2902849 0 0.9951847 0.09801721 0 0.9951847 -0.09801888 0 0.9569402 -0.2902855 -1.41989e-7 0.8819226 -0.4713945 0 0.6343944 -0.7730096 0 0.471395 -0.8819223 0 0.2902868 -0.9569398 0 0.09801834 -0.9951846 0 -0.09801846 -0.9951846 0 -0.2902866 -0.9569398 0 -0.4713946 -0.8819224 2.83977e-7 -0.6343942 -0.7730097 0 -0.7730113 -0.6343924 0 -0.8819216 -0.4713961 -2.83976e-7 -0.9569407 -0.2902839 0 -0.9951847 -0.09801775 0 -0.9951847 0.09801721 0 -0.881922 0.4713954 0 -0.7730078 0.6343966 0 -0.6343939 0.77301 0 -0.4713947 0.8819224 0 -0.2902862 0.9569399 0 -0.09801441 0.9951851 0 -2.12373e-5 0 1 3.14475e-5 0 1 -8.09386e-6 0 1 0.2902827 0.956941 0 0.634391 0.7730125 0 0.7730098 0.6343941 0 0.8819208 0.4713978 0 0.9569413 0.2902818 0 0.995185 -0.09801548 0 0.8819208 -0.4713978 0 0.773011 -0.6343928 0 0.6343939 -0.77301 0 0.4713931 -0.8819233 0 0.2902877 -0.9569395 0 0.09801363 -0.9951851 0 -0.0980134 -0.9951851 0 -0.2902858 -0.9569401 0 -0.4713959 -0.8819218 0 -0.7730121 -0.6343914 0 -0.8819226 -0.4713944 0 -0.9569398 -0.2902867 0 -0.995185 -0.09801548 0 -0.9951846 0.09801948 0 -0.9569393 0.290288 0 -0.8819208 0.4713978 0 -0.7730098 0.6343941 0 -0.2902814 0.9569414 0 2.16539e-5 0 1 -2.12368e-5 0 1 3.145e-5 0 1 3.14465e-5 0 1 -2.16535e-5 0 1 2.12375e-5 0 1 -3.1448e-5 0 1 0.2902845 0.9569405 0 0.4713963 0.8819215 0 0.7730084 0.6343959 0 0.9951845 0.09801995 0 0.9951847 -0.09801751 0 0.9569407 -0.2902838 0 0.4713988 -0.8819203 0 0.2902821 -0.9569411 0 0.09801602 -0.9951848 0 -0.09801602 -0.9951848 0 -0.2902842 -0.9569405 0 -0.471395 -0.8819223 0 -0.9569415 -0.2902812 0 -0.9951847 -0.09801751 0 -0.8819213 0.4713968 0 -0.77301 0.6343941 0 -0.6343917 0.7730118 0 -0.2902821 0.9569411 0 -0.09801948 0.9951846 0 3.1447e-5 0 1 -3.14483e-5 0 1 3.07638e-6 0 1 -1.8862e-6 0 1 -0.5929906 0 -0.8052094 -0.9944257 0 -0.1054401 -0.04878872 0.9988054 0.002762675 0.1408213 0.9884573 -0.05587315 0.3472589 0.8922796 -0.288528 -0.1598176 0.882611 -0.4421043 0 0.8026369 0.5964682 0 0.6186208 -0.7856897 0 0 1 8.47934e-6 -0.8366917 0.5476742 8.47013e-6 -0.8366879 0.54768 0.01894134 -0.8660665 0.4995699 0.2877758 0.07710957 0.9545885 0.295323 -0.0791319 0.9521148 0.004218101 -0.4097717 0.9121783 0.2227804 -0.2227807 0.9490721 0.126116 -0.4706714 0.8732486 0.004585385 -0.4478759 0.894084 -0.4921374 0.532417 -0.6887183 -0.5429606 0.5429605 0.6406152 6.59043e-7 0 1 0.8249511 -1.20578e-5 0.5652042 -9.23399e-6 0 1 -1.62431e-5 1.25541e-6 1 1.13567e-6 4.32647e-6 1 9.25911e-7 3.52738e-6 1 1.46821e-6 3.63028e-6 1 3.27863e-6 3.37872e-7 1 2.98632e-6 2.34375e-6 1 3.30271e-6 1.00796e-6 1 -4.2161e-6 1.28673e-6 1 -1.0984e-6 1.63313e-6 1 5.42429e-6 2.01624e-6 1 -2.12591e-6 1.89057e-6 1 -1.73949e-6 2.12055e-6 1 5.04058e-6 2.52145e-6 1 2.48979e-6 3.03523e-6 1 0 4.76144e-6 1 0 4.45403e-6 1 5.71337e-6 4.31112e-6 1 0 4.26052e-6 1 -0.8226057 -1.24104e-5 0.5686122 -7.43652e-5 0.1756877 0.984446 8.41008e-7 0.175663 0.9844503 1.66555e-6 0.1756651 0.98445 0.00190407 0.4684117 0.8835083 0.002188324 0.4648398 0.8853922 -0.5488018 -0.3987277 0.7347333 -0.5404754 -0.4602345 0.7043228 -0.5284879 -0.5284874 0.6643807 -0.5827035 -0.423359 0.693703 -0.1831299 -0.6834499 0.7066539 -0.2249945 -0.692462 0.6854735 0.0461272 -0.8417222 0.5379369 -0.806115 0.187606 0.5612331 -0.8060422 0.1878259 0.5612643 -0.8060364 0.1877973 0.561282 -0.8080888 0.1901428 0.5575288 -0.8080738 0.1901405 0.5575515 -0.8080219 0.1900765 0.5576484 0 -0.5688782 -0.8224219 -0.9944258 0 -0.1054394 -0.5929907 2.18605e-7 -0.8052094 0 0.9636541 0.2671531 1.72276e-7 9.90991e-4 0.9999996 0.2223653 0.6843702 0.6944 0.1900867 0.7094128 0.6786755 0.5613874 0.4078722 0.7200587 0.7703284 0 0.6376475 0.7734642 0 0.6338402 0.6650868 -0.1782097 0.7251903 0.5613864 0.4078713 0.7200601 0.6717655 0.179999 0.7185621 0.7043327 0.3546887 0.6149076 0.5929906 0 -0.8052094 0.9944257 1.70252e-7 -0.1054404 0.5929908 0 -0.8052092 0.04878872 0.9988054 0.002761304 0.1598176 0.8826108 -0.4421046 -0.1408209 0.9884572 -0.05587345 0.007487595 0.7786212 0.6274496 0 0.802567 0.5965622 0 0.6186206 -0.7856898 -0.04632723 -0.8345944 0.5489134 -0.2877758 0.07710957 0.9545886 -0.3678434 -7.25823e-6 0.9298878 -0.2227807 -0.2227803 0.9490721 -0.004218339 -0.4097713 0.9121785 -0.126116 -0.4706714 0.8732488 -0.004585385 -0.4478759 0.8940839 7.43654e-5 0.1756696 0.9844492 -1.66555e-6 0.175665 0.9844501 1.87162e-5 0.1756493 0.9844529 -7.61704e-5 0.1758012 0.9844258 -0.001503765 0.1883058 0.9821093 0 0.9636537 0.2671546 8.41534e-7 -3.20594e-6 1 1.0113e-6 -3.85267e-6 1 2.36599e-6 -3.29067e-6 1 3.22157e-6 -2.22683e-6 1 2.70625e-6 -3.34663e-7 1 3.21069e-6 -9.7989e-7 1 0 -1.21216e-6 1 -1.00734e-5 0 1 3.35897e-6 -1.66474e-6 1 0 -1.24131e-6 1 -8.39743e-6 -1.56069e-6 1 1.76382e-6 -2.35285e-6 1 8.59515e-7 -2.79416e-6 1 0 -1.79416e-6 1 0 -2e-6 1 2.86293e-6 -3.84049e-6 1 -6.03067e-6 -4.1938e-6 1 0 -3.9535e-6 1 1.92958e-6 -3.80028e-6 1 -1.55903e-7 9.89973e-4 0.9999995 -0.02438539 -0.552758 0.8329849 -0.02670854 -0.1710053 0.9849081 2.50628e-5 0.1878519 0.9821975 1.18416e-4 0.1757614 0.9844328 0 -0.9985978 0.05293959 0.9944257 0 -0.1054397 -0.1092982 0.4079061 0.9064583 -0.003641605 0.3898001 0.9208924 0.4921136 0.5324389 -0.6887184 -0.2223653 0.6843699 0.6944001 -0.2333708 0.7182424 0.6554892 -0.5613867 0.4078719 0.7200595 -0.7043325 0.3546891 0.6149076 -0.6717653 0.1799989 0.7185623 -0.7703284 0 0.6376475 -0.6650868 -0.1782097 0.7251903 -0.7385855 -0.197902 0.6444582 -0.7734639 0 0.6338405 -3.41626e-6 5.36159e-6 1 -6.12951e-6 7.57986e-7 1 -7.55998e-6 1.73044e-6 1 0 5.19682e-6 1 -3.66382e-6 2.42109e-6 1 -3.45037e-6 4.79887e-6 1 -2.49169e-6 3.32381e-6 1 -3.4047e-6 4.15056e-6 1 -5.10703e-6 4.15054e-6 1 -3.32228e-6 3.32383e-6 1 -3.01908e-6 4.79887e-6 1 -3.25671e-6 2.42108e-6 1 -2.36744e-6 5.19679e-6 1 1.63121e-7 0 1 1.57954e-7 0 1 6.93926e-7 5.36163e-6 1 -1.69638e-7 0 1 0 5.08363e-6 1 6.93529e-6 2.5779e-6 1 0 5.39991e-6 1 7.02672e-6 3.51499e-6 1 3.51804e-6 5.3092e-6 1 3.57344e-6 4.97004e-6 1 3.5679e-6 4.34951e-6 1 0 4.97004e-6 1 3.56787e-6 4.34949e-6 1 3.51336e-6 3.51497e-6 1 3.51805e-6 5.30921e-6 1 6.93525e-6 2.57789e-6 1 0 5.39991e-6 1 4.64132e-6 3.58726e-7 1 7.03601e-6 1.61051e-6 1 -3.41385e-6 5.35781e-6 1 4.2554e-6 1.67439e-6 1 -1.92139e-7 0 1 2.77632e-7 0 1 3.92926e-7 0 1 0 5.33501e-6 1 5.27976e-7 0 1 -1.55421e-6 0 1 -7.20547e-6 0 1 3.04704e-6 0 1 -3.0362e-6 0 1 -3.03546e-6 0 1 3.00038e-6 0 1 1.67295e-7 0 1 1.42731e-7 0 1 3.42787e-7 0 1 7.64188e-7 0 1 -1.4448e-6 0 1 5.72565e-7 0 1 1.43501e-6 0 1 -2.11374e-6 0 1 6.34942e-7 0 1 -2.10978e-6 0 1 -3.04554e-6 0 1 -4.24775e-7 0 1 -1.01027e-6 0 1 5.07933e-7 0 1 1.38813e-7 0 1 3.89905e-6 0 1 -2.40105e-6 0 1 1.77172e-6 0 1 -2.57604e-6 0 1 2.55634e-6 0 1 5.93278e-6 0 1 2.30567e-6 1.80955e-6 1 3.44584e-6 -3.55103e-7 1 3.11441e-6 1.43059e-6 1 4.81156e-6 4.57703e-7 1 3.88685e-6 0 1 4.7152e-6 1.43904e-6 1 3.10269e-7 2.49727e-6 1 4.22383e-6 1.57001e-6 1 -3.19421e-6 0 1 2.07226e-6 2.07323e-6 1 2.14995e-6 2.62094e-6 1 -3.13111e-6 0 1 -3.05678e-6 0 1 2.37043e-6 3.29687e-6 1 0 -4.65253e-6 1 3.1753e-6 0 1 -3.00035e-6 -4.52794e-6 1 -3.0362e-6 -4.22282e-6 1 -4.01186e-6 -2.33398e-6 1 -3.04542e-6 -3.71257e-6 1 -4.46874e-6 2.4538e-6 1 -4.14475e-6 -2.20699e-6 1 -3.03547e-6 -3.03689e-6 1 -4.56289e-6 -1.39257e-6 1 -3.03547e-6 -3.03688e-6 1 -5.23551e-6 4.98019e-7 1 -4.90049e-6 1.4956e-6 1 -5.17115e-6 -4.85588e-7 1 -3.04542e-6 -3.71257e-6 1 -6.09403e-6 -2.26519e-6 1 -3.03617e-6 -4.22279e-6 1 0 -7.41997e-7 1 -7.20555e-6 -1.64931e-6 1 -3.00037e-6 -4.52796e-6 1 4.37271e-6 0 1 4.45899e-6 -4.59511e-7 1 4.7741e-6 -1.45704e-6 1 -2.31354e-6 -3.57607e-7 1 2.62992e-6 -1.90526e-6 1 -6.26904e-6 -5.78438e-6 1 3.38199e-6 -2.55195e-6 1 1.87314e-6 -1.59144e-6 1 -7.03608e-6 -3.22102e-6 1 -1.04029e-5 -5.15581e-6 1 0 -1.07155e-5 1 3.69218e-6 -2.1108e-6 1 2.19942e-6 -2.68125e-6 1 -1.054e-5 -7.02996e-6 1 0 -1.07998e-5 1 -3.56792e-6 -8.6991e-6 1 0 -2.35491e-6 1 -3.57344e-6 -9.94012e-6 1 -2.63853e-6 -1.06184e-5 1 -7.03611e-6 -1.06184e-5 1 0 -1.07998e-5 1 -7.59357e-6 -9.94006e-6 1 -7.13578e-6 -8.69897e-6 1 0 -5.36164e-6 1 -7.46585e-6 -7.02995e-6 1 3.44359e-6 -5.19683e-6 1 -1.21368e-5 -5.15579e-6 1 -4.58834e-6 -7.78212e-6 1 3.45036e-6 -4.79885e-6 1 3.66381e-6 -2.42108e-6 1 3.4047e-6 -4.15056e-6 1 5.81398e-6 -3.32382e-6 1 -4.96943e-6 -1.49557e-6 1 -4.90091e-6 -4.98023e-7 1 -5.10477e-6 4.85589e-7 1 3.32227e-6 -3.32381e-6 1 -4.56296e-6 1.39259e-6 1 3.40472e-6 -4.15058e-6 1 3.25669e-6 -2.42106e-6 1 2.15648e-6 -4.79887e-6 1 1.2259e-5 -7.57978e-7 1 3.77999e-6 -1.73044e-6 1 8.60893e-7 -5.19681e-6 1 -3.07339e-6 2.27019e-6 1 -4.34244e-6 3.35617e-7 1 -2.69827e-6 9.88194e-7 1 -1.298e-6 3.29659e-6 1 -1.30733e-6 3.98435e-6 1 -2.43473e-6 3.38629e-6 1 1.56833e-5 1.21214e-6 1 9.34504e-6 0 1 -3.12364e-6 1.68885e-6 1 5.48145e-6 1.25468e-6 1 8.51138e-6 1.58186e-6 1 -4.20033e-6 2.40131e-6 1 -1.46771e-6 2.86279e-6 1 0 1.8222e-6 1 3.33848e-6 2.03492e-6 1 -2.96046e-6 3.97133e-6 1 6.25576e-6 4.35033e-6 1 5.42335e-6 4.09228e-6 1 -1.9555e-7 3.92835e-6 1 -2.57179e-5 0.8366871 -0.5476814 1.08756e-5 0.8366913 -0.547675 -0.9633256 8.10513e-7 -0.2683352 -0.8673591 1.01282e-5 -0.4976828 -0.7178204 1.54786e-5 -0.6962284 0 -0.9885709 -0.1507568 -3.10474e-6 -0.8926659 -0.4507192 -4.79973e-6 -0.7144705 -0.6996657 -0.963428 -2.66911e-7 -0.2679671 -0.86767 1.32825e-5 -0.4971408 -0.7181142 1.10904e-5 -0.6959253 -4.11973e-6 0.8366904 -0.5476761 -0.006136655 0.8516699 -0.5240426 -0.001581013 0.7783032 -0.6278868 4.92519e-6 0.6901943 -0.7236242 0.7178629 2.04361e-5 -0.6961846 0.8674103 2.26398e-5 -0.4975938 0.9633416 9.73907e-6 -0.2682779 4.23682e-6 -0.7144488 -0.6996878 1.60468e-6 -0.8926393 -0.4507716 -1.2843e-6 -0.9885689 -0.15077 0.7180631 1.10911e-5 -0.6959781 0.86763 1.28615e-5 -0.4972104 0.9634171 -8.6785e-7 -0.2680064 -4.9195e-6 0.6901941 -0.7236243 0.001582264 0.7783005 -0.6278901 0.006140232 0.8516729 -0.5240378 0.5488018 -0.3987277 0.7347333 0.2143438 -0.6596822 0.7203306 0.2249945 -0.692462 0.6854735 0.1831299 -0.6834499 0.7066539 0.5404753 -0.4602347 0.7043229 0.5827031 -0.4233587 0.6937035 -0.1233022 0.007036149 -0.9923443 -0.1226763 4.61164e-6 -0.9924468 -0.1312727 -0.02706366 -0.9909769 -0.3130099 -0.06679958 -0.9473978 -0.3637791 0.01178491 -0.9314107 -0.2674127 -0.003373801 -0.9635762 0.3702404 -0.01185446 -0.9288604 0.3159904 0.008426189 -0.9487251 0.1253325 -0.008326232 -0.9920799 0.1226971 1.32098e-5 -0.9924442 0.1246683 0.02291077 -0.9919339 0.3135834 0.03586637 -0.9488831 0.01233893 0.3791047 -0.9252715 -0.008082568 0.32721 -0.9449172 0.007809877 0.1261621 -0.991979 0 0.124545 -0.992214 -0.02538287 0.1297678 -0.9912195 -0.06442207 0.3075741 -0.9493408 -0.007446706 -0.1223744 -0.9924561 -1.57172e-6 -0.1208971 -0.9926651 0.02425992 -0.1257061 -0.9917709 0.05981224 -0.2907907 -0.9549154 -0.01134663 -0.3556049 -0.9345675 0.007486045 -0.308865 -0.9510765 5.80167e-7 0 -1 -6.3587e-7 0 -1 -0.4837771 5.86448e-5 -0.8751913 -0.3135011 -0.001274168 -0.9495871 -0.1296452 1.54156e-4 -0.9915605 -1.38022e-5 -0.465862 -0.8848575 6.06698e-4 -0.3040999 -0.95264 -6.35102e-5 -0.1276861 -0.9918147 -0.4843814 -2.10799e-5 -0.8748569 -0.3018982 4.59748e-4 -0.9533401 -0.1417633 0 -0.9899006 0 -6.09184e-6 -1 0 6.09184e-6 -1 -4.40414e-5 0.503484 -0.8640047 7.2916e-4 0.3105155 -0.9505681 0 0.1441624 -0.9895541 3.90497e-7 0 -1 1.63697e-6 0 -1 0.1313034 -0.001553118 -0.9913411 0.3123898 -5.99188e-6 -0.949954 0.4837768 5.87291e-5 -0.8751914 -6.74631e-4 -0.128404 -0.9917218 -1.85481e-5 -0.3035813 -0.9528056 1.379e-5 -0.4658613 -0.8848577 0.1285781 0 -0.9916995 0.321605 3.95063e-5 -0.946874 0.4723989 4.31097e-4 -0.8813849 -3.69484e-7 6.09185e-6 -1 -3.26766e-7 -6.09183e-6 -1 0 0.130614 -0.9914334 -5.30536e-5 0.3312779 -0.9435333 -6.70151e-4 0.4907385 -0.8713067 1.24487e-7 -0.5688779 -0.8224221 -0.1862354 -3.09209e-5 0.9825052 -0.5556825 -4.13236e-5 0.8313946 -0.8539548 -1.5279e-5 0.5203474 -0.9943315 -1.85722e-5 0.1063245 4.87899e-5 -0.2353592 0.9719085 6.03754e-5 -0.6196198 0.7849021 2.23635e-5 -0.8593953 0.511312 6.16425e-7 -0.9777896 0.2095893 -0.1857466 -4.55617e-5 0.9825977 -0.5546035 -8.34745e-5 0.8321149 -0.8532548 -6.10034e-5 0.5214943 -0.9942743 -1.86263e-5 0.1068592 -0.03071701 0.9192308 -0.3925191 -0.01302307 0.9859245 0.1666835 -0.001517415 0.6383005 0.7697858 -0.7645678 0.001058518 0.6445425 0.1319305 0.9840164 0.1196082 0.05709064 0.8617058 0.5041863 0.01140356 0.5651705 0.8248955 2.05496e-7 0 1 9.97594e-7 0.9265109 -0.3762679 2.28843e-6 0.9845256 0.1752411 3.21496e-6 0.6372991 0.7706165 0 0 1 0.1487247 0.8807746 -0.4495744 0.4881075 0.8601207 -0.1481333 0.760258 0.5977137 0.254453 0.7619743 -8.72058e-4 0.6476067 -0.1490324 0.8805704 -0.4498724 -0.4884283 0.8596414 -0.1498484 -0.7609278 0.5984677 0.2506498 -2.50975e-5 0.1878519 0.9821975 3.96428e-4 0.1762112 0.9843523 0.9943315 -1.81579e-5 0.1063246 0.8539549 -1.53487e-5 0.5203472 0.5556832 -4.13221e-5 0.8313941 0.1862367 -3.09821e-5 0.9825049 -6.14226e-7 -0.9777892 0.2095907 -2.2358e-5 -0.8593956 0.5113113 -6.03906e-5 -0.619621 0.7849012 -4.8789e-5 -0.23536 0.9719083 0.9942743 -1.85616e-5 0.1068592 0.8532545 -6.10106e-5 0.5214948 0.5546033 -8.35601e-5 0.8321149 0.185746 -4.55798e-5 0.9825978 0.8080999 0.1900725 0.5575365 0.8080782 0.1900666 0.55757 0.8080024 0.1902245 0.5576261 0.001517474 0.6383008 0.7697857 0.01302307 0.9859252 0.1666792 0.03071701 0.9192298 -0.3925216 -0.7619741 -8.72057e-4 0.647607 -0.01140385 0.5651665 0.824898 -0.05709087 0.8617059 0.5041863 -0.1319294 0.984017 0.1196048 2.22885e-7 0 1 -3.21427e-6 0.637297 0.7706183 -2.29045e-6 0.9845246 0.1752469 -9.88916e-7 0.9265096 -0.3762713 -3.04747e-4 0.1754583 0.9844868 -9.36102e-5 0.1756229 0.9844575 -0.7602603 0.5977068 0.2544623 -0.4881078 0.8601204 -0.148134 -0.1487275 0.8807799 -0.4495631 0.7641971 0.001130342 0.6449819 0.7609275 0.5984688 0.2506479 0.4884285 0.8596417 -0.149846 0.1490321 0.8805714 -0.4498704 0 -0.9985977 0.05294144 2.43127e-5 0.9063729 0.4224787 5.251e-5 0.7389674 0.6737412 5.86393e-5 0.5073747 0.8617256 3.20812e-5 0.1941828 0.9809654 0.7275672 -2.47226e-5 0.6860365 0.5454561 -3.27234e-5 0.8381394 0.3608438 -3.02919e-5 0.9326263 0.1404523 -1.54432e-5 0.9900875 -0.7306184 -0.1152629 0.6729869 -0.7297846 -0.1165377 0.6736716 -0.7356436 -0.1082779 0.6686587 -0.007548153 -0.4176135 0.9085935 -0.001906216 -0.5998763 0.8000906 -0.001628756 -0.7594012 0.6506206 0.005265653 -0.1140895 0.9934566 -1.37203e-5 -0.07829016 0.9969307 -0.001677691 -0.07590407 0.9971137 0.2514241 -0.3449365 0.9043256 0.325475 -0.5024306 0.8010179 0.3496163 -0.6546673 0.6702083 0.7306184 -0.1152629 0.6729869 0.7289686 -0.116786 0.6745116 0.7327553 -0.1072325 0.6719902 0.00275433 -0.1967148 0.9804569 0.01149845 -0.3021599 0.953188 0.02587193 -0.4273229 0.9037288 0.5871673 -0.4395765 0.6797112 0.6616122 -0.3087317 0.6833404 0.7062453 -0.1996655 0.6792285 -0.001760542 0 0.9999985 0.117572 -0.118224 0.986002 0.7616134 0 0.6480318 0.747934 -0.06916034 0.6601604 0.7374172 -0.08508658 0.6700569 -0.6394167 -0.3196814 0.6992498 -0.5095503 -0.515415 0.6889891 -0.3009873 -0.7241668 0.6204751 -4.9641e-5 0.194786 0.9808458 -8.72989e-5 0.5084581 0.8610868 -7.258e-5 0.7397738 0.6728557 -3.07322e-5 0.9066013 0.4219883 -0.1411734 -1.95242e-5 0.9899849 -0.3621791 -3.5347e-5 0.9321086 -0.5932117 5.25693e-4 0.8050463 -0.7635123 -1.98538e-5 0.6457934 0.001677334 -0.7582549 0.6519562 0.00194633 -0.5969318 0.8022896 0.007651805 -0.414 0.9102447 -0.7630864 0 0.6462965 -0.7619595 -8.87428e-4 0.6476243 -0.7403737 -0.0760222 0.6678828 -0.3434051 -0.6593051 0.6688721 -0.3694105 -0.5057891 0.7795597 -0.2517938 -0.3465486 0.9036062 -0.007045686 -0.114053 0.9934498 -0.002517521 -0.1199018 0.9927826 0.001761615 -0.07619118 0.9970918 -0.0258668 -0.4282606 0.9032851 -0.0114628 -0.3038354 0.9526557 -0.002688348 -0.1983596 0.9801256 -0.06058728 -0.1151632 0.9914972 -0.7053496 -0.2014132 0.6796431 -0.6604295 -0.3105335 0.6836678 -0.5873282 -0.4404711 0.6789925 0.2986487 -0.7260037 0.6194576 0.5057762 -0.5195977 0.6886282 0.6362284 -0.3238851 0.7002228 0.02482664 -0.5527517 0.8329762 0.01621139 -0.1810489 0.9833406 0 0 1 0.04690539 -0.7625293 0.6452512 0.03041011 -0.6761388 0.7361465 0.01549303 -0.5920089 0.8057826 -0.437981 -0.002488493 0.8989809 -0.4421331 -1.82825e-5 0.8969496 -0.4516306 -0.003343224 0.8921988 0.7658105 3.94183e-4 0.6430662 0.6677545 2.07833e-4 0.7443817 0.5701967 4.12199e-5 0.8215083 0.003434062 -0.451005 0.8925148 0.005971014 -0.465247 0.8851609 1.7822e-4 0.9127715 0.4084706 8.72926e-4 0.7995286 0.6006276 0.002076447 0.6751623 0.7376663 0.4404817 0 0.8977616 0.4431197 6.02031e-5 0.8964625 0.4519873 -0.003587186 0.8920173 -0.01778161 -0.6051765 0.7958928 -0.03506922 -0.6935735 0.7195318 -0.05399411 -0.7829748 0.6197057 -0.001905202 0.4674199 0.8840334 -0.003608703 0.5173294 0.8557788 -0.5702272 -1.58081e-5 0.8214871 -0.6678367 3.72831e-6 0.7443079 -0.7658991 6.43907e-6 0.6429609 -0.003434419 -0.4510048 0.892515 -0.003564596 -0.4796682 0.8774428 -0.002076447 0.6751623 0.7376663 -8.72912e-4 0.7995231 0.6006348 -1.78225e-4 0.9127715 0.4084705 1.33506e-5 -0.7899321 0.6131944 -1.08043e-5 -0.7126101 0.7015604 0 -0.6383535 0.7697434 0 0.5437396 -0.8392542 -8.91881e-6 -0.7899212 0.6132085 5.67554e-7 -0.7125972 0.7015735 2.56414e-5 -0.6383502 0.7697462 5.02781e-5 -0.5437324 0.8392587 4.58089e-6 -0.789924 0.613205 -2.38663e-6 -0.7125961 0.7015746 -1.98335e-6 -0.6383579 0.7697398 -6.2043e-6 -0.5437488 0.8392481 0.01151382 -0.7910614 0.6116285 0.00421828 -0.7138103 0.7003265 -0.001426994 -0.6376832 0.7702974 -0.004556238 -0.5404668 0.841353 0.004556238 -0.5404904 0.8413379 0.001426339 -0.6376789 0.7703009 -0.004218637 -0.71381 0.7003268 -0.01151412 -0.7910618 0.6116281 0.5429605 0.5429599 0.6406157 0.3033492 0.05860543 0.9510756 0.2227625 0.1439423 0.9641875 0.1519955 0.2182205 0.9639903 0.06429517 0.2997133 0.9518604 0.06533819 -0.3411973 0.9377183 0.1514993 -0.2451004 0.9575875 0.2244251 -0.1637712 0.9606312 0.3041727 -0.06646305 0.9502956 -0.2708708 0.09488666 0.9579278 -0.2454054 0.119414 0.9620378 -0.2256031 0.1410679 0.9639518 -0.2073449 0.1712428 0.9631636 -0.2209844 -0.1836357 0.9578329 -0.2401769 -0.1518882 0.9587727 -0.2550712 -0.1256448 0.9587242 -0.2792352 -0.09861743 0.9551452 0.003641903 0.3898001 0.9208923 0.1092982 0.4079061 0.9064582 -1.61333e-6 -0.8366904 0.5476763 -2.1689e-6 -0.8366918 0.547674 0 -0.8366917 0.5476743 0.6691283 -7.88285e-4 0.7431465 0.5012476 -5.91794e-4 0.8653038 0.3349163 -3.94946e-4 0.9422479 0.1331141 -1.568e-4 0.9911007 -0.1337119 0.001163721 0.9910196 -0.3364185 0.001035988 0.9417121 -0.5033399 9.41954e-4 0.8640881 -0.671593 9.81213e-4 0.7409197 -0.1335178 2.01656e-4 0.9910465 -0.3360755 5.05435e-4 0.9418349 -0.5030061 7.52383e-4 0.8642826 -0.6712363 9.98887e-4 0.7412428 0.1331062 -1.50271e-4 0.9911019 0.3349196 -3.8155e-4 0.9422467 0.5012499 -5.72167e-4 0.8653024 0.6691299 -7.66431e-4 0.7431451 -0.6690142 -7.85483e-4 0.7432492 -0.5011286 -5.89114e-4 0.8653727 -0.334872 -3.95783e-4 0.9422636 -0.1330523 -1.57673e-4 0.991109 0.6715906 9.80763e-4 0.7409219 0.5033389 9.41863e-4 0.8640887 0.3364163 0.001036643 0.9417129 0.1337213 0.001164734 0.9910184 0.1336273 1.99841e-4 0.9910317 0.336306 5.01115e-4 0.9417527 0.5033079 7.46029e-4 0.8641069 0.6716129 9.90744e-4 0.7409016 -0.1331497 -1.51143e-4 0.991096 -0.3348241 -3.79346e-4 0.9422806 -0.5011675 -5.70603e-4 0.8653502 -0.6689903 -7.63277e-4 0.7432708 0.8060932 0.187745 0.5612179 0.8060402 0.1879471 0.5612266 0.8061428 0.1881293 0.561018</float_array>
          <technique_common>
            <accessor source="#Cube_003-mesh-normals-array" count="1530" stride="3">
              <param name="X" type="float"/>
              <param name="Y" type="float"/>
              <param name="Z" type="float"/>
            </accessor>
          </technique_common>
        </source>
        <source id="Cube_003-mesh-map-0">
          <float_array id="Cube_003-mesh-map-0-array" count="11052">0.96875 0.5 1 0.794513 1 0.5 0.9375 0.5 0.96875 0.794513 0.96875 0.5 0.90625 0.5 0.9375 0.794513 0.9375 0.5 0.875 0.5 0.90625 0.794513 0.90625 0.5 0.84375 0.5 0.875 0.794513 0.875 0.5 0.8125 0.5 0.84375 0.794513 0.84375 0.5 0.78125 0.5 0.8125 0.794513 0.8125 0.5 0.75 0.5 0.78125 0.794513 0.78125 0.5 0.71875 0.5 0.75 0.794513 0.75 0.5 0.6875 0.5 0.71875 0.794513 0.71875 0.5 0.65625 0.5 0.6875 0.794513 0.6875 0.5 0.625 0.5 0.65625 0.794513 0.65625 0.5 0.59375 0.5 0.625 0.794513 0.625 0.5 0.5625 0.5 0.59375 0.794513 0.59375 0.5 0.53125 0.5 0.5625 0.794513 0.5625 0.5 0.5 0.5 0.53125 0.794513 0.53125 0.5 0.46875 0.5 0.5 0.794513 0.5 0.5 0.4375 0.5 0.46875 0.794513 0.46875 0.5 0.40625 0.5 0.4375 0.794513 0.4375 0.5 0.375 0.5 0.40625 0.794513 0.40625 0.5 0.34375 0.5 0.375 0.794513 0.375 0.5 0.3125 0.5 0.34375 0.794513 0.34375 0.5 0.28125 0.5 0.3125 0.794513 0.3125 0.5 0.25 0.5 0.28125 0.794513 0.28125 0.5 0.21875 0.5 0.25 0.794513 0.25 0.5 0.1875 0.5 0.21875 0.794513 0.21875 0.5 0.15625 0.5 0.1875 0.794513 0.1875 0.5 0.125 0.5 0.15625 0.794513 0.15625 0.5 0.09375 0.5 0.125 0.794513 0.125 0.5 0.0625 0.5 0.09375 0.794513 0.09375 0.5 0.03125 0.5 0.0625 0.794513 0.0625 0.5 0 0.5 0.03125 0.794513 0.03125 0.5 0.5146116 0.2968219 0.7031782 0.01461154 0.9853885 0.2031783 0.96875 0.5 1 0.7945143 1 0.5 0.9375 0.5 0.96875 0.7945142 0.96875 0.5 0.90625 0.5 0.9375 0.7945142 0.9375 0.5 0.875 0.5 0.90625 0.7945142 0.90625 0.5 0.84375 0.5 0.875 0.7945142 0.875 0.5 0.8125 0.5 0.84375 0.7945142 0.84375 0.5 0.78125 0.5 0.8125 0.7945142 0.8125 0.5 0.75 0.5 0.78125 0.7945142 0.78125 0.5 0.71875 0.5 0.75 0.7945142 0.75 0.5 0.6875 0.5 0.71875 0.7945142 0.71875 0.5 0.65625 0.5 0.6875 0.7945142 0.6875 0.5 0.625 0.5 0.65625 0.7945142 0.65625 0.5 0.59375 0.5 0.625 0.7945142 0.625 0.5 0.5625 0.5 0.59375 0.7945142 0.59375 0.5 0.53125 0.5 0.5625 0.7945142 0.5625 0.5 0.5 0.5 0.53125 0.7945142 0.53125 0.5 0.46875 0.5 0.5 0.7945142 0.5 0.5 0.4375 0.5 0.46875 0.7945142 0.46875 0.5 0.40625 0.5 0.4375 0.7945142 0.4375 0.5 0.375 0.5 0.40625 0.7945142 0.40625 0.5 0.34375 0.5 0.375 0.7945142 0.375 0.5 0.3125 0.5 0.34375 0.7945142 0.34375 0.5 0.28125 0.5 0.3125 0.7945142 0.3125 0.5 0.25 0.5 0.28125 0.7945142 0.28125 0.5 0.21875 0.5 0.25 0.7945142 0.25 0.5 0.1875 0.5 0.21875 0.7945142 0.21875 0.5 0.15625 0.5 0.1875 0.7945142 0.1875 0.5 0.125 0.5 0.15625 0.7945142 0.15625 0.5 0.09375 0.5 0.125 0.7945142 0.125 0.5 0.0625 0.5 0.09375 0.7945142 0.09375 0.5 0.03125 0.5 0.0625 0.7945142 0.0625 0.5 0 0.5 0.03125 0.7945142 0.03125 0.5 0.7968217 0.4853885 0.5146116 0.2968219 0.7031782 0.01461154 0.96875 0.5 1 0.7945143 1 0.5 0.9375 0.5 0.96875 0.7945142 0.96875 0.5 0.90625 0.5 0.9375 0.7945142 0.9375 0.5 0.875 0.5 0.90625 0.7945142 0.90625 0.5 0.84375 0.5 0.875 0.7945142 0.875 0.5 0.8125 0.5 0.84375 0.7945142 0.84375 0.5 0.78125 0.5 0.8125 0.7945142 0.8125 0.5 0.75 0.5 0.78125 0.7945142 0.78125 0.5 0.71875 0.5 0.75 0.7945142 0.75 0.5 0.6875 0.5 0.71875 0.7945142 0.71875 0.5 0.65625 0.5 0.6875 0.7945142 0.6875 0.5 0.625 0.5 0.65625 0.7945142 0.65625 0.5 0.59375 0.5 0.625 0.7945142 0.625 0.5 0.5625 0.5 0.59375 0.7945142 0.59375 0.5 0.53125 0.5 0.5625 0.7945142 0.5625 0.5 0.5 0.5 0.53125 0.7945142 0.53125 0.5 0.46875 0.5 0.5 0.7945142 0.5 0.5 0.4375 0.5 0.46875 0.7945142 0.46875 0.5 0.40625 0.5 0.4375 0.7945142 0.4375 0.5 0.375 0.5 0.40625 0.7945142 0.40625 0.5 0.34375 0.5 0.375 0.7945142 0.375 0.5 0.3125 0.5 0.34375 0.7945142 0.34375 0.5 0.28125 0.5 0.3125 0.7945142 0.3125 0.5 0.25 0.5 0.28125 0.7945142 0.28125 0.5 0.21875 0.5 0.25 0.7945142 0.25 0.5 0.1875 0.5 0.21875 0.7945142 0.21875 0.5 0.15625 0.5 0.1875 0.7945142 0.1875 0.5 0.125 0.5 0.15625 0.7945142 0.15625 0.5 0.09375 0.5 0.125 0.7945142 0.125 0.5 0.0625 0.5 0.09375 0.7945142 0.09375 0.5 0.03125 0.5 0.0625 0.7945142 0.0625 0.5 0 0.5 0.03125 0.7945142 0.03125 0.5 0.7031782 0.01461154 0.9853885 0.2031783 0.7968217 0.4853885 0.96875 0.5 1 0.794513 1 0.5 0.9375 0.5 0.96875 0.794513 0.96875 0.5 0.90625 0.5 0.9375 0.794513 0.9375 0.5 0.875 0.5 0.90625 0.794513 0.90625 0.5 0.84375 0.5 0.875 0.794513 0.875 0.5 0.8125 0.5 0.84375 0.794513 0.84375 0.5 0.78125 0.5 0.8125 0.794513 0.8125 0.5 0.75 0.5 0.78125 0.794513 0.78125 0.5 0.71875 0.5 0.75 0.794513 0.75 0.5 0.6875 0.5 0.71875 0.794513 0.71875 0.5 0.65625 0.5 0.6875 0.794513 0.6875 0.5 0.625 0.5 0.65625 0.794513 0.65625 0.5 0.59375 0.5 0.625 0.794513 0.625 0.5 0.5625 0.5 0.59375 0.794513 0.59375 0.5 0.53125 0.5 0.5625 0.794513 0.5625 0.5 0.5 0.5 0.53125 0.794513 0.53125 0.5 0.46875 0.5 0.5 0.794513 0.5 0.5 0.4375 0.5 0.46875 0.794513 0.46875 0.5 0.40625 0.5 0.4375 0.794513 0.4375 0.5 0.375 0.5 0.40625 0.794513 0.40625 0.5 0.34375 0.5 0.375 0.794513 0.375 0.5 0.3125 0.5 0.34375 0.794513 0.34375 0.5 0.28125 0.5 0.3125 0.794513 0.3125 0.5 0.25 0.5 0.28125 0.794513 0.28125 0.5 0.21875 0.5 0.25 0.794513 0.25 0.5 0.1875 0.5 0.21875 0.794513 0.21875 0.5 0.15625 0.5 0.1875 0.794513 0.1875 0.5 0.125 0.5 0.15625 0.794513 0.15625 0.5 0.09375 0.5 0.125 0.794513 0.125 0.5 0.0625 0.5 0.09375 0.794513 0.09375 0.5 0.03125 0.5 0.0625 0.794513 0.0625 0.5 0 0.5 0.03125 0.794513 0.03125 0.5 0.5146116 0.2968219 0.7031782 0.01461154 0.9853885 0.2031783 0.96875 0.5 1 0.7945151 1 0.5 0.9375 0.5 0.96875 0.7945151 0.96875 0.5 0.90625 0.5 0.9375 0.7945151 0.9375 0.5 0.875 0.5 0.90625 0.7945151 0.90625 0.5 0.84375 0.5 0.875 0.7945151 0.875 0.5 0.8125 0.5 0.84375 0.7945151 0.84375 0.5 0.78125 0.5 0.8125 0.7945151 0.8125 0.5 0.75 0.5 0.78125 0.7945151 0.78125 0.5 0.71875 0.5 0.75 0.7945151 0.75 0.5 0.6875 0.5 0.71875 0.7945151 0.71875 0.5 0.65625 0.5 0.6875 0.7945151 0.6875 0.5 0.625 0.5 0.65625 0.7945151 0.65625 0.5 0.59375 0.5 0.625 0.7945151 0.625 0.5 0.5625 0.5 0.59375 0.7945151 0.59375 0.5 0.53125 0.5 0.5625 0.7945151 0.5625 0.5 0.5 0.5 0.53125 0.7945151 0.53125 0.5 0.46875 0.5 0.5 0.7945151 0.5 0.5 0.4375 0.5 0.46875 0.7945151 0.46875 0.5 0.40625 0.5 0.4375 0.7945151 0.4375 0.5 0.375 0.5 0.40625 0.7945151 0.40625 0.5 0.34375 0.5 0.375 0.7945151 0.375 0.5 0.3125 0.5 0.34375 0.7945151 0.34375 0.5 0.28125 0.5 0.3125 0.7945151 0.3125 0.5 0.25 0.5 0.28125 0.7945151 0.28125 0.5 0.21875 0.5 0.25 0.7945151 0.25 0.5 0.1875 0.5 0.21875 0.7945151 0.21875 0.5 0.15625 0.5 0.1875 0.7945151 0.1875 0.5 0.125 0.5 0.15625 0.7945151 0.15625 0.5 0.09375 0.5 0.125 0.7945151 0.125 0.5 0.0625 0.5 0.09375 0.7945151 0.09375 0.5 0.03125 0.5 0.0625 0.7945151 0.0625 0.5 0 0.5 0.03125 0.7945151 0.03125 0.5 0.5146116 0.2968219 0.7031782 0.01461154 0.9853885 0.2031783 0.96875 0.5 1 0.7945151 1 0.5 0.9375 0.5 0.96875 0.7945151 0.96875 0.5 0.90625 0.5 0.9375 0.7945151 0.9375 0.5 0.875 0.5 0.90625 0.7945151 0.90625 0.5 0.84375 0.5 0.875 0.7945151 0.875 0.5 0.8125 0.5 0.84375 0.7945151 0.84375 0.5 0.78125 0.5 0.8125 0.7945151 0.8125 0.5 0.75 0.5 0.78125 0.7945151 0.78125 0.5 0.71875 0.5 0.75 0.7945151 0.75 0.5 0.6875 0.5 0.71875 0.7945151 0.71875 0.5 0.65625 0.5 0.6875 0.7945151 0.6875 0.5 0.625 0.5 0.65625 0.7945151 0.65625 0.5 0.59375 0.5 0.625 0.7945151 0.625 0.5 0.5625 0.5 0.59375 0.7945151 0.59375 0.5 0.53125 0.5 0.5625 0.7945151 0.5625 0.5 0.5 0.5 0.53125 0.7945151 0.53125 0.5 0.46875 0.5 0.5 0.7945151 0.5 0.5 0.4375 0.5 0.46875 0.7945151 0.46875 0.5 0.40625 0.5 0.4375 0.7945151 0.4375 0.5 0.375 0.5 0.40625 0.7945151 0.40625 0.5 0.34375 0.5 0.375 0.7945151 0.375 0.5 0.3125 0.5 0.34375 0.7945151 0.34375 0.5 0.28125 0.5 0.3125 0.7945151 0.3125 0.5 0.25 0.5 0.28125 0.7945151 0.28125 0.5 0.21875 0.5 0.25 0.7945151 0.25 0.5 0.1875 0.5 0.21875 0.7945151 0.21875 0.5 0.15625 0.5 0.1875 0.7945151 0.1875 0.5 0.125 0.5 0.15625 0.7945151 0.15625 0.5 0.09375 0.5 0.125 0.7945151 0.125 0.5 0.0625 0.5 0.09375 0.7945151 0.09375 0.5 0.03125 0.5 0.0625 0.7945151 0.0625 0.5 0 0.5 0.03125 0.7945151 0.03125 0.5 0.5146116 0.2968219 0.7031782 0.01461154 0.9853885 0.2031783 0.96875 0.5 1 0.7945151 1 0.5 0.9375 0.5 0.96875 0.7945151 0.96875 0.5 0.90625 0.5 0.9375 0.7945151 0.9375 0.5 0.875 0.5 0.90625 0.7945151 0.90625 0.5 0.84375 0.5 0.875 0.7945151 0.875 0.5 0.8125 0.5 0.84375 0.7945151 0.84375 0.5 0.78125 0.5 0.8125 0.7945151 0.8125 0.5 0.75 0.5 0.78125 0.7945151 0.78125 0.5 0.71875 0.5 0.75 0.7945151 0.75 0.5 0.6875 0.5 0.71875 0.7945151 0.71875 0.5 0.65625 0.5 0.6875 0.7945151 0.6875 0.5 0.625 0.5 0.65625 0.7945151 0.65625 0.5 0.59375 0.5 0.625 0.7945151 0.625 0.5 0.5625 0.5 0.59375 0.7945151 0.59375 0.5 0.53125 0.5 0.5625 0.7945151 0.5625 0.5 0.5 0.5 0.53125 0.7945151 0.53125 0.5 0.46875 0.5 0.5 0.7945151 0.5 0.5 0.4375 0.5 0.46875 0.7945151 0.46875 0.5 0.40625 0.5 0.4375 0.7945151 0.4375 0.5 0.375 0.5 0.40625 0.7945151 0.40625 0.5 0.34375 0.5 0.375 0.7945151 0.375 0.5 0.3125 0.5 0.34375 0.7945151 0.34375 0.5 0.28125 0.5 0.3125 0.7945151 0.3125 0.5 0.25 0.5 0.28125 0.7945151 0.28125 0.5 0.21875 0.5 0.25 0.7945151 0.25 0.5 0.1875 0.5 0.21875 0.7945151 0.21875 0.5 0.15625 0.5 0.1875 0.7945151 0.1875 0.5 0.125 0.5 0.15625 0.7945151 0.15625 0.5 0.09375 0.5 0.125 0.7945151 0.125 0.5 0.0625 0.5 0.09375 0.7945151 0.09375 0.5 0.03125 0.5 0.0625 0.7945151 0.0625 0.5 0 0.5 0.03125 0.7945151 0.03125 0.5 0.7031782 0.01461154 0.9853885 0.2031783 0.7968217 0.4853885 0.875 0.75 0.8749999 0.5625 0.875 0.5625 0.875 0.5 0.875 0.5625 0.875 0.5 0.7604832 0.7395168 0.8645168 0.5729832 0.7604832 0.5729833 0.875 0.75 0.75 0.75 0.8750001 0.7500001 0.7500002 0.5 0.875 0.5 0.8165441 0.5 0.875 0.5 0.7500001 0.5 0.75 0.5 0.875 0.5625 0.875 0.75 0.875 0.5625 0.7530421 0.5939599 0.816411 0.5676831 0.764625 0.5676466 0.7828153 0.65625 0.7968077 0.6067019 0.8260169 0.7054569 0.7649663 0.6359167 0.75 0.6020814 0.7499798 0.6021041 0.8034422 0.5829187 0.810562 0.5668688 0.7983847 0.5943197 0.7604833 0.5520168 0.8645168 0.5104833 0.7604833 0.5104833 0.7678491 0.6765833 0.7813387 0.6742659 0.7749516 0.6708708 0.8690223 0.5061615 0.8191971 0.5607165 0.8583305 0.5625 0.7986023 0.5938578 0.8696631 0.7456125 0.8370792 0.7188248 0.7587969 0.6655645 0.759944 0.6656749 0.7624759 0.6708708 0.8696631 0.7456125 0.7987003 0.5939362 0.8370792 0.7188247 0.8555446 0.5041023 0.8554514 0.5042176 0.8507468 0.5062918 0.7500091 0.711789 0.75 0.7106878 0.8209709 0.7110672 0.7649663 0.6359167 0.7554286 0.6416292 0.760857 0.6416292 0.7998302 0.591804 0.7884396 0.5678132 0.8119106 0.5677757 0.8555446 0.5041024 0.8538461 0.5061948 0.8555634 0.5040227 0.7884396 0.5678132 0.7852368 0.593923 0.7897698 0.5676831 0.8118851 0.506268 0.8119145 0.5061951 0.8125986 0.5041018 0.875 0.75 0.75 0.75 0.75 0.75 0.8749999 0.5625 0.875 0.75 0.875 0.5625 0.875 0.5 0.8749999 0.5625 0.875 0.5 0.8370793 0.7188248 0.75 0.7455937 0.7499999 0.7188444 0.7894502 0.5587698 0.7499295 0.5061618 0.7499989 0.5592133 0.75 0.6765833 0.7500001 0.6708708 0.7624759 0.6708708 0.7758657 0.6387434 0.7812501 0.6452106 0.7717139 0.6416292 0.8749999 0.5625 0.875 0.75 0.875 0.5625 0.875 0.5 0.875 0.5625 0.8749999 0.5625 0.875 0.5 0.8749999 0.5625 0.875 0.5625 0.8547688 0.5000001 0.8605009 0.5 0.875 0.5 0.7500001 0.5 0.875 0.5 0.75 0.5 0.875 0.5625 0.875 0.75 0.875 0.75 0.7998178 0.5917776 0.7884396 0.5678132 0.7845023 0.5921276 0.7968076 0.6067019 0.7812501 0.6452106 0.7828153 0.65625 0.7499799 0.6021041 0.75 0.6020814 0.7649663 0.6359167 0.8555446 0.5041024 0.8125986 0.5041018 0.8149033 0.5062919 0.8645168 0.5729832 0.7604832 0.7395168 0.7604832 0.5729832 0.8556371 0.5061698 0.8555634 0.5040227 0.8690223 0.5061615 0.75 0.7455937 0.8370792 0.7188248 0.75 0.7188444 0.7597253 0.6650586 0.7586113 0.6649671 0.7624759 0.6708708 0.7499844 0.6021022 0.7499948 0.6021023 0.75 0.6020814 0.7499295 0.5061618 0.7894285 0.5588239 0.7499989 0.5592133 0.7894284 0.5588239 0.7899758 0.5604042 0.7499994 0.5606507 0.7884396 0.5678132 0.7897699 0.5676831 0.7852368 0.5939229 0.8101037 0.5061708 0.8126993 0.5040224 0.7499279 0.5038025 0.875 0.75 0.75 0.75 0.75 0.75 0.8749999 0.5625 0.875 0.75 0.875 0.75 0.8645168 0.5104832 0.7604833 0.5520168 0.7604833 0.5104833 0.820971 0.7110672 0.7783276 0.6765833 0.7678491 0.6765833 0.810562 0.5668688 0.8034422 0.5829188 0.7981559 0.5948356 0.7624759 0.6708708 0.75 0.6765833 0.7678491 0.6765833 0.7733327 0.65625 0.7741422 0.6635604 0.7813387 0.6742659 0.7733327 0.65625 0.7665466 0.6540147 0.7661317 0.6545932 0.7649987 0.6495928 0.7655987 0.6496932 0.7717139 0.6416292 0.7552332 0.6455148 0.7558278 0.6452939 0.7554286 0.6416292 0.7500001 0.6584447 0.7508325 0.6582776 0.7545791 0.6615798 0.7507591 0.6537898 0.7500001 0.6539078 0.7535114 0.6500163 0.7559042 0.6457477 0.7552996 0.6459757 0.7554286 0.6416292 0.75186 0.5939597 0.7525408 0.5969116 0.7510341 0.5977512 0.7510342 0.5977512 0.7518591 0.5939595 0.7510341 0.5977512 0.754301 0.5969116 0.7517614 0.5982661 0.7524147 0.5939948 0.7517614 0.5982661 0.7506739 0.5977513 0.7524147 0.5939948 0.7506739 0.5977513 0.7510629 0.5969116 0.7524147 0.5939948 0.875 0.5625 0.8748155 0.5001994 0.8749999 0.5626152 0.8749999 0.5626152 0.8748649 0.5001264 0.8749999 0.5625171 0.8749999 0.5625171 0.875 0.5 0.8749999 0.5625 0.7500001 0.7500001 0.8747967 0.7497568 0.75 0.75 0.75 0.75 0.8749116 0.7498121 0.7500001 0.7500001 0.7500001 0.7500001 0.8750001 0.7500001 0.7500001 0.7500001 0.875 0.75 0.8749999 0.5626152 0.8747967 0.7497568 0.8749999 0.5626152 0.8749116 0.7498121 0.8747967 0.7497568 0.8749999 0.5625171 0.875 0.75 0.8749116 0.7498121 0.7500052 0.6021023 0.7500156 0.6021023 0.75 0.6020814 0.7499948 0.6021023 0.7500052 0.6021023 0.75 0.6020814 0.7525408 0.5969116 0.7518602 0.5939596 0.7510342 0.5977512 0.7500002 0.5 0.8748155 0.5001994 0.875 0.5 0.75 0.5 0.8748649 0.5001264 0.8748155 0.5001994 0.7500001 0.5 0.875 0.5 0.8748649 0.5001264 0.875 0.5 0.8749998 0.5625171 0.8749999 0.5625 0.8748649 0.5001265 0.8749999 0.5626152 0.8749998 0.5625171 0.8748155 0.5001994 0.8749999 0.5625 0.8749999 0.5626152 0.875 0.75 0.7500001 0.7500001 0.75 0.75 0.8749116 0.7498123 0.75 0.75 0.7500001 0.7500001 0.8747967 0.7497567 0.75 0.75 0.75 0.75 0.875 0.75 0.8749998 0.5625171 0.8749116 0.7498123 0.8749116 0.7498123 0.8749999 0.5626152 0.8747967 0.7497567 0.8749999 0.5626152 0.875 0.75 0.8747967 0.7497567 0.875 0.5 0.7500001 0.5 0.8748649 0.5001265 0.8748649 0.5001265 0.75 0.4999999 0.8748155 0.5001994 0.8748155 0.5001994 0.7500002 0.5 0.875 0.5 0.7649663 0.6359167 0.7737416 0.6359167 0.760857 0.6416292 0.8645168 0.5590056 0.8708318 0.5541783 0.8645168 0.5520168 0.8645168 0.5590056 0.8704608 0.5625 0.8704617 0.5595338 0.8708663 0.5684927 0.8645166 0.5659943 0.8645168 0.5729832 0.875 0.5631259 0.8704609 0.5640665 0.8708663 0.5684927 0.8750001 0.5583235 0.8750001 0.5645136 0.875 0.5625 0.875 0.5541783 0.875 0.561337 0.8750001 0.5583235 0.8704617 0.5595338 0.8704609 0.5640665 0.875 0.561337 0.8750001 0.5642632 0.875 0.559575 0.875 0.5625 0.8750001 0.5642632 0.875 0.5640665 0.875 0.5617021 0.8645167 0.5659944 0.8708308 0.5684928 0.8645168 0.5729832 0.8645168 0.5625 0.8704609 0.5640664 0.8645167 0.5659944 0.8708674 0.5541782 0.8645169 0.5590056 0.8645168 0.5520168 0.8708674 0.5541782 0.875 0.5615992 0.8704617 0.5595338 0.875 0.5617021 0.8704609 0.5640664 0.8704617 0.5595338 0.7528976 0.5 0.747514 0.5 0.75 0.5 0.7528976 0.5 0.752254 0.5 0.75 0.5 0.7534944 0.5104832 0.7571162 0.5042306 0.7604833 0.5104833 0.7534944 0.5104832 0.75 0.5045951 0.7522541 0.5045951 0.7571161 0.5042024 0.7534944 0.5104832 0.7604833 0.5104833 0.7478693 0.5 0.7522541 0.5045951 0.7571161 0.5042024 0.75 0.5 0.7522541 0.5045951 0.7522541 0.5045951 0.7534945 0.7395168 0.7571965 0.7458927 0.7604832 0.7395168 0.75 0.7395169 0.752278 0.7455172 0.7534945 0.7395168 0.7571965 0.7459355 0.7534945 0.7395169 0.7604832 0.7395168 0.7477872 0.7500001 0.752278 0.7455173 0.7571965 0.7459355 0.7529684 0.7500001 0.7474256 0.75 0.75 0.75 0.7529684 0.7500001 0.752278 0.75 0.75 0.75 0.752278 0.7455172 0.752278 0.7455173 0.75 0.75 0.7604832 0.5729833 0.7534944 0.5659944 0.7534945 0.5729832 0.7604832 0.5659944 0.7534945 0.5625 0.7534944 0.5659944 0.7534944 0.5520167 0.7604832 0.5590056 0.7604833 0.5520168 0.75 0.5520168 0.7534944 0.5590056 0.7534944 0.5520167 0.7604833 0.5590056 0.7534945 0.5520167 0.7604833 0.5520168 0.7604832 0.5625 0.7534945 0.5590056 0.7604833 0.5590056 0.7604832 0.5729832 0.7534944 0.5659944 0.7604832 0.5659944 0.7534945 0.5729832 0.75 0.5659944 0.7534944 0.5659944 0.7534944 0.5590056 0.7534944 0.5659944 0.7534944 0.5659944 0.875 0.5625 0.8748359 0.5002167 0.8750001 0.5583235 0.8750001 0.5583235 0.8708916 0.5041818 0.8708318 0.5541783 0.8708318 0.5541783 0.8645168 0.5104833 0.8645168 0.5520168 0.75 0.75 0.8748202 0.7498571 0.7529684 0.7500001 0.7529684 0.7500001 0.8708848 0.7459577 0.7571965 0.7458927 0.7571965 0.7458927 0.8645168 0.7395168 0.7604832 0.7395168 0.875 0.5625 0.8748202 0.7498571 0.875 0.75 0.875 0.5642726 0.8708848 0.7459577 0.8748202 0.7498571 0.8708663 0.5684927 0.8645168 0.7395168 0.8708848 0.7459577 0.7604832 0.5729833 0.8645166 0.5659943 0.7604832 0.5659944 0.8645166 0.5659943 0.7604832 0.5590056 0.7604832 0.5659944 0.8645168 0.5590056 0.7604833 0.5520168 0.7604832 0.5590056 0.75 0.5 0.8748359 0.5002167 0.875 0.5 0.752896 0.5 0.8708916 0.5041818 0.8748359 0.5002167 0.7571161 0.5042024 0.8645168 0.5104833 0.8708916 0.5041818 0.7604833 0.5520168 0.7534944 0.5104832 0.7534944 0.5520167 0.7534944 0.5104832 0.7534945 0.5520167 0.7534944 0.5520167 0.7534944 0.5104832 0.7604833 0.5520168 0.7534945 0.5520167 0.7604832 0.5729833 0.7534945 0.7395168 0.7604832 0.7395168 0.7534945 0.7395168 0.7534945 0.5729832 0.7534945 0.7395169 0.7534945 0.5729832 0.7604832 0.7395168 0.7534945 0.7395169 0.8645168 0.5104832 0.8708674 0.5541782 0.8645168 0.5520168 0.8708914 0.5041818 0.875 0.5583368 0.8708674 0.5541782 0.8748359 0.5002167 0.875 0.5625 0.875 0.5583368 0.8645168 0.7395168 0.7571965 0.7459355 0.7604832 0.7395168 0.8708848 0.7459576 0.752967 0.7500001 0.7571965 0.7459355 0.8748202 0.7498571 0.75 0.75 0.752967 0.7500001 0.8645168 0.7395168 0.8708308 0.5684928 0.8708848 0.7459576 0.8708848 0.7459576 0.8750001 0.5642632 0.8748202 0.7498571 0.8748202 0.7498571 0.875 0.5625 0.875 0.75 0.8645168 0.5520168 0.7604833 0.5590056 0.7604833 0.5520168 0.7604833 0.5590056 0.8645167 0.5659944 0.7604832 0.5659944 0.8645167 0.5659944 0.7604832 0.5729832 0.7604832 0.5659944 0.8645168 0.5104832 0.7571162 0.5042306 0.8708914 0.5041818 0.8708914 0.5041818 0.7528976 0.5 0.8748359 0.5002167 0.8748359 0.5002167 0.75 0.5 0.875 0.5 0.875 0.75 0.7500001 0.7500001 0.8750001 0.7500001 0.8690223 0.5061615 0.8645532 0.5625954 0.8583305 0.5625 0.8713979 0.5038358 0.875 0.5625 0.8645532 0.5625954 0.8742912 0.5009643 0.875 0.5624895 0.875 0.5625 0.875 0.5624895 0.875 0.5 0.875 0.5625 0.875 0.75 0.75 0.75 0.75 0.75 0.8749626 0.7500281 0.75 0.75 0.75 0.75 0.8740503 0.7493937 0.75 0.75 0.75 0.75 0.8747727 0.7498287 0.75 0.75 0.75 0.75 0.8750001 0.7500001 0.8750001 0.5625922 0.8749626 0.7500281 0.8749626 0.7500281 0.875 0.5628392 0.8740503 0.7493937 0.8740503 0.7493937 0.8750001 0.5624901 0.8747727 0.7498287 0.8747727 0.7498287 0.875 0.5625 0.875 0.75 0.811058 0.5000001 0.7499382 0.5 0.7499425 0.5 0.8122013 0.5 0.7499302 0.5 0.7499382 0.5 0.8140069 0.5 0.7499279 0.5038025 0.7499302 0.5 0.790638 0.5587704 0.8118851 0.506268 0.7906892 0.5586439 0.8605011 0.5000001 0.8748139 0.5002284 0.859818 0.5000001 0.859818 0.5000001 0.8742912 0.5009643 0.8587085 0.5 0.8587085 0.5 0.8713979 0.5038358 0.8555634 0.5040227 0.8583305 0.5625 0.8192181 0.5606878 0.8690223 0.5061615 0.8547689 0.5 0.8164117 0.5 0.8165441 0.5 0.8553234 0.5 0.8144216 0.5 0.8164117 0.5 0.858395 0.5 0.8125986 0.5041018 0.8144216 0.5 0.8507468 0.5062918 0.7924894 0.5586019 0.8149033 0.506292 0.8605011 0.5000001 0.8553234 0.5 0.8547689 0.5 0.859818 0.5000001 0.858395 0.5 0.8553234 0.5 0.858395 0.5 0.8555634 0.5040227 0.8555446 0.5041023 0.815336 0.558638 0.8537925 0.5062679 0.8538461 0.5061948 0.811058 0.5000001 0.8164117 0.5 0.8122013 0.5 0.8122013 0.5 0.8144216 0.5 0.8140069 0.5 0.8144216 0.5 0.8126993 0.5040223 0.8140069 0.5 0.8126993 0.5040223 0.812659 0.5041342 0.8101037 0.5061709 0.875 0.5 0.875 0.5624896 0.875 0.5625 0.875 0.5624896 0.8742912 0.5009643 0.875 0.5625 0.875 0.5625 0.8713979 0.5038358 0.8645532 0.5625954 0.8645532 0.5625954 0.8690223 0.5061615 0.8583305 0.5625 0.75 0.75 0.8747727 0.7498287 0.75 0.75 0.75 0.75 0.8740503 0.7493937 0.75 0.75 0.75 0.75 0.8749626 0.750028 0.75 0.75 0.75 0.75 0.8750001 0.7500001 0.75 0.75 0.875 0.5625 0.8747727 0.7498287 0.875 0.75 0.875 0.5624901 0.8740503 0.7493937 0.8747727 0.7498287 0.875 0.5628392 0.8749626 0.750028 0.8740503 0.7493937 0.8750001 0.5625922 0.875 0.75 0.8749626 0.750028 0.8125986 0.5041018 0.8126993 0.5040224 0.8119145 0.5061952 0.7499279 0.5038025 0.8140069 0.5 0.7499302 0.5 0.7499302 0.5 0.8122013 0.5 0.7499381 0.5 0.7499381 0.5 0.8110579 0.5 0.7499425 0.5 0.8537924 0.5062679 0.8153073 0.558677 0.853846 0.5061948 0.8713979 0.5038358 0.8587085 0.5 0.8555634 0.5040227 0.8742912 0.5009643 0.8598179 0.5000001 0.8587085 0.5 0.874814 0.5002284 0.8605009 0.5 0.8598179 0.5000001 0.8507468 0.5062918 0.7924612 0.5586686 0.8135458 0.55865 0.8125986 0.5041018 0.858395 0.5 0.8144216 0.5 0.8144216 0.5 0.8553233 0.5 0.8164118 0.5 0.8164118 0.5 0.8547688 0.5000001 0.8165442 0.5 0.8690223 0.5061615 0.8713979 0.5038358 0.8555634 0.5040227 0.8555634 0.5040227 0.858395 0.5 0.8555446 0.5041024 0.858395 0.5 0.8598179 0.5000001 0.8553233 0.5 0.8553233 0.5 0.8605009 0.5 0.8547688 0.5000001 0.7906506 0.5587393 0.8118851 0.5062679 0.8119145 0.5061952 0.8126993 0.5040224 0.8144216 0.5 0.8140069 0.5 0.8144216 0.5 0.8122013 0.5 0.8140069 0.5 0.8164118 0.5 0.8110579 0.5 0.8122013 0.5 0.875 0.75 0.75 0.75 0.875 0.75 0.8696631 0.7456125 0.75 0.7473621 0.75 0.7455937 0.8720793 0.7473731 0.75 0.75 0.75 0.7473621 0.875 0.75 0.75 0.75 0.75 0.75 0.8749257 0.75 0.75 0.75 0.75 0.75 0.810562 0.5668687 0.8719996 0.7476549 0.8696631 0.7456125 0.8719996 0.7476549 0.81277 0.5633099 0.875 0.75 0.875 0.75 0.8749999 0.5628045 0.8750001 0.7500542 0.8750001 0.7500542 0.875 0.5625 0.875 0.75 0.7900112 0.5603192 0.7906892 0.5586439 0.7900164 0.560217 0.7899758 0.5604042 0.75 0.5625 0.7499994 0.5606507 0.8188198 0.5625 0.7656762 0.5653781 0.7670099 0.5625 0.7656762 0.5653781 0.8164111 0.5676831 0.7646249 0.5676466 0.8141375 0.5603088 0.7900164 0.560217 0.7924894 0.5586019 0.8182086 0.5628097 0.8125 0.5625 0.8146215 0.559611 0.8125 0.5625 0.8147149 0.5575056 0.8125 0.5625 0.8103874 0.5672624 0.8125 0.5625 0.8147149 0.5575056 0.7906715 0.5586873 0.7906505 0.5587392 0.7900251 0.5602848 0.7900164 0.560217 0.8125 0.5625 0.7891286 0.5625 0.7891286 0.5625 0.8098908 0.5695323 0.7887209 0.5655164 0.7887209 0.5655164 0.8119106 0.5677757 0.7884396 0.5678132 0.8125 0.5625 0.8098908 0.5695323 0.8147149 0.5575056 0.8147149 0.5575056 0.8125 0.5625 0.8125 0.5625 0.8125 0.5625 0.8141375 0.5603088 0.8146215 0.559611 0.8192182 0.5606878 0.8182086 0.5628097 0.8146215 0.559611 0.8153585 0.5586072 0.8153359 0.558638 0.8146215 0.559611 0.7900164 0.560217 0.7898508 0.5625 0.7900112 0.5603192 0.7891286 0.5625 0.7901425 0.5654654 0.7898508 0.5625 0.7887209 0.5655164 0.7897698 0.5676831 0.7901425 0.5654654 0.75 0.75 0.8749257 0.7500001 0.75 0.75 0.75 0.75 0.875 0.75 0.75 0.75 0.75 0.75 0.872078 0.7473728 0.75 0.7473621 0.75 0.7473621 0.8696631 0.7456125 0.75 0.7455937 0.875 0.5625 0.8750001 0.7500542 0.875 0.75 0.8750001 0.562804 0.875 0.75 0.8750001 0.7500542 0.8127697 0.5633091 0.8719985 0.7476535 0.875 0.75 0.8106129 0.5667542 0.8696631 0.7456125 0.8719985 0.7476535 0.816411 0.5676831 0.7656762 0.5653781 0.764625 0.5676466 0.7656762 0.5653781 0.8188198 0.5625001 0.7670099 0.5625 0.75 0.5625 0.7899898 0.5603698 0.7499994 0.5606507 0.8146016 0.559638 0.8153231 0.5586555 0.8141142 0.5603405 0.8119122 0.5638343 0.8106129 0.5667542 0.8146942 0.5575523 0.8146942 0.5575523 0.8125 0.5625 0.8125 0.5625 0.8125 0.5625 0.8181726 0.5628091 0.8146016 0.559638 0.8135457 0.55865 0.7924612 0.5586685 0.8141142 0.5603405 0.8119107 0.5677759 0.7887206 0.5655209 0.7884396 0.5678132 0.809886 0.5695441 0.7891286 0.5625 0.7887206 0.5655209 0.8125 0.5625 0.7899994 0.5602589 0.7891286 0.5625 0.8181726 0.5628091 0.822615 0.5625 0.8191969 0.5607165 0.8141142 0.5603405 0.8125 0.5625 0.8146016 0.559638 0.8125 0.5625 0.8146942 0.5575523 0.8125 0.5625 0.809886 0.5695441 0.8119122 0.5638343 0.8146942 0.5575523 0.7897699 0.5676831 0.7887206 0.5655209 0.790143 0.5654618 0.790143 0.5654618 0.7891286 0.5625 0.7898512 0.5625 0.7898512 0.5625 0.7899994 0.5602589 0.7900251 0.5602848 0.7899898 0.5603698 0.7899907 0.5603674 0.7894503 0.5587699 0.75 0.75 0.875 0.75 0.875 0.75 0.7845023 0.5921276 0.7981284 0.5950708 0.7846435 0.5958762 0.7846435 0.5958762 0.7959919 0.5992083 0.7843683 0.5992084 0.7843683 0.5992084 0.7956395 0.6004114 0.7849336 0.6005464 0.7956912 0.6004724 0.8260169 0.705457 0.8288449 0.7119829 0.8370792 0.7188248 0.7975805 0.5963558 0.7986023 0.5938578 0.8340014 0.7162893 0.7962964 0.5994763 0.7975805 0.5963558 0.8300566 0.7129574 0.7956885 0.6004638 0.7962964 0.5994763 0.7956395 0.6004114 0.7956392 0.6004123 0.7910855 0.6015133 0.7499999 0.7188444 0.8340014 0.7162893 0.8370793 0.7188248 0.7499999 0.7164136 0.8300566 0.7129574 0.8340014 0.7162893 0.7499999 0.7132917 0.828845 0.7119828 0.8300566 0.7129574 0.8260169 0.7054569 0.7968077 0.6067019 0.7956885 0.6004638 0.7956404 0.6004149 0.7843683 0.5992084 0.7849336 0.6005464 0.7959873 0.5992083 0.7846435 0.5958762 0.7843683 0.5992084 0.7981209 0.5950545 0.7845023 0.5921276 0.7846435 0.5958762 0.820971 0.7110672 0.7500091 0.711789 0.8288449 0.7119829 0.7956912 0.6004724 0.8300566 0.7129574 0.7963057 0.5995072 0.7963057 0.5995072 0.8340014 0.7162893 0.7976408 0.5964034 0.7976408 0.5964034 0.8370792 0.7188247 0.7987003 0.5939362 0.7910855 0.6015133 0.7956404 0.6004149 0.7849336 0.6005464 0.8288449 0.7119829 0.7499999 0.7132917 0.8300566 0.7129574 0.8300566 0.7129574 0.7499999 0.7164136 0.8340014 0.7162893 0.8340014 0.7162893 0.75 0.7188444 0.8370792 0.7188248 0.75186 0.5939597 0.7524763 0.5963196 0.7530413 0.5939597 0.7513267 0.5963194 0.7518337 0.5992084 0.7524763 0.5963196 0.7506827 0.5992084 0.7508035 0.6008101 0.7518337 0.5992084 0.7502905 0.6008012 0.7499844 0.6021022 0.7508035 0.6008101 0.7518591 0.5939595 0.7513458 0.5963193 0.7513267 0.5963194 0.7513267 0.5963194 0.7500684 0.5992084 0.7506827 0.5992084 0.7506827 0.5992084 0.7497093 0.6008011 0.7502905 0.6008012 0.7502905 0.6008012 0.7500052 0.6021023 0.7499948 0.6021023 0.7518602 0.5939596 0.7524762 0.5963194 0.7513081 0.5963194 0.7513081 0.5963194 0.7515165 0.5992084 0.7507171 0.5992084 0.7492825 0.5992084 0.7491863 0.6008012 0.7497094 0.6008012 0.7497094 0.6008012 0.7500156 0.6021023 0.7500052 0.6021023 0.7530421 0.5939599 0.7846435 0.5958762 0.7852231 0.5941767 0.7524763 0.5963196 0.7843683 0.5992084 0.7846435 0.5958762 0.7518337 0.5992084 0.7849336 0.6005464 0.7843683 0.5992084 0.7508035 0.6008101 0.7854194 0.6016594 0.7849336 0.6005464 0.7854194 0.6016595 0.7507932 0.6008188 0.7849336 0.6005464 0.7849336 0.6005464 0.7521511 0.5992084 0.7843683 0.5992084 0.7843683 0.5992084 0.7524763 0.5963194 0.7846435 0.5958762 0.7846435 0.5958762 0.7530421 0.5939598 0.7852231 0.5941767 0.7678491 0.6765833 0.7813386 0.6742659 0.7783276 0.6765833 0.7843307 0.6669386 0.784835 0.6711343 0.7813386 0.6742659 0.784835 0.6711343 0.7852087 0.6755869 0.7813386 0.6742659 0.7852087 0.6755869 0.7851839 0.6782016 0.7813386 0.6742659 0.7851839 0.6782016 0.7849755 0.6799301 0.7813386 0.6742659 0.7737416 0.6359167 0.7764553 0.6360476 0.7758657 0.6387434 0.7764553 0.6360476 0.7792941 0.6365222 0.7758657 0.6387434 0.7792941 0.6365222 0.7809332 0.6378756 0.7758657 0.6387434 0.7809332 0.6378756 0.7820656 0.6392439 0.7758657 0.6387434 0.7783276 0.6765833 0.7815199 0.6764599 0.7813387 0.6742659 0.7815199 0.6764599 0.7847967 0.6760026 0.7813387 0.6742659 0.7847967 0.6760026 0.7867799 0.6747421 0.7813387 0.6742659 0.7867799 0.6747421 0.7881293 0.6734709 0.7813387 0.6742659 0.7812501 0.6452106 0.7805933 0.6411743 0.7758657 0.6387434 0.7805933 0.6411743 0.7797145 0.6369264 0.7758657 0.6387434 0.7797145 0.6369264 0.7785559 0.6345705 0.7758657 0.6387434 0.7785559 0.6345705 0.7774901 0.6330468 0.7758657 0.6387434 0.820971 0.7110672 0.8236571 0.7108092 0.828844 0.711982 0.8236571 0.7108092 0.8262136 0.7100695 0.828844 0.711982 0.8262136 0.7100695 0.8283551 0.70901 0.828844 0.711982 0.8283551 0.70901 0.8296643 0.7077486 0.828844 0.711982 0.7968077 0.6067019 0.7959756 0.6046422 0.7956392 0.6004123 0.7959756 0.6046422 0.7948056 0.6027467 0.7956392 0.6004123 0.7948056 0.6027467 0.7934774 0.6011557 0.7956392 0.6004123 0.7934774 0.6011557 0.7921916 0.6002584 0.7956392 0.6004123 0.8260169 0.705457 0.8264409 0.7077085 0.8288439 0.7119821 0.8264409 0.7077085 0.8263716 0.7098655 0.8288439 0.7119821 0.8263716 0.7098655 0.825822 0.711745 0.8288439 0.7119821 0.825822 0.711745 0.8248735 0.7129265 0.8288439 0.7119821 0.7910855 0.6015133 0.7928124 0.6017554 0.7956908 0.6004732 0.7928124 0.6017554 0.7945979 0.6025042 0.7956908 0.6004732 0.7945979 0.6025042 0.7962985 0.6035854 0.7956908 0.6004732 0.7962985 0.6035854 0.797551 0.6048833 0.7956908 0.6004732 0.8260169 0.7054569 0.784835 0.6711343 0.7843307 0.6669386 0.8264409 0.7077085 0.7856982 0.6765833 0.784835 0.6711343 0.826348 0.7100023 0.7815199 0.67646 0.7856982 0.6765833 0.7815199 0.67646 0.820971 0.7110672 0.7783276 0.6765833 0.7910855 0.6015133 0.7764553 0.6360476 0.7737416 0.6359167 0.7928124 0.6017554 0.7799324 0.6359167 0.7764553 0.6360476 0.7799324 0.6359167 0.7959756 0.6046422 0.7805932 0.6411743 0.7805932 0.6411743 0.7968077 0.6067019 0.7812501 0.6452106 0.8260169 0.705457 0.7848349 0.6711344 0.8264409 0.7077085 0.8264409 0.7077085 0.7856982 0.6765833 0.8263479 0.7100023 0.8263479 0.7100023 0.7815199 0.6764599 0.823657 0.7108092 0.7815199 0.6764599 0.820971 0.7110672 0.823657 0.7108092 0.7910855 0.6015133 0.7764552 0.6360475 0.7928124 0.6017554 0.7928124 0.6017554 0.7799324 0.6359167 0.7947124 0.6025982 0.7799324 0.6359167 0.7959756 0.6046422 0.7947124 0.6025982 0.7805933 0.6411743 0.7968076 0.6067019 0.7959756 0.6046422 0.7678491 0.6765833 0.7783276 0.6765833 0.820971 0.7110672 0.7897699 0.5676831 0.7852231 0.5941767 0.7530421 0.5939598 0.8556371 0.5061698 0.8548319 0.5062481 0.8554754 0.504134 0.8548319 0.5062481 0.8538612 0.5064697 0.8554754 0.504134 0.8538612 0.5064697 0.8525954 0.5068015 0.8554754 0.504134 0.8525954 0.5068015 0.8514626 0.5071927 0.8554754 0.504134 0.8119145 0.5061951 0.8118982 0.5062351 0.812659 0.5041342 0.8118982 0.5062351 0.8118449 0.5063672 0.812659 0.5041342 0.8118449 0.5063672 0.8117662 0.5065617 0.812659 0.5041342 0.8117662 0.5065617 0.8116716 0.5067954 0.812659 0.5041342 0.8149033 0.506292 0.8136383 0.5062125 0.8125602 0.5042179 0.8136383 0.5062125 0.812371 0.5059861 0.8125602 0.5042179 0.812371 0.5059861 0.8114373 0.5056474 0.8125602 0.5042179 0.8114373 0.5056474 0.81085 0.5052478 0.8125602 0.5042179 0.8537925 0.5062679 0.8538221 0.5062274 0.8554514 0.5042176 0.8538221 0.5062274 0.8539199 0.5060943 0.8554514 0.5042176 0.8539199 0.5060943 0.8540633 0.505899 0.8554514 0.5042176 0.8540633 0.505899 0.8542356 0.5056644 0.8554514 0.5042176 0.853846 0.5061948 0.8538165 0.5062351 0.8554754 0.5041339 0.8538165 0.5062351 0.8537191 0.5063678 0.8554754 0.5041339 0.8537191 0.5063678 0.8535756 0.5065633 0.8554754 0.5041339 0.8535756 0.5065633 0.853403 0.5067982 0.8554754 0.5041339 0.8101036 0.5061708 0.810868 0.506247 0.812659 0.5041342 0.810868 0.506247 0.8116361 0.5064635 0.812659 0.5041342 0.8116361 0.5064635 0.8121718 0.5067878 0.812659 0.5041342 0.8121718 0.5067878 0.8125027 0.50717 0.812659 0.5041342 0.8118851 0.5062679 0.8119013 0.5062279 0.8125602 0.5042179 0.8119013 0.5062279 0.8119549 0.5060956 0.8125602 0.5042179 0.8119549 0.5060956 0.8120334 0.5059015 0.8125602 0.5042179 0.8120334 0.5059015 0.8121277 0.5056683 0.8125602 0.5042179 0.8507468 0.5062918 0.8521027 0.5062125 0.8554514 0.5042177 0.8521027 0.5062125 0.8536294 0.505987 0.8554514 0.5042177 0.8536294 0.505987 0.8549506 0.5056492 0.8554514 0.5042177 0.8549506 0.5056492 0.8559949 0.505251 0.8554514 0.5042177 0.7894285 0.5588239 0.7899274 0.5588759 0.7900121 0.560317 0.7899274 0.5588759 0.790444 0.559033 0.7900121 0.560317 0.790444 0.559033 0.7910248 0.5592711 0.7900121 0.560317 0.7910248 0.5592711 0.7914699 0.5595542 0.7900121 0.560317 0.815336 0.558638 0.815188 0.5588394 0.8146232 0.5596086 0.815188 0.5588394 0.8147705 0.5594081 0.8146232 0.5596086 0.8147705 0.5594081 0.8141426 0.5602632 0.8146232 0.5596086 0.8141426 0.5602632 0.8134038 0.5612693 0.8146232 0.5596086 0.7906892 0.5586439 0.7907118 0.5585877 0.7900174 0.5602146 0.7907118 0.5585877 0.7907637 0.5584596 0.7900174 0.5602146 0.7907637 0.5584596 0.790841 0.5582689 0.7900174 0.5602146 0.790841 0.5582689 0.7909288 0.5580517 0.7900174 0.5602146 0.8135826 0.5585975 0.8143909 0.5585354 0.8141393 0.5603063 0.8143909 0.5585354 0.8153402 0.5583592 0.8141393 0.5603063 0.8153402 0.5583592 0.8164387 0.5580955 0.8141393 0.5603063 0.8164387 0.5580955 0.8173873 0.5577846 0.8141393 0.5603063 0.7906506 0.5587393 0.7906308 0.5587881 0.7899907 0.5603674 0.7906308 0.5587881 0.7905796 0.5589144 0.7899907 0.5603674 0.7905796 0.5589144 0.7905005 0.55911 0.7899907 0.5603674 0.7905005 0.55911 0.7904085 0.5593372 0.7899907 0.5603674 0.8191971 0.5607165 0.8174293 0.5599997 0.8146033 0.5596356 0.8174293 0.5599997 0.8153932 0.5595139 0.8146033 0.5596356 0.8153932 0.5595139 0.8134865 0.559333 0.8146033 0.5596356 0.8134865 0.559333 0.811958 0.5594847 0.8146033 0.5596356 0.7924612 0.5586686 0.7917239 0.5586076 0.7900004 0.5602566 0.7917239 0.5586076 0.7909762 0.5584332 0.7900004 0.5602566 0.7909762 0.5584332 0.7901799 0.5581715 0.7900004 0.5602566 0.7901799 0.5581715 0.789587 0.5578626 0.7900004 0.5602566 0.8153232 0.5586555 0.8153547 0.5586124 0.814116 0.5603381 0.8153547 0.5586124 0.8154409 0.5584951 0.814116 0.5603381 0.8154409 0.5584951 0.815576 0.5583112 0.814116 0.5603381 0.815576 0.5583112 0.8157341 0.5580958 0.814116 0.5603381 0.8538461 0.5061948 0.815188 0.5588394 0.815336 0.558638 0.8538165 0.5062351 0.8153285 0.5586481 0.815188 0.5588394 0.8153285 0.5586481 0.8548319 0.5062481 0.8174526 0.5599679 0.8174526 0.5599679 0.8556371 0.5061698 0.8192181 0.5606878 0.7894285 0.5588239 0.810868 0.506247 0.7899274 0.5588759 0.7899274 0.5588759 0.8118029 0.506471 0.7906211 0.5588121 0.7906211 0.5588121 0.8118982 0.5062351 0.7906144 0.5588285 0.7906144 0.5588285 0.8119145 0.5061951 0.790638 0.5587704 0.8149033 0.506292 0.7917507 0.5585424 0.8136383 0.5062125 0.8136383 0.5062125 0.7907987 0.5583732 0.8118754 0.506292 0.8118754 0.506292 0.7907118 0.5585877 0.8119013 0.5062279 0.8119013 0.5062279 0.7906892 0.5586439 0.8118851 0.506268 0.8507468 0.5062918 0.8143909 0.5585354 0.8135826 0.5585975 0.8521027 0.5062126 0.8155409 0.558359 0.8143909 0.5585354 0.8537749 0.5062918 0.8153911 0.5585629 0.8155409 0.558359 0.8538221 0.5062274 0.8153586 0.5586072 0.8153911 0.5585629 0.853846 0.5061948 0.8151606 0.5588768 0.8538165 0.5062351 0.8538165 0.5062351 0.8153021 0.5586841 0.853644 0.5064701 0.8153021 0.5586841 0.8548318 0.5062479 0.853644 0.5064701 0.8174293 0.5599997 0.8556372 0.5061698 0.8548318 0.5062479 0.8119145 0.5061952 0.7906308 0.5587881 0.7906506 0.5587393 0.8118984 0.5062352 0.7906436 0.5587564 0.7906308 0.5587881 0.8118029 0.506471 0.7899489 0.5588231 0.7906436 0.5587564 0.810868 0.506247 0.7894502 0.5587698 0.7899489 0.5588231 0.8149033 0.506292 0.7917239 0.5586076 0.7924612 0.5586686 0.8136384 0.5062125 0.7907743 0.5584334 0.7917239 0.5586076 0.8118754 0.506292 0.7906906 0.5586404 0.7907743 0.5584334 0.8119013 0.5062279 0.7906715 0.5586873 0.7906906 0.5586404 0.8507468 0.5062918 0.8143537 0.5585873 0.8521027 0.5062125 0.8521027 0.5062125 0.8155036 0.5584098 0.8537749 0.5062918 0.8537749 0.5062918 0.8153547 0.5586124 0.8538222 0.5062274 0.8538222 0.5062274 0.8153232 0.5586555 0.8537924 0.5062679 0.8538461 0.5061948 0.8537924 0.5062679 0.8555446 0.5041023 0.96875 0.5 0.96875 0.794513 1 0.794513 0.9375 0.5 0.9375 0.794513 0.96875 0.794513 0.90625 0.5 0.90625 0.794513 0.9375 0.794513 0.875 0.5 0.875 0.794513 0.90625 0.794513 0.84375 0.5 0.84375 0.794513 0.875 0.794513 0.8125 0.5 0.8125 0.794513 0.84375 0.794513 0.78125 0.5 0.78125 0.794513 0.8125 0.794513 0.75 0.5 0.75 0.794513 0.78125 0.794513 0.71875 0.5 0.71875 0.794513 0.75 0.794513 0.6875 0.5 0.6875 0.794513 0.71875 0.794513 0.65625 0.5 0.65625 0.794513 0.6875 0.794513 0.625 0.5 0.625 0.794513 0.65625 0.794513 0.59375 0.5 0.59375 0.794513 0.625 0.794513 0.5625 0.5 0.5625 0.794513 0.59375 0.794513 0.53125 0.5 0.53125 0.794513 0.5625 0.794513 0.5 0.5 0.5 0.794513 0.53125 0.794513 0.46875 0.5 0.46875 0.794513 0.5 0.794513 0.4375 0.5 0.4375 0.794513 0.46875 0.794513 0.40625 0.5 0.40625 0.794513 0.4375 0.794513 0.375 0.5 0.375 0.794513 0.40625 0.794513 0.34375 0.5 0.34375 0.794513 0.375 0.794513 0.3125 0.5 0.3125 0.794513 0.34375 0.794513 0.28125 0.5 0.28125 0.794513 0.3125 0.794513 0.25 0.5 0.25 0.794513 0.28125 0.794513 0.21875 0.5 0.21875 0.794513 0.25 0.794513 0.1875 0.5 0.1875 0.794513 0.21875 0.794513 0.15625 0.5 0.15625 0.794513 0.1875 0.794513 0.125 0.5 0.125 0.794513 0.15625 0.794513 0.09375 0.5 0.09375 0.794513 0.125 0.794513 0.0625 0.5 0.0625 0.794513 0.09375 0.794513 0.03125 0.5 0.03125 0.794513 0.0625 0.794513 0 0.5 0 0.794513 0.03125 0.794513 0.7968217 0.4853885 0.75 0.49 0.7031787 0.4853885 0.7031787 0.4853885 0.6581563 0.4717312 0.6166634 0.4495529 0.6166634 0.4495529 0.5802946 0.4197058 0.5504475 0.3833371 0.5504475 0.3833371 0.5282691 0.3418443 0.5146116 0.2968219 0.5146116 0.2968219 0.51 0.2500002 0.5504472 0.1166633 0.51 0.2500002 0.5146115 0.2031785 0.5504472 0.1166633 0.5146115 0.2031785 0.5282688 0.1581561 0.5504472 0.1166633 0.5504472 0.1166633 0.5802943 0.08029443 0.616663 0.05044734 0.616663 0.05044734 0.6581559 0.02826893 0.5504472 0.1166633 0.6581559 0.02826893 0.7031782 0.01461154 0.5504472 0.1166633 0.7031782 0.01461154 0.75 0.00999999 0.8833369 0.05044728 0.75 0.00999999 0.7968216 0.01461148 0.8833369 0.05044728 0.7968216 0.01461148 0.841844 0.02826887 0.8833369 0.05044728 0.8833369 0.05044728 0.9197056 0.08029437 0.9495527 0.1166631 0.9495527 0.1166631 0.9717311 0.158156 0.9853885 0.2031783 0.9853885 0.2031783 0.99 0.25 0.9495527 0.3833369 0.99 0.25 0.9853885 0.2968217 0.9495527 0.3833369 0.9853885 0.2968217 0.9717311 0.341844 0.9495527 0.3833369 0.9495527 0.3833369 0.9197056 0.4197056 0.8833369 0.4495527 0.8833369 0.4495527 0.841844 0.4717311 0.7968217 0.4853885 0.7968217 0.4853885 0.7031787 0.4853885 0.5146116 0.2968219 0.7031787 0.4853885 0.6166634 0.4495529 0.5146116 0.2968219 0.6166634 0.4495529 0.5504475 0.3833371 0.5146116 0.2968219 0.8833369 0.05044728 0.9495527 0.1166631 0.7031782 0.01461154 0.9495527 0.1166631 0.9853885 0.2031783 0.7031782 0.01461154 0.9495527 0.3833369 0.8833369 0.4495527 0.9853885 0.2031783 0.8833369 0.4495527 0.7968217 0.4853885 0.9853885 0.2031783 0.5146116 0.2968219 0.5504472 0.1166633 0.7031782 0.01461154 0.7968217 0.4853885 0.5146116 0.2968219 0.9853885 0.2031783 0.96875 0.5 0.96875 0.7945142 1 0.7945143 0.9375 0.5 0.9375 0.7945142 0.96875 0.7945142 0.90625 0.5 0.90625 0.7945142 0.9375 0.7945142 0.875 0.5 0.875 0.7945142 0.90625 0.7945142 0.84375 0.5 0.84375 0.7945142 0.875 0.7945142 0.8125 0.5 0.8125 0.7945142 0.84375 0.7945142 0.78125 0.5 0.78125 0.7945142 0.8125 0.7945142 0.75 0.5 0.75 0.7945142 0.78125 0.7945142 0.71875 0.5 0.71875 0.7945142 0.75 0.7945142 0.6875 0.5 0.6875 0.7945142 0.71875 0.7945142 0.65625 0.5 0.65625 0.7945142 0.6875 0.7945142 0.625 0.5 0.625 0.7945142 0.65625 0.7945142 0.59375 0.5 0.59375 0.7945142 0.625 0.7945142 0.5625 0.5 0.5625 0.7945142 0.59375 0.7945142 0.53125 0.5 0.53125 0.7945142 0.5625 0.7945142 0.5 0.5 0.5 0.7945142 0.53125 0.7945142 0.46875 0.5 0.46875 0.7945142 0.5 0.7945142 0.4375 0.5 0.4375 0.7945142 0.46875 0.7945142 0.40625 0.5 0.40625 0.7945142 0.4375 0.7945142 0.375 0.5 0.375 0.7945142 0.40625 0.7945142 0.34375 0.5 0.34375 0.7945142 0.375 0.7945142 0.3125 0.5 0.3125 0.7945142 0.34375 0.7945142 0.28125 0.5 0.28125 0.7945142 0.3125 0.7945142 0.25 0.5 0.25 0.7945142 0.28125 0.7945142 0.21875 0.5 0.21875 0.7945142 0.25 0.7945142 0.1875 0.5 0.1875 0.7945142 0.21875 0.7945142 0.15625 0.5 0.15625 0.7945142 0.1875 0.7945142 0.125 0.5 0.125 0.7945142 0.15625 0.7945142 0.09375 0.5 0.09375 0.7945142 0.125 0.7945142 0.0625 0.5 0.0625 0.7945142 0.09375 0.7945142 0.03125 0.5 0.03125 0.7945142 0.0625 0.7945142 0 0.5 0 0.7945143 0.03125 0.7945142 0.7968217 0.4853885 0.75 0.49 0.7031787 0.4853885 0.7031787 0.4853885 0.6581563 0.4717312 0.6166634 0.4495529 0.6166634 0.4495529 0.5802946 0.4197058 0.5504475 0.3833371 0.5504475 0.3833371 0.5282691 0.3418443 0.6166634 0.4495529 0.5282691 0.3418443 0.5146116 0.2968219 0.6166634 0.4495529 0.5146116 0.2968219 0.51 0.2500002 0.5146115 0.2031785 0.5146115 0.2031785 0.5282688 0.1581561 0.5146116 0.2968219 0.5282688 0.1581561 0.5504472 0.1166633 0.5146116 0.2968219 0.5504472 0.1166633 0.5802943 0.08029443 0.7031782 0.01461154 0.5802943 0.08029443 0.616663 0.05044734 0.7031782 0.01461154 0.616663 0.05044734 0.6581559 0.02826893 0.7031782 0.01461154 0.7031782 0.01461154 0.75 0.00999999 0.8833369 0.05044728 0.75 0.00999999 0.7968216 0.01461148 0.8833369 0.05044728 0.7968216 0.01461148 0.841844 0.02826887 0.8833369 0.05044728 0.8833369 0.05044728 0.9197056 0.08029437 0.9853885 0.2031783 0.9197056 0.08029437 0.9495527 0.1166631 0.9853885 0.2031783 0.9495527 0.1166631 0.9717311 0.158156 0.9853885 0.2031783 0.9853885 0.2031783 0.99 0.25 0.9853885 0.2968217 0.9853885 0.2968217 0.9717311 0.341844 0.9495527 0.3833369 0.9495527 0.3833369 0.9197056 0.4197056 0.8833369 0.4495527 0.8833369 0.4495527 0.841844 0.4717311 0.7968217 0.4853885 0.7968217 0.4853885 0.7031787 0.4853885 0.5146116 0.2968219 0.7031787 0.4853885 0.6166634 0.4495529 0.5146116 0.2968219 0.9853885 0.2031783 0.9853885 0.2968217 0.9495527 0.3833369 0.9495527 0.3833369 0.8833369 0.4495527 0.9853885 0.2031783 0.8833369 0.4495527 0.7968217 0.4853885 0.9853885 0.2031783 0.5146116 0.2968219 0.5504472 0.1166633 0.7031782 0.01461154 0.7031782 0.01461154 0.8833369 0.05044728 0.7968217 0.4853885 0.8833369 0.05044728 0.9853885 0.2031783 0.7968217 0.4853885 0.96875 0.5 0.96875 0.7945142 1 0.7945143 0.9375 0.5 0.9375 0.7945142 0.96875 0.7945142 0.90625 0.5 0.90625 0.7945142 0.9375 0.7945142 0.875 0.5 0.875 0.7945142 0.90625 0.7945142 0.84375 0.5 0.84375 0.7945142 0.875 0.7945142 0.8125 0.5 0.8125 0.7945142 0.84375 0.7945142 0.78125 0.5 0.78125 0.7945142 0.8125 0.7945142 0.75 0.5 0.75 0.7945142 0.78125 0.7945142 0.71875 0.5 0.71875 0.7945142 0.75 0.7945142 0.6875 0.5 0.6875 0.7945142 0.71875 0.7945142 0.65625 0.5 0.65625 0.7945142 0.6875 0.7945142 0.625 0.5 0.625 0.7945142 0.65625 0.7945142 0.59375 0.5 0.59375 0.7945142 0.625 0.7945142 0.5625 0.5 0.5625 0.7945142 0.59375 0.7945142 0.53125 0.5 0.53125 0.7945142 0.5625 0.7945142 0.5 0.5 0.5 0.7945142 0.53125 0.7945142 0.46875 0.5 0.46875 0.7945142 0.5 0.7945142 0.4375 0.5 0.4375 0.7945142 0.46875 0.7945142 0.40625 0.5 0.40625 0.7945142 0.4375 0.7945142 0.375 0.5 0.375 0.7945142 0.40625 0.7945142 0.34375 0.5 0.34375 0.7945142 0.375 0.7945142 0.3125 0.5 0.3125 0.7945142 0.34375 0.7945142 0.28125 0.5 0.28125 0.7945142 0.3125 0.7945142 0.25 0.5 0.25 0.7945142 0.28125 0.7945142 0.21875 0.5 0.21875 0.7945142 0.25 0.7945142 0.1875 0.5 0.1875 0.7945142 0.21875 0.7945142 0.15625 0.5 0.15625 0.7945142 0.1875 0.7945142 0.125 0.5 0.125 0.7945142 0.15625 0.7945142 0.09375 0.5 0.09375 0.7945142 0.125 0.7945142 0.0625 0.5 0.0625 0.7945142 0.09375 0.7945142 0.03125 0.5 0.03125 0.7945142 0.0625 0.7945142 0 0.5 0 0.7945143 0.03125 0.7945142 0.7968217 0.4853885 0.75 0.49 0.7031787 0.4853885 0.7031787 0.4853885 0.6581563 0.4717312 0.6166634 0.4495529 0.6166634 0.4495529 0.5802946 0.4197058 0.5504475 0.3833371 0.5504475 0.3833371 0.5282691 0.3418443 0.5146116 0.2968219 0.5146116 0.2968219 0.51 0.2500002 0.5504472 0.1166633 0.51 0.2500002 0.5146115 0.2031785 0.5504472 0.1166633 0.5146115 0.2031785 0.5282688 0.1581561 0.5504472 0.1166633 0.5504472 0.1166633 0.5802943 0.08029443 0.616663 0.05044734 0.616663 0.05044734 0.6581559 0.02826893 0.7031782 0.01461154 0.7031782 0.01461154 0.75 0.00999999 0.7968216 0.01461148 0.7968216 0.01461148 0.841844 0.02826887 0.8833369 0.05044728 0.8833369 0.05044728 0.9197056 0.08029437 0.9853885 0.2031783 0.9197056 0.08029437 0.9495527 0.1166631 0.9853885 0.2031783 0.9495527 0.1166631 0.9717311 0.158156 0.9853885 0.2031783 0.9853885 0.2031783 0.99 0.25 0.9853885 0.2968217 0.9853885 0.2968217 0.9717311 0.341844 0.9495527 0.3833369 0.9495527 0.3833369 0.9197056 0.4197056 0.8833369 0.4495527 0.8833369 0.4495527 0.841844 0.4717311 0.7968217 0.4853885 0.7968217 0.4853885 0.7031787 0.4853885 0.5146116 0.2968219 0.7031787 0.4853885 0.6166634 0.4495529 0.5146116 0.2968219 0.6166634 0.4495529 0.5504475 0.3833371 0.5146116 0.2968219 0.5504472 0.1166633 0.616663 0.05044734 0.5146116 0.2968219 0.616663 0.05044734 0.7031782 0.01461154 0.5146116 0.2968219 0.7031782 0.01461154 0.7968216 0.01461148 0.9853885 0.2031783 0.7968216 0.01461148 0.8833369 0.05044728 0.9853885 0.2031783 0.9853885 0.2031783 0.9853885 0.2968217 0.9495527 0.3833369 0.9495527 0.3833369 0.8833369 0.4495527 0.9853885 0.2031783 0.8833369 0.4495527 0.7968217 0.4853885 0.9853885 0.2031783 0.7968217 0.4853885 0.5146116 0.2968219 0.7031782 0.01461154 0.96875 0.5 0.96875 0.794513 1 0.794513 0.9375 0.5 0.9375 0.794513 0.96875 0.794513 0.90625 0.5 0.90625 0.794513 0.9375 0.794513 0.875 0.5 0.875 0.794513 0.90625 0.794513 0.84375 0.5 0.84375 0.794513 0.875 0.794513 0.8125 0.5 0.8125 0.794513 0.84375 0.794513 0.78125 0.5 0.78125 0.794513 0.8125 0.794513 0.75 0.5 0.75 0.794513 0.78125 0.794513 0.71875 0.5 0.71875 0.794513 0.75 0.794513 0.6875 0.5 0.6875 0.794513 0.71875 0.794513 0.65625 0.5 0.65625 0.794513 0.6875 0.794513 0.625 0.5 0.625 0.794513 0.65625 0.794513 0.59375 0.5 0.59375 0.794513 0.625 0.794513 0.5625 0.5 0.5625 0.794513 0.59375 0.794513 0.53125 0.5 0.53125 0.794513 0.5625 0.794513 0.5 0.5 0.5 0.794513 0.53125 0.794513 0.46875 0.5 0.46875 0.794513 0.5 0.794513 0.4375 0.5 0.4375 0.794513 0.46875 0.794513 0.40625 0.5 0.40625 0.794513 0.4375 0.794513 0.375 0.5 0.375 0.794513 0.40625 0.794513 0.34375 0.5 0.34375 0.794513 0.375 0.794513 0.3125 0.5 0.3125 0.794513 0.34375 0.794513 0.28125 0.5 0.28125 0.794513 0.3125 0.794513 0.25 0.5 0.25 0.794513 0.28125 0.794513 0.21875 0.5 0.21875 0.794513 0.25 0.794513 0.1875 0.5 0.1875 0.794513 0.21875 0.794513 0.15625 0.5 0.15625 0.794513 0.1875 0.794513 0.125 0.5 0.125 0.794513 0.15625 0.794513 0.09375 0.5 0.09375 0.794513 0.125 0.794513 0.0625 0.5 0.0625 0.794513 0.09375 0.794513 0.03125 0.5 0.03125 0.794513 0.0625 0.794513 0 0.5 0 0.794513 0.03125 0.794513 0.7968217 0.4853885 0.75 0.49 0.6166634 0.4495529 0.75 0.49 0.7031787 0.4853885 0.6166634 0.4495529 0.7031787 0.4853885 0.6581563 0.4717312 0.6166634 0.4495529 0.6166634 0.4495529 0.5802946 0.4197058 0.5504475 0.3833371 0.5504475 0.3833371 0.5282691 0.3418443 0.6166634 0.4495529 0.5282691 0.3418443 0.5146116 0.2968219 0.6166634 0.4495529 0.5146116 0.2968219 0.51 0.2500002 0.5146115 0.2031785 0.5146115 0.2031785 0.5282688 0.1581561 0.5146116 0.2968219 0.5282688 0.1581561 0.5504472 0.1166633 0.5146116 0.2968219 0.5504472 0.1166633 0.5802943 0.08029443 0.616663 0.05044734 0.616663 0.05044734 0.6581559 0.02826893 0.5504472 0.1166633 0.6581559 0.02826893 0.7031782 0.01461154 0.5504472 0.1166633 0.7031782 0.01461154 0.75 0.00999999 0.8833369 0.05044728 0.75 0.00999999 0.7968216 0.01461148 0.8833369 0.05044728 0.7968216 0.01461148 0.841844 0.02826887 0.8833369 0.05044728 0.8833369 0.05044728 0.9197056 0.08029437 0.9853885 0.2031783 0.9197056 0.08029437 0.9495527 0.1166631 0.9853885 0.2031783 0.9495527 0.1166631 0.9717311 0.158156 0.9853885 0.2031783 0.9853885 0.2031783 0.99 0.25 0.9853885 0.2968217 0.9853885 0.2968217 0.9717311 0.341844 0.9495527 0.3833369 0.9495527 0.3833369 0.9197056 0.4197056 0.8833369 0.4495527 0.8833369 0.4495527 0.841844 0.4717311 0.9495527 0.3833369 0.841844 0.4717311 0.7968217 0.4853885 0.9495527 0.3833369 0.9853885 0.2031783 0.9853885 0.2968217 0.9495527 0.3833369 0.7968217 0.4853885 0.6166634 0.4495529 0.5146116 0.2968219 0.5146116 0.2968219 0.5504472 0.1166633 0.7031782 0.01461154 0.7031782 0.01461154 0.8833369 0.05044728 0.9853885 0.2031783 0.9853885 0.2031783 0.9495527 0.3833369 0.7968217 0.4853885 0.7968217 0.4853885 0.5146116 0.2968219 0.9853885 0.2031783 0.96875 0.5 0.96875 0.7945151 1 0.7945151 0.9375 0.5 0.9375 0.7945151 0.96875 0.7945151 0.90625 0.5 0.90625 0.7945151 0.9375 0.7945151 0.875 0.5 0.875 0.7945151 0.90625 0.7945151 0.84375 0.5 0.84375 0.7945151 0.875 0.7945151 0.8125 0.5 0.8125 0.7945151 0.84375 0.7945151 0.78125 0.5 0.78125 0.7945151 0.8125 0.7945151 0.75 0.5 0.75 0.7945151 0.78125 0.7945151 0.71875 0.5 0.71875 0.7945151 0.75 0.7945151 0.6875 0.5 0.6875 0.7945151 0.71875 0.7945151 0.65625 0.5 0.65625 0.7945151 0.6875 0.7945151 0.625 0.5 0.625 0.7945151 0.65625 0.7945151 0.59375 0.5 0.59375 0.7945151 0.625 0.7945151 0.5625 0.5 0.5625 0.7945151 0.59375 0.7945151 0.53125 0.5 0.53125 0.7945151 0.5625 0.7945151 0.5 0.5 0.5 0.7945151 0.53125 0.7945151 0.46875 0.5 0.46875 0.7945151 0.5 0.7945151 0.4375 0.5 0.4375 0.7945151 0.46875 0.7945151 0.40625 0.5 0.40625 0.7945151 0.4375 0.7945151 0.375 0.5 0.375 0.7945151 0.40625 0.7945151 0.34375 0.5 0.34375 0.7945151 0.375 0.7945151 0.3125 0.5 0.3125 0.7945151 0.34375 0.7945151 0.28125 0.5 0.28125 0.7945151 0.3125 0.7945151 0.25 0.5 0.25 0.7945151 0.28125 0.7945151 0.21875 0.5 0.21875 0.7945151 0.25 0.7945151 0.1875 0.5 0.1875 0.7945151 0.21875 0.7945151 0.15625 0.5 0.15625 0.7945151 0.1875 0.7945151 0.125 0.5 0.125 0.7945151 0.15625 0.7945151 0.09375 0.5 0.09375 0.7945151 0.125 0.7945151 0.0625 0.5 0.0625 0.7945151 0.09375 0.7945151 0.03125 0.5 0.03125 0.7945151 0.0625 0.7945151 0 0.5 0 0.7945151 0.03125 0.7945151 0.7968217 0.4853885 0.75 0.49 0.6166634 0.4495529 0.75 0.49 0.7031787 0.4853885 0.6166634 0.4495529 0.7031787 0.4853885 0.6581563 0.4717312 0.6166634 0.4495529 0.6166634 0.4495529 0.5802946 0.4197058 0.5146116 0.2968219 0.5802946 0.4197058 0.5504475 0.3833371 0.5146116 0.2968219 0.5504475 0.3833371 0.5282691 0.3418443 0.5146116 0.2968219 0.5146116 0.2968219 0.51 0.2500002 0.5146115 0.2031785 0.5146115 0.2031785 0.5282688 0.1581561 0.5504472 0.1166633 0.5504472 0.1166633 0.5802943 0.08029443 0.616663 0.05044734 0.616663 0.05044734 0.6581559 0.02826893 0.7031782 0.01461154 0.7031782 0.01461154 0.75 0.00999999 0.7968216 0.01461148 0.7968216 0.01461148 0.841844 0.02826887 0.7031782 0.01461154 0.841844 0.02826887 0.8833369 0.05044728 0.7031782 0.01461154 0.8833369 0.05044728 0.9197056 0.08029437 0.9495527 0.1166631 0.9495527 0.1166631 0.9717311 0.158156 0.9853885 0.2031783 0.9853885 0.2031783 0.99 0.25 0.9853885 0.2968217 0.9853885 0.2968217 0.9717311 0.341844 0.9853885 0.2031783 0.9717311 0.341844 0.9495527 0.3833369 0.9853885 0.2031783 0.9495527 0.3833369 0.9197056 0.4197056 0.8833369 0.4495527 0.8833369 0.4495527 0.841844 0.4717311 0.7968217 0.4853885 0.5146116 0.2968219 0.5146115 0.2031785 0.5504472 0.1166633 0.5504472 0.1166633 0.616663 0.05044734 0.5146116 0.2968219 0.616663 0.05044734 0.7031782 0.01461154 0.5146116 0.2968219 0.8833369 0.05044728 0.9495527 0.1166631 0.9853885 0.2031783 0.9495527 0.3833369 0.8833369 0.4495527 0.9853885 0.2031783 0.8833369 0.4495527 0.7968217 0.4853885 0.9853885 0.2031783 0.7968217 0.4853885 0.6166634 0.4495529 0.5146116 0.2968219 0.7031782 0.01461154 0.8833369 0.05044728 0.9853885 0.2031783 0.7968217 0.4853885 0.5146116 0.2968219 0.9853885 0.2031783 0.96875 0.5 0.96875 0.7945151 1 0.7945151 0.9375 0.5 0.9375 0.7945151 0.96875 0.7945151 0.90625 0.5 0.90625 0.7945151 0.9375 0.7945151 0.875 0.5 0.875 0.7945151 0.90625 0.7945151 0.84375 0.5 0.84375 0.7945151 0.875 0.7945151 0.8125 0.5 0.8125 0.7945151 0.84375 0.7945151 0.78125 0.5 0.78125 0.7945151 0.8125 0.7945151 0.75 0.5 0.75 0.7945151 0.78125 0.7945151 0.71875 0.5 0.71875 0.7945151 0.75 0.7945151 0.6875 0.5 0.6875 0.7945151 0.71875 0.7945151 0.65625 0.5 0.65625 0.7945151 0.6875 0.7945151 0.625 0.5 0.625 0.7945151 0.65625 0.7945151 0.59375 0.5 0.59375 0.7945151 0.625 0.7945151 0.5625 0.5 0.5625 0.7945151 0.59375 0.7945151 0.53125 0.5 0.53125 0.7945151 0.5625 0.7945151 0.5 0.5 0.5 0.7945151 0.53125 0.7945151 0.46875 0.5 0.46875 0.7945151 0.5 0.7945151 0.4375 0.5 0.4375 0.7945151 0.46875 0.7945151 0.40625 0.5 0.40625 0.7945151 0.4375 0.7945151 0.375 0.5 0.375 0.7945151 0.40625 0.7945151 0.34375 0.5 0.34375 0.7945151 0.375 0.7945151 0.3125 0.5 0.3125 0.7945151 0.34375 0.7945151 0.28125 0.5 0.28125 0.7945151 0.3125 0.7945151 0.25 0.5 0.25 0.7945151 0.28125 0.7945151 0.21875 0.5 0.21875 0.7945151 0.25 0.7945151 0.1875 0.5 0.1875 0.7945151 0.21875 0.7945151 0.15625 0.5 0.15625 0.7945151 0.1875 0.7945151 0.125 0.5 0.125 0.7945151 0.15625 0.7945151 0.09375 0.5 0.09375 0.7945151 0.125 0.7945151 0.0625 0.5 0.0625 0.7945151 0.09375 0.7945151 0.03125 0.5 0.03125 0.7945151 0.0625 0.7945151 0 0.5 0 0.7945151 0.03125 0.7945151 0.7968217 0.4853885 0.75 0.49 0.7031787 0.4853885 0.7031787 0.4853885 0.6581563 0.4717312 0.6166634 0.4495529 0.6166634 0.4495529 0.5802946 0.4197058 0.5146116 0.2968219 0.5802946 0.4197058 0.5504475 0.3833371 0.5146116 0.2968219 0.5504475 0.3833371 0.5282691 0.3418443 0.5146116 0.2968219 0.5146116 0.2968219 0.51 0.2500002 0.5146115 0.2031785 0.5146115 0.2031785 0.5282688 0.1581561 0.5146116 0.2968219 0.5282688 0.1581561 0.5504472 0.1166633 0.5146116 0.2968219 0.5504472 0.1166633 0.5802943 0.08029443 0.616663 0.05044734 0.616663 0.05044734 0.6581559 0.02826893 0.5504472 0.1166633 0.6581559 0.02826893 0.7031782 0.01461154 0.5504472 0.1166633 0.7031782 0.01461154 0.75 0.00999999 0.8833369 0.05044728 0.75 0.00999999 0.7968216 0.01461148 0.8833369 0.05044728 0.7968216 0.01461148 0.841844 0.02826887 0.8833369 0.05044728 0.8833369 0.05044728 0.9197056 0.08029437 0.9853885 0.2031783 0.9197056 0.08029437 0.9495527 0.1166631 0.9853885 0.2031783 0.9495527 0.1166631 0.9717311 0.158156 0.9853885 0.2031783 0.9853885 0.2031783 0.99 0.25 0.9495527 0.3833369 0.99 0.25 0.9853885 0.2968217 0.9495527 0.3833369 0.9853885 0.2968217 0.9717311 0.341844 0.9495527 0.3833369 0.9495527 0.3833369 0.9197056 0.4197056 0.8833369 0.4495527 0.8833369 0.4495527 0.841844 0.4717311 0.7968217 0.4853885 0.7968217 0.4853885 0.7031787 0.4853885 0.5146116 0.2968219 0.7031787 0.4853885 0.6166634 0.4495529 0.5146116 0.2968219 0.9495527 0.3833369 0.8833369 0.4495527 0.9853885 0.2031783 0.8833369 0.4495527 0.7968217 0.4853885 0.9853885 0.2031783 0.5146116 0.2968219 0.5504472 0.1166633 0.7031782 0.01461154 0.7031782 0.01461154 0.8833369 0.05044728 0.9853885 0.2031783 0.7968217 0.4853885 0.5146116 0.2968219 0.9853885 0.2031783 0.96875 0.5 0.96875 0.7945151 1 0.7945151 0.9375 0.5 0.9375 0.7945151 0.96875 0.7945151 0.90625 0.5 0.90625 0.7945151 0.9375 0.7945151 0.875 0.5 0.875 0.7945151 0.90625 0.7945151 0.84375 0.5 0.84375 0.7945151 0.875 0.7945151 0.8125 0.5 0.8125 0.7945151 0.84375 0.7945151 0.78125 0.5 0.78125 0.7945151 0.8125 0.7945151 0.75 0.5 0.75 0.7945151 0.78125 0.7945151 0.71875 0.5 0.71875 0.7945151 0.75 0.7945151 0.6875 0.5 0.6875 0.7945151 0.71875 0.7945151 0.65625 0.5 0.65625 0.7945151 0.6875 0.7945151 0.625 0.5 0.625 0.7945151 0.65625 0.7945151 0.59375 0.5 0.59375 0.7945151 0.625 0.7945151 0.5625 0.5 0.5625 0.7945151 0.59375 0.7945151 0.53125 0.5 0.53125 0.7945151 0.5625 0.7945151 0.5 0.5 0.5 0.7945151 0.53125 0.7945151 0.46875 0.5 0.46875 0.7945151 0.5 0.7945151 0.4375 0.5 0.4375 0.7945151 0.46875 0.7945151 0.40625 0.5 0.40625 0.7945151 0.4375 0.7945151 0.375 0.5 0.375 0.7945151 0.40625 0.7945151 0.34375 0.5 0.34375 0.7945151 0.375 0.7945151 0.3125 0.5 0.3125 0.7945151 0.34375 0.7945151 0.28125 0.5 0.28125 0.7945151 0.3125 0.7945151 0.25 0.5 0.25 0.7945151 0.28125 0.7945151 0.21875 0.5 0.21875 0.7945151 0.25 0.7945151 0.1875 0.5 0.1875 0.7945151 0.21875 0.7945151 0.15625 0.5 0.15625 0.7945151 0.1875 0.7945151 0.125 0.5 0.125 0.7945151 0.15625 0.7945151 0.09375 0.5 0.09375 0.7945151 0.125 0.7945151 0.0625 0.5 0.0625 0.7945151 0.09375 0.7945151 0.03125 0.5 0.03125 0.7945151 0.0625 0.7945151 0 0.5 0 0.7945151 0.03125 0.7945151 0.7968217 0.4853885 0.75 0.49 0.7031787 0.4853885 0.7031787 0.4853885 0.6581563 0.4717312 0.6166634 0.4495529 0.6166634 0.4495529 0.5802946 0.4197058 0.5504475 0.3833371 0.5504475 0.3833371 0.5282691 0.3418443 0.6166634 0.4495529 0.5282691 0.3418443 0.5146116 0.2968219 0.6166634 0.4495529 0.5146116 0.2968219 0.51 0.2500002 0.5146115 0.2031785 0.5146115 0.2031785 0.5282688 0.1581561 0.5504472 0.1166633 0.5504472 0.1166633 0.5802943 0.08029443 0.616663 0.05044734 0.616663 0.05044734 0.6581559 0.02826893 0.5504472 0.1166633 0.6581559 0.02826893 0.7031782 0.01461154 0.5504472 0.1166633 0.7031782 0.01461154 0.75 0.00999999 0.8833369 0.05044728 0.75 0.00999999 0.7968216 0.01461148 0.8833369 0.05044728 0.7968216 0.01461148 0.841844 0.02826887 0.8833369 0.05044728 0.8833369 0.05044728 0.9197056 0.08029437 0.9495527 0.1166631 0.9495527 0.1166631 0.9717311 0.158156 0.9853885 0.2031783 0.9853885 0.2031783 0.99 0.25 0.9853885 0.2968217 0.9853885 0.2968217 0.9717311 0.341844 0.9495527 0.3833369 0.9495527 0.3833369 0.9197056 0.4197056 0.7968217 0.4853885 0.9197056 0.4197056 0.8833369 0.4495527 0.7968217 0.4853885 0.8833369 0.4495527 0.841844 0.4717311 0.7968217 0.4853885 0.7968217 0.4853885 0.7031787 0.4853885 0.5146116 0.2968219 0.7031787 0.4853885 0.6166634 0.4495529 0.5146116 0.2968219 0.5146116 0.2968219 0.5146115 0.2031785 0.5504472 0.1166633 0.8833369 0.05044728 0.9495527 0.1166631 0.7031782 0.01461154 0.9495527 0.1166631 0.9853885 0.2031783 0.7031782 0.01461154 0.9853885 0.2031783 0.9853885 0.2968217 0.7968217 0.4853885 0.9853885 0.2968217 0.9495527 0.3833369 0.7968217 0.4853885 0.5146116 0.2968219 0.5504472 0.1166633 0.7968217 0.4853885 0.5504472 0.1166633 0.7031782 0.01461154 0.7968217 0.4853885 0.875 0.75 0.875 0.75 0.8749999 0.5625 0.875 0.5 0.875 0.5625 0.875 0.5625 0.7604832 0.7395168 0.8645168 0.7395168 0.8645168 0.5729832 0.875 0.75 0.75 0.75 0.75 0.75 0.811058 0.5000001 0.7499425 0.5 0.7500002 0.5 0.875 0.5 0.875 0.5 0.8605011 0.5000001 0.875 0.5 0.8605011 0.5000001 0.8547689 0.5 0.8165441 0.5 0.811058 0.5000001 0.7500002 0.5 0.875 0.5 0.8547689 0.5 0.8165441 0.5 0.875 0.5 0.875 0.5 0.7500001 0.5 0.875 0.5625 0.8750001 0.7500001 0.875 0.75 0.764625 0.5676466 0.7524147 0.5939948 0.7530421 0.5939599 0.7524147 0.5939948 0.7525408 0.5969116 0.7530421 0.5939599 0.7530421 0.5939599 0.7852231 0.5941767 0.816411 0.5676831 0.8260169 0.7054569 0.7843307 0.6669386 0.7828153 0.65625 0.7828153 0.65625 0.7812501 0.6452106 0.7968077 0.6067019 0.7910855 0.6015133 0.7737416 0.6359167 0.7854194 0.6016595 0.7737416 0.6359167 0.7649663 0.6359167 0.7854194 0.6016595 0.7649663 0.6359167 0.75 0.6359167 0.75 0.6020814 0.7499798 0.6021041 0.7854194 0.6016595 0.7649663 0.6359167 0.8034422 0.5829187 0.8125 0.5625 0.810562 0.5668688 0.7604833 0.5520168 0.8645168 0.5520168 0.8645168 0.5104833 0.7678491 0.6765833 0.7783276 0.6765833 0.7813387 0.6742659 0.8556372 0.5061698 0.8191971 0.5607165 0.8690223 0.5061615 0.8191971 0.5607165 0.822615 0.5625 0.8583305 0.5625 0.7986023 0.5938578 0.810562 0.5668687 0.8696631 0.7456125 0.7500001 0.6708708 0.7500001 0.6584447 0.7540914 0.6634671 0.7500001 0.6584447 0.7539339 0.6629915 0.7540914 0.6634671 0.7749516 0.6708708 0.7624759 0.6708708 0.762071 0.6655652 0.7624759 0.6708708 0.7500001 0.6708708 0.7566444 0.6650847 0.7749516 0.6708708 0.762071 0.6655652 0.7629285 0.6653261 0.7639767 0.6626933 0.7741422 0.6635604 0.7641911 0.6633234 0.7741422 0.6635604 0.7749516 0.6708708 0.7642113 0.663935 0.7641911 0.6633234 0.7741422 0.6635604 0.7642113 0.663935 0.7500001 0.6708708 0.7540914 0.6634671 0.7544483 0.6639252 0.7500001 0.6708708 0.7544483 0.6639252 0.7550017 0.6643545 0.7640134 0.6644925 0.7642113 0.663935 0.7749516 0.6708708 0.7500001 0.6708708 0.7550017 0.6643545 0.7557411 0.6647444 0.7500001 0.6708708 0.7557411 0.6647444 0.7566444 0.6650847 0.7635844 0.6649642 0.7640134 0.6644925 0.7749516 0.6708708 0.7629285 0.6653261 0.7635844 0.6649642 0.7749516 0.6708708 0.7566444 0.6650847 0.7576783 0.6653626 0.7624759 0.6708708 0.7576783 0.6653626 0.7587969 0.6655645 0.7624759 0.6708708 0.762071 0.6655652 0.7624759 0.6708708 0.7610567 0.6656791 0.7610567 0.6656791 0.7624759 0.6708708 0.759944 0.6656749 0.8696631 0.7456125 0.810562 0.5668687 0.7987003 0.5939362 0.8125602 0.5042179 0.8125986 0.5041018 0.8149033 0.506292 0.8125986 0.5041018 0.8555446 0.5041023 0.8149033 0.506292 0.8149033 0.506292 0.8555446 0.5041023 0.8507468 0.5062918 0.828844 0.711982 0.828845 0.7119828 0.8209709 0.7110672 0.828845 0.7119828 0.7500091 0.711789 0.8209709 0.7110672 0.7662854 0.6416292 0.7717139 0.6416292 0.7758657 0.6387434 0.7758657 0.6387434 0.7737416 0.6359167 0.7662854 0.6416292 0.7737416 0.6359167 0.7649663 0.6359167 0.760857 0.6416292 0.7662854 0.6416292 0.7737416 0.6359167 0.760857 0.6416292 0.7649663 0.6359167 0.75 0.6359167 0.7554286 0.6416292 0.75 0.6359167 0.7500001 0.6416292 0.7554286 0.6416292 0.7998302 0.591804 0.7845023 0.5921276 0.7884396 0.5678132 0.8555446 0.5041024 0.8554514 0.5042177 0.8537924 0.5062679 0.8537924 0.5062679 0.8538461 0.5061948 0.8555446 0.5041024 0.8538461 0.5061948 0.8554754 0.5041339 0.8555634 0.5040227 0.812659 0.5041342 0.8126993 0.5040223 0.8119145 0.5061951 0.8126993 0.5040223 0.8125986 0.5041018 0.8119145 0.5061951 0.8125986 0.5041018 0.8125602 0.5042179 0.8118851 0.506268 0.875 0.75 0.875 0.75 0.75 0.75 0.8749999 0.5625 0.875 0.75 0.875 0.75 0.875 0.5 0.875 0.5625 0.8749999 0.5625 0.8370793 0.7188248 0.8696631 0.7456125 0.75 0.7455937 0.7894502 0.5587698 0.8101036 0.5061708 0.7499295 0.5061618 0.7624759 0.6708708 0.7749516 0.6708708 0.7678491 0.6765833 0.7678491 0.6765833 0.75 0.6765833 0.7624759 0.6708708 0.7813387 0.6742659 0.7749516 0.6708708 0.7741422 0.6635604 0.7733327 0.65625 0.7725233 0.6489396 0.7843307 0.6669386 0.7725233 0.6489396 0.7717139 0.6416292 0.7812501 0.6452106 0.7828153 0.65625 0.7725233 0.6489396 0.7812501 0.6452106 0.7813387 0.6742659 0.7741422 0.6635604 0.7733327 0.65625 0.7828153 0.65625 0.7843307 0.6669386 0.7725233 0.6489396 0.7843307 0.6669386 0.7813387 0.6742659 0.7733327 0.65625 0.8749999 0.5625 0.875 0.75 0.875 0.75 0.875 0.5 0.875 0.5 0.875 0.5625 0.875 0.5 0.875 0.5 0.8749999 0.5625 0.7500002 0.5 0.7499425 0.5 0.8110579 0.5 0.7500002 0.5 0.8110579 0.5 0.8165442 0.5 0.8605009 0.5 0.875 0.5 0.875 0.5 0.7500002 0.5 0.8165442 0.5 0.875 0.5 0.8165442 0.5 0.8547688 0.5000001 0.875 0.5 0.7500001 0.5 0.875 0.5 0.875 0.5 0.875 0.5625 0.875 0.5625 0.875 0.75 0.7998178 0.5917776 0.8119107 0.5677759 0.7884396 0.5678132 0.7828153 0.65625 0.7843307 0.6669386 0.8260169 0.705457 0.8260169 0.705457 0.7968076 0.6067019 0.7828153 0.65625 0.7649663 0.6359167 0.7737416 0.6359167 0.7854194 0.6016594 0.7737416 0.6359167 0.7910855 0.6015133 0.7854194 0.6016594 0.75 0.6020814 0.75 0.6359167 0.7649663 0.6359167 0.7649663 0.6359167 0.7854194 0.6016594 0.7499799 0.6021041 0.8125986 0.5041018 0.8125602 0.5042179 0.8149033 0.5062919 0.8149033 0.5062919 0.8507468 0.5062918 0.8555446 0.5041024 0.8507468 0.5062918 0.8554514 0.5042176 0.8555446 0.5041024 0.8645168 0.5729832 0.8645168 0.7395168 0.7604832 0.7395168 0.8554753 0.5041341 0.8555634 0.5040227 0.8556371 0.5061698 0.8555634 0.5040227 0.8713979 0.5038358 0.8690223 0.5061615 0.75 0.7455937 0.8696631 0.7456125 0.8370792 0.7188248 0.7500001 0.6708708 0.7624759 0.6708708 0.7565158 0.6645199 0.7624759 0.6708708 0.7749516 0.6708708 0.7617861 0.6649109 0.7617861 0.6649109 0.7749516 0.6708708 0.762615 0.6646553 0.7749516 0.6708708 0.7741422 0.6635604 0.7636669 0.6638008 0.7741422 0.6635604 0.7636551 0.662009 0.7638528 0.662632 0.7741422 0.6635604 0.7638528 0.662632 0.7638639 0.6632409 0.7538703 0.6624639 0.7500001 0.6584447 0.7540237 0.6629375 0.7500001 0.6584447 0.7500001 0.6708708 0.7540237 0.6629375 0.7741422 0.6635604 0.7638639 0.6632409 0.7636669 0.6638008 0.7543723 0.6633906 0.7540237 0.6629375 0.7500001 0.6708708 0.754913 0.6638125 0.7543723 0.6633906 0.7500001 0.6708708 0.7749516 0.6708708 0.7636669 0.6638008 0.7632496 0.6642804 0.7749516 0.6708708 0.7632496 0.6642804 0.762615 0.6646553 0.7556349 0.6641926 0.754913 0.6638125 0.7500001 0.6708708 0.7565158 0.6645199 0.7556349 0.6641926 0.7500001 0.6708708 0.7624759 0.6708708 0.7617861 0.6649109 0.7608044 0.6650436 0.7575228 0.6647824 0.7565158 0.6645199 0.7624759 0.6708708 0.7586113 0.6649671 0.7575228 0.6647824 0.7624759 0.6708708 0.7624759 0.6708708 0.7608044 0.6650436 0.7597253 0.6650586 0.7499295 0.5061618 0.8101037 0.5061708 0.7894285 0.5588239 0.7499994 0.5606507 0.7499989 0.5592133 0.7894284 0.5588239 0.7894284 0.5588239 0.7899768 0.5604018 0.7899758 0.5604042 0.7499279 0.5038025 0.7499295 0.5061618 0.8101037 0.5061708 0.8101037 0.5061708 0.812659 0.5041342 0.8126993 0.5040224 0.875 0.75 0.875 0.75 0.75 0.75 0.8749999 0.5625 0.875 0.5625 0.875 0.75 0.8645168 0.5104832 0.8645168 0.5520168 0.7604833 0.5520168 0.75 0.6765833 0.7499999 0.7106878 0.7678491 0.6765833 0.7499999 0.7106878 0.820971 0.7110672 0.7678491 0.6765833 0.810562 0.5668688 0.8119122 0.5638343 0.8034422 0.5829188 0.7678491 0.6765833 0.7749516 0.6708708 0.7624759 0.6708708 0.7624759 0.6708708 0.7500001 0.6708708 0.75 0.6765833 0.7741422 0.6635604 0.7749516 0.6708708 0.7813387 0.6742659 0.7813387 0.6742659 0.7843308 0.6669387 0.7733327 0.65625 0.7843308 0.6669387 0.7828153 0.65625 0.7725233 0.6489396 0.7733327 0.65625 0.7843308 0.6669387 0.7725233 0.6489396 0.7828153 0.65625 0.7812501 0.6452106 0.7725233 0.6489396 0.7812501 0.6452106 0.7758657 0.6387434 0.7717139 0.6416292 0.7725233 0.6489396 0.7812501 0.6452106 0.7717139 0.6416292 0.7508324 0.6582777 0.7500001 0.6584447 0.754507 0.6610462 0.7500001 0.6584447 0.7538703 0.6624639 0.7539077 0.6619822 0.7500001 0.6584447 0.7539077 0.6619822 0.7541249 0.661505 0.7516274 0.6580259 0.7508324 0.6582777 0.7550337 0.6606206 0.7500001 0.6584447 0.7541249 0.661505 0.754507 0.6610462 0.7523497 0.6576963 0.7516274 0.6580259 0.7556826 0.6602426 0.7508324 0.6582777 0.754507 0.6610462 0.7550337 0.6606206 0.7529683 0.6572995 0.7523497 0.6576963 0.7564283 0.6599268 0.7516274 0.6580259 0.7550337 0.6606206 0.7556826 0.6602426 0.7534591 0.6568509 0.7529683 0.6572995 0.7572444 0.6596868 0.7523497 0.6576963 0.7556826 0.6602426 0.7564283 0.6599268 0.753805 0.6563693 0.7534591 0.6568509 0.7581043 0.6595355 0.7529683 0.6572995 0.7564283 0.6599268 0.7572444 0.6596868 0.7598723 0.6539782 0.7540338 0.6553949 0.76005 0.6544744 0.7540338 0.6553949 0.7539973 0.6558764 0.76005 0.6544744 0.7539973 0.6558764 0.753805 0.6563693 0.7603746 0.6549192 0.7534591 0.6568509 0.7572444 0.6596868 0.7581043 0.6595355 0.7603746 0.6549192 0.76005 0.6544744 0.7539973 0.6558764 0.753805 0.6563693 0.7581043 0.6595355 0.7603746 0.6549192 0.7603746 0.6549192 0.7581043 0.6595355 0.7608349 0.6552972 0.7581043 0.6595355 0.758982 0.6594839 0.7608349 0.6552972 0.7614136 0.6555945 0.7608349 0.6552972 0.758982 0.6594839 0.758982 0.6594839 0.7598516 0.6595396 0.7614136 0.6555945 0.7598516 0.6595396 0.7606897 0.6597074 0.7620841 0.6557977 0.7620841 0.6557977 0.7614136 0.6555945 0.7598516 0.6595396 0.7628139 0.6558945 0.7620841 0.6557977 0.7606897 0.6597074 0.7606897 0.6597074 0.7614737 0.6599869 0.7628139 0.6558945 0.7614737 0.6599869 0.7621831 0.6603726 0.763567 0.6558753 0.7628139 0.6558945 0.7614737 0.6599869 0.763567 0.6558753 0.7621831 0.6603726 0.762797 0.6608516 0.7643053 0.6557334 0.763567 0.6558753 0.7621831 0.6603726 0.7643053 0.6557334 0.7632951 0.6614055 0.7636551 0.662009 0.7741422 0.6635604 0.762797 0.6608516 0.7632951 0.6614055 0.7649957 0.6554679 0.7643053 0.6557334 0.762797 0.6608516 0.7649957 0.6554679 0.7632951 0.6614055 0.7741422 0.6635604 0.7656109 0.6550838 0.7741422 0.6635604 0.7733327 0.65625 0.7656109 0.6550838 0.7733327 0.65625 0.7725233 0.6489396 0.7670335 0.6526957 0.7725233 0.6489396 0.7670353 0.6513695 0.7670969 0.6520168 0.7725233 0.6489396 0.7670969 0.6520168 0.7670335 0.6526957 0.7649957 0.6554679 0.7632951 0.6614055 0.7656109 0.6550838 0.7733327 0.65625 0.7670335 0.6526957 0.7668487 0.6533724 0.7661317 0.6545932 0.7656109 0.6550838 0.7733327 0.65625 0.7733327 0.65625 0.7668487 0.6533724 0.7665466 0.6540147 0.7528128 0.6484346 0.7500001 0.6539078 0.7529044 0.6488561 0.7500001 0.6539078 0.750759 0.6537898 0.7534773 0.6495264 0.7529044 0.6488561 0.7500001 0.6539078 0.7531279 0.6492251 0.750759 0.6537898 0.7514887 0.6537612 0.7539401 0.6497467 0.7531279 0.6492251 0.7500001 0.6539078 0.7534773 0.6495264 0.7514887 0.6537612 0.7521651 0.6538254 0.754498 0.6498758 0.7534773 0.6495264 0.750759 0.6537898 0.7539401 0.6497467 0.7521651 0.6538254 0.7527657 0.6539816 0.7551277 0.6499063 0.7539401 0.6497467 0.7514887 0.6537612 0.754498 0.6498758 0.7527657 0.6539816 0.7532701 0.6542266 0.7558019 0.6498347 0.754498 0.6498758 0.7521651 0.6538254 0.7551277 0.6499063 0.7532701 0.6542266 0.7536595 0.6545522 0.7602146 0.6523338 0.7551277 0.6499063 0.7527657 0.6539816 0.7558019 0.6498347 0.7539184 0.6549472 0.7540338 0.6553949 0.7598723 0.6539782 0.7536595 0.6545522 0.7539184 0.6549472 0.7599609 0.6528919 0.7558019 0.6498347 0.7532701 0.6542266 0.7564905 0.6496614 0.7539184 0.6549472 0.7598723 0.6539782 0.7598437 0.6534454 0.7539184 0.6549472 0.7598437 0.6534454 0.7599609 0.6528919 0.7564905 0.6496614 0.7532701 0.6542266 0.7602146 0.6523338 0.7602146 0.6523338 0.7536595 0.6545522 0.7599609 0.6528919 0.7602146 0.6523338 0.7605909 0.6517871 0.7571636 0.6493921 0.7571636 0.6493921 0.7564905 0.6496614 0.7602146 0.6523338 0.7577918 0.649037 0.7571636 0.6493921 0.7605909 0.6517871 0.7605909 0.6517871 0.7610734 0.6512679 0.7577918 0.649037 0.7610734 0.6512679 0.7616426 0.6507915 0.7583485 0.6486124 0.7583485 0.6486124 0.7577918 0.649037 0.7610734 0.6512679 0.7588108 0.6481385 0.7583485 0.6486124 0.7616426 0.6507915 0.7591606 0.6476397 0.7588108 0.6481385 0.7622773 0.6503735 0.7588108 0.6481385 0.7616426 0.6507915 0.7622773 0.6503735 0.7593854 0.6471414 0.7591606 0.6476397 0.7629551 0.6500291 0.7591606 0.6476397 0.7622773 0.6503735 0.7629551 0.6500291 0.7662854 0.6416292 0.7594367 0.6462393 0.7594776 0.6466678 0.7594776 0.6466678 0.7593854 0.6471414 0.7662854 0.6416292 0.7593854 0.6471414 0.7629551 0.6500291 0.7636514 0.6497739 0.7593854 0.6471414 0.7636514 0.6497739 0.7662854 0.6416292 0.7717139 0.6416292 0.7662854 0.6416292 0.7649987 0.6495928 0.7670353 0.6513695 0.7725233 0.6489396 0.7668488 0.650787 0.7725233 0.6489396 0.7717139 0.6416292 0.7665405 0.6502994 0.7668488 0.650787 0.7725233 0.6489396 0.7665405 0.6502994 0.7662854 0.6416292 0.7636514 0.6497739 0.7643411 0.6496235 0.7662854 0.6416292 0.7643411 0.6496235 0.7649987 0.6495928 0.7661192 0.6499301 0.7665405 0.6502994 0.7717139 0.6416292 0.7655987 0.6496932 0.7661192 0.6499301 0.7717139 0.6416292 0.7500001 0.6539078 0.7528128 0.6484346 0.752853 0.6479781 0.7500001 0.6539078 0.752853 0.6479781 0.7500001 0.6416292 0.752853 0.6479781 0.753019 0.6475045 0.7500001 0.6416292 0.760857 0.6416292 0.7554286 0.6416292 0.7570275 0.6450861 0.7554286 0.6416292 0.7500001 0.6416292 0.7541411 0.6461691 0.760857 0.6416292 0.7570275 0.6450861 0.757599 0.6450978 0.7594367 0.6462393 0.7662854 0.6416292 0.7592678 0.6458706 0.7662854 0.6416292 0.760857 0.6416292 0.7589824 0.6455701 0.7592678 0.6458706 0.7662854 0.6416292 0.7589824 0.6455701 0.7500001 0.6416292 0.753019 0.6475045 0.7532997 0.647033 0.7585961 0.6453409 0.7589824 0.6455701 0.760857 0.6416292 0.7500001 0.6416292 0.7532997 0.647033 0.7536797 0.6465821 0.7500001 0.6416292 0.7536797 0.6465821 0.7541411 0.6461691 0.7581283 0.6451832 0.7585961 0.6453409 0.760857 0.6416292 0.757599 0.6450978 0.7581283 0.6451832 0.760857 0.6416292 0.7541411 0.6461691 0.7546651 0.6458093 0.7554286 0.6416292 0.7546651 0.6458093 0.7552332 0.6455148 0.7554286 0.6416292 0.7570275 0.6450861 0.7554286 0.6416292 0.7564314 0.6451507 0.7564314 0.6451507 0.7554286 0.6416292 0.7558278 0.6452939 0.7733327 0.65625 0.7741422 0.6635604 0.7656109 0.6550839 0.7741422 0.6635604 0.7639767 0.6626933 0.7635947 0.6620797 0.7741422 0.6635604 0.7635947 0.6620797 0.7649958 0.6554678 0.7649958 0.6554678 0.7635947 0.6620797 0.7630718 0.6615135 0.7670354 0.6513694 0.7725233 0.6489396 0.7670967 0.6520168 0.7725233 0.6489396 0.7733327 0.65625 0.7670335 0.6526957 0.7670967 0.6520168 0.7725233 0.6489396 0.7670335 0.6526957 0.7741422 0.6635604 0.7649958 0.6554678 0.7656109 0.6550839 0.7630718 0.6615135 0.7624322 0.6610206 0.7643052 0.6557334 0.7649958 0.6554678 0.7630718 0.6615135 0.7643052 0.6557334 0.7668487 0.6533724 0.7670335 0.6526957 0.7733327 0.65625 0.7624322 0.6610206 0.7616978 0.6606206 0.7635667 0.6558751 0.7616978 0.6606206 0.7608897 0.6603263 0.7628141 0.6558946 0.7665466 0.6540146 0.7668487 0.6533724 0.7733327 0.65625 0.7661316 0.6545931 0.7665466 0.6540146 0.7733327 0.65625 0.7643052 0.6557334 0.7624322 0.6610206 0.7635667 0.6558751 0.7608897 0.6603263 0.7600291 0.660144 0.7620841 0.6557977 0.7600291 0.660144 0.7591386 0.6600742 0.7614136 0.6555945 0.7635667 0.6558751 0.7616978 0.6606206 0.7628141 0.6558946 0.7656109 0.6550839 0.7661316 0.6545931 0.7733327 0.65625 0.7591386 0.6600742 0.758242 0.6601132 0.7608351 0.6552973 0.7628141 0.6558946 0.7608897 0.6603263 0.7620841 0.6557977 0.758242 0.6601132 0.7573648 0.6602526 0.7534589 0.6568509 0.7620841 0.6557977 0.7600291 0.660144 0.7614136 0.6555945 0.7573648 0.6602526 0.7565333 0.6604822 0.7529683 0.6572995 0.7614136 0.6555945 0.7591386 0.6600742 0.7608351 0.6552973 0.7565333 0.6604822 0.7557744 0.6607891 0.7523498 0.6576964 0.7608351 0.6552973 0.758242 0.6601132 0.7534589 0.6568509 0.7557744 0.6607891 0.7551145 0.6611598 0.7516276 0.658026 0.7608351 0.6552973 0.7538049 0.6563692 0.7603744 0.6549192 0.7538049 0.6563692 0.7608351 0.6552973 0.7534589 0.6568509 0.7534589 0.6568509 0.7573648 0.6602526 0.7529683 0.6572995 0.7603744 0.6549192 0.7538049 0.6563692 0.7539973 0.6558765 0.7551145 0.6611598 0.7545791 0.6615798 0.7508325 0.6582776 0.7540339 0.655395 0.7598724 0.6539782 0.7600501 0.6544745 0.7600501 0.6544745 0.7603744 0.6549192 0.7539973 0.6558765 0.7540339 0.655395 0.7600501 0.6544745 0.7539973 0.6558765 0.7529683 0.6572995 0.7565333 0.6604822 0.7523498 0.6576964 0.7545791 0.6615798 0.754191 0.6620345 0.7500001 0.6584447 0.7523498 0.6576964 0.7557744 0.6607891 0.7516276 0.658026 0.7539707 0.6625096 0.7539339 0.6629915 0.7500001 0.6584447 0.754191 0.6620345 0.7539707 0.6625096 0.7500001 0.6584447 0.7516276 0.658026 0.7551145 0.6611598 0.7508325 0.6582776 0.7717139 0.6416292 0.7725233 0.6489396 0.7665404 0.6502994 0.7725233 0.6489396 0.7670354 0.6513694 0.7668489 0.6507871 0.7725233 0.6489396 0.7668489 0.6507871 0.7665404 0.6502994 0.7595518 0.6466849 0.7662854 0.6416292 0.7595891 0.6471241 0.7662854 0.6416292 0.7717139 0.6416292 0.7649985 0.6495928 0.7595891 0.6471241 0.7662854 0.6416292 0.7636513 0.6497739 0.7636513 0.6497739 0.7662854 0.6416292 0.7643411 0.6496235 0.7717139 0.6416292 0.7665404 0.6502994 0.7661191 0.64993 0.7594924 0.6476086 0.7595891 0.6471241 0.7636513 0.6497739 0.7592625 0.6481168 0.7594924 0.6476086 0.7629551 0.6500293 0.7629551 0.6500293 0.7594924 0.6476086 0.7636513 0.6497739 0.7717139 0.6416292 0.7661191 0.64993 0.7655988 0.6496932 0.7717139 0.6416292 0.7655988 0.6496932 0.7649985 0.6495928 0.7589067 0.6486237 0.7592625 0.6481168 0.7622774 0.6503736 0.7622774 0.6503736 0.7592625 0.6481168 0.7629551 0.6500293 0.7584381 0.6491033 0.7589067 0.6486237 0.7616426 0.6507917 0.7649985 0.6495928 0.7643411 0.6496235 0.7662854 0.6416292 0.7578746 0.6495317 0.7584381 0.6491033 0.7610734 0.6512679 0.7589067 0.6486237 0.7622774 0.6503736 0.7616426 0.6507917 0.757239 0.6498885 0.7578746 0.6495317 0.760591 0.6517871 0.7565582 0.6501581 0.757239 0.6498885 0.7602145 0.6523339 0.7584381 0.6491033 0.7616426 0.6507917 0.7610734 0.6512679 0.7578746 0.6495317 0.7610734 0.6512679 0.760591 0.6517871 0.7558618 0.6503306 0.7565582 0.6501581 0.7532699 0.6542263 0.757239 0.6498885 0.760591 0.6517871 0.7602145 0.6523339 0.75518 0.6504009 0.7558618 0.6503306 0.7527657 0.6539817 0.7565582 0.6501581 0.7602145 0.6523339 0.7599609 0.6528919 0.7536596 0.6545523 0.7565582 0.6501581 0.7599609 0.6528919 0.7545434 0.6503688 0.75518 0.6504009 0.752165 0.6538253 0.7565582 0.6501581 0.7536596 0.6545523 0.7532699 0.6542263 0.7539794 0.6502382 0.7545434 0.6503688 0.7514888 0.6537613 0.7558618 0.6503306 0.7532699 0.6542263 0.7527657 0.6539817 0.7599609 0.6528919 0.7598438 0.6534453 0.7539184 0.6549471 0.7598438 0.6534453 0.7598724 0.6539782 0.7540339 0.655395 0.7598438 0.6534453 0.7540339 0.655395 0.7539184 0.6549471 0.7535114 0.6500163 0.7539794 0.6502382 0.7507591 0.6537898 0.7599609 0.6528919 0.7539184 0.6549471 0.7536596 0.6545523 0.75518 0.6504009 0.7527657 0.6539817 0.752165 0.6538253 0.7531585 0.6497139 0.7535114 0.6500163 0.7500001 0.6539078 0.7545434 0.6503688 0.752165 0.6538253 0.7514888 0.6537613 0.7500001 0.6539078 0.7528403 0.648921 0.7529326 0.6493436 0.7529326 0.6493436 0.7531585 0.6497139 0.7500001 0.6539078 0.7539794 0.6502382 0.7514888 0.6537613 0.7507591 0.6537898 0.760857 0.6416292 0.7662854 0.6416292 0.7587119 0.645767 0.7662854 0.6416292 0.7595518 0.6466849 0.7593853 0.6463068 0.7662854 0.6416292 0.7593853 0.6463068 0.7591 0.6459995 0.7500001 0.6416292 0.7554286 0.6416292 0.754189 0.6466417 0.7554286 0.6416292 0.760857 0.6416292 0.7571236 0.6455243 0.7571236 0.6455243 0.760857 0.6416292 0.7577039 0.6455294 0.7528403 0.648921 0.7500001 0.6539078 0.7528814 0.6484627 0.7500001 0.6539078 0.7500001 0.6416292 0.7528814 0.6484627 0.7662854 0.6416292 0.7591 0.6459995 0.7587119 0.645767 0.7530497 0.6479873 0.7528814 0.6484627 0.7500001 0.6416292 0.7533347 0.6475132 0.7530497 0.6479873 0.7500001 0.6416292 0.760857 0.6416292 0.7587119 0.645767 0.7582398 0.6456105 0.760857 0.6416292 0.7582398 0.6456105 0.7577039 0.6455294 0.7537204 0.647059 0.7533347 0.6475132 0.7500001 0.6416292 0.754189 0.6466417 0.7537204 0.647059 0.7500001 0.6416292 0.7554286 0.6416292 0.7571236 0.6455243 0.756518 0.6455966 0.7547218 0.6462765 0.754189 0.6466417 0.7554286 0.6416292 0.7552996 0.6459757 0.7547218 0.6462765 0.7554286 0.6416292 0.7554286 0.6416292 0.756518 0.6455966 0.7559042 0.6457477 0.75186 0.5939597 0.7530413 0.5939597 0.7525408 0.5969116 0.7510342 0.5977512 0.7518594 0.5939594 0.7518591 0.5939595 0.875 0.5625 0.875 0.5 0.8748155 0.5001994 0.8749999 0.5626152 0.8748155 0.5001994 0.8748649 0.5001264 0.8749999 0.5625171 0.8748649 0.5001264 0.875 0.5 0.7500001 0.7500001 0.875 0.75 0.8747967 0.7497568 0.75 0.75 0.8747967 0.7497568 0.8749116 0.7498121 0.7500001 0.7500001 0.8749116 0.7498121 0.8750001 0.7500001 0.875 0.75 0.8749999 0.5625 0.8749999 0.5626152 0.8749999 0.5626152 0.8749999 0.5625171 0.8749116 0.7498121 0.8749999 0.5625171 0.8749999 0.5625 0.875 0.75 0.7525408 0.5969116 0.7530414 0.5939596 0.7518602 0.5939596 0.7500002 0.5 0.75 0.5 0.8748155 0.5001994 0.75 0.5 0.7500001 0.5 0.8748649 0.5001264 0.7500001 0.5 0.7500001 0.5 0.875 0.5 0.875 0.5 0.8748649 0.5001265 0.8749998 0.5625171 0.8748649 0.5001265 0.8748155 0.5001994 0.8749999 0.5626152 0.8748155 0.5001994 0.875 0.5 0.8749999 0.5625 0.875 0.75 0.8749116 0.7498123 0.7500001 0.7500001 0.8749116 0.7498123 0.8747967 0.7497567 0.75 0.75 0.8747967 0.7497567 0.875 0.75 0.75 0.75 0.875 0.75 0.8749999 0.5625 0.8749998 0.5625171 0.8749116 0.7498123 0.8749998 0.5625171 0.8749999 0.5626152 0.8749999 0.5626152 0.8749999 0.5625 0.875 0.75 0.875 0.5 0.7500001 0.5 0.7500001 0.5 0.8748649 0.5001265 0.7500001 0.5 0.75 0.4999999 0.8748155 0.5001994 0.75 0.4999999 0.7500002 0.5 0.7758657 0.6387434 0.7717139 0.6416292 0.7662854 0.6416292 0.760857 0.6416292 0.7554286 0.6416292 0.7649663 0.6359167 0.7554286 0.6416292 0.7500001 0.6416292 0.75 0.6359167 0.7649663 0.6359167 0.7554286 0.6416292 0.75 0.6359167 0.7758657 0.6387434 0.7662854 0.6416292 0.7737416 0.6359167 0.7662854 0.6416292 0.760857 0.6416292 0.7737416 0.6359167 0.8645168 0.5590056 0.8704617 0.5595338 0.8708318 0.5541783 0.8645168 0.5590056 0.8645167 0.5625 0.8704608 0.5625 0.8708663 0.5684927 0.8704609 0.5640665 0.8645166 0.5659943 0.875 0.5631259 0.875 0.5625 0.8704609 0.5640665 0.8750001 0.5583235 0.875 0.561337 0.8750001 0.5645136 0.875 0.5541783 0.875 0.5595338 0.875 0.561337 0.8750001 0.5642632 0.875 0.5617021 0.875 0.559575 0.8750001 0.5642632 0.875 0.5684927 0.875 0.5640665 0.8645167 0.5659944 0.8704609 0.5640664 0.8708308 0.5684928 0.8645168 0.5625 0.8704618 0.5625 0.8704609 0.5640664 0.8708674 0.5541782 0.8704617 0.5595338 0.8645169 0.5590056 0.8708674 0.5541782 0.8750001 0.5590157 0.875 0.5615992 0.7528976 0.5 0.75 0.5 0.747514 0.5 0.7528976 0.5 0.7571161 0.5 0.752254 0.5 0.7534944 0.5104832 0.7522541 0.5045951 0.7571162 0.5042306 0.7534944 0.5104832 0.75 0.5104832 0.75 0.5045951 0.7571161 0.5042024 0.7522541 0.5045951 0.7534944 0.5104832 0.7478693 0.5 0.75 0.5 0.7522541 0.5045951 0.7534945 0.7395168 0.752278 0.7455172 0.7571965 0.7458927 0.75 0.7395169 0.75 0.7455173 0.752278 0.7455172 0.7571965 0.7459355 0.752278 0.7455173 0.7534945 0.7395169 0.7477872 0.7500001 0.75 0.75 0.752278 0.7455173 0.7529684 0.7500001 0.75 0.75 0.7474256 0.75 0.7529684 0.7500001 0.7571965 0.75 0.752278 0.75 0.7604832 0.5729833 0.7604832 0.5659944 0.7534944 0.5659944 0.7604832 0.5659944 0.7604832 0.5625 0.7534945 0.5625 0.7534944 0.5520167 0.7534944 0.5590056 0.7604832 0.5590056 0.75 0.5520168 0.75 0.5590056 0.7534944 0.5590056 0.7604833 0.5590056 0.7534945 0.5590056 0.7534945 0.5520167 0.7604832 0.5625 0.7534944 0.5625 0.7534945 0.5590056 0.7604832 0.5729832 0.7534945 0.5729832 0.7534944 0.5659944 0.7534945 0.5729832 0.7500001 0.5729833 0.75 0.5659944 0.7534944 0.5590056 0.7534945 0.5590056 0.7534944 0.5659944 0.875 0.5625 0.875 0.5 0.8748359 0.5002167 0.8750001 0.5583235 0.8748359 0.5002167 0.8708916 0.5041818 0.8708318 0.5541783 0.8708916 0.5041818 0.8645168 0.5104833 0.75 0.75 0.875 0.75 0.8748202 0.7498571 0.7529684 0.7500001 0.8748202 0.7498571 0.8708848 0.7459577 0.7571965 0.7458927 0.8708848 0.7459577 0.8645168 0.7395168 0.875 0.5625 0.875 0.5642726 0.8748202 0.7498571 0.875 0.5642726 0.8708663 0.5684927 0.8708848 0.7459577 0.8708663 0.5684927 0.8645168 0.5729832 0.8645168 0.7395168 0.7604832 0.5729833 0.8645168 0.5729832 0.8645166 0.5659943 0.8645166 0.5659943 0.8645168 0.5590056 0.7604832 0.5590056 0.8645168 0.5590056 0.8645168 0.5520168 0.7604833 0.5520168 0.75 0.5 0.752896 0.5 0.8748359 0.5002167 0.752896 0.5 0.7571161 0.5042024 0.8708916 0.5041818 0.7571161 0.5042024 0.7604833 0.5104833 0.8645168 0.5104833 0.7604833 0.5520168 0.7604833 0.5104833 0.7534944 0.5104832 0.7534944 0.5104832 0.7534944 0.5104832 0.7534945 0.5520167 0.7534944 0.5104832 0.7604833 0.5104833 0.7604833 0.5520168 0.7604832 0.5729833 0.7534945 0.5729832 0.7534945 0.7395168 0.7534945 0.7395168 0.7534945 0.5729832 0.7534945 0.5729832 0.7534945 0.5729832 0.7604832 0.5729832 0.7604832 0.7395168 0.8645168 0.5104832 0.8708914 0.5041818 0.8708674 0.5541782 0.8708914 0.5041818 0.8748359 0.5002167 0.875 0.5583368 0.8748359 0.5002167 0.875 0.5 0.875 0.5625 0.8645168 0.7395168 0.8708848 0.7459576 0.7571965 0.7459355 0.8708848 0.7459576 0.8748202 0.7498571 0.752967 0.7500001 0.8748202 0.7498571 0.875 0.75 0.75 0.75 0.8645168 0.7395168 0.8645168 0.5729832 0.8708308 0.5684928 0.8708848 0.7459576 0.8708308 0.5684928 0.8750001 0.5642632 0.8748202 0.7498571 0.8750001 0.5642632 0.875 0.5625 0.8645168 0.5520168 0.8645169 0.5590056 0.7604833 0.5590056 0.7604833 0.5590056 0.8645169 0.5590056 0.8645167 0.5659944 0.8645167 0.5659944 0.8645168 0.5729832 0.7604832 0.5729832 0.8645168 0.5104832 0.7604833 0.5104833 0.7571162 0.5042306 0.8708914 0.5041818 0.7571162 0.5042306 0.7528976 0.5 0.8748359 0.5002167 0.7528976 0.5 0.75 0.5 0.875 0.75 0.75 0.75 0.7500001 0.7500001 0.8690223 0.5061615 0.8713979 0.5038358 0.8645532 0.5625954 0.8713979 0.5038358 0.8742912 0.5009643 0.875 0.5625 0.8742912 0.5009643 0.8748139 0.5002284 0.875 0.5624895 0.875 0.5624895 0.8748139 0.5002284 0.875 0.5 0.875 0.75 0.8749626 0.7500281 0.75 0.75 0.8749626 0.7500281 0.8740503 0.7493937 0.75 0.75 0.8740503 0.7493937 0.8747727 0.7498287 0.75 0.75 0.8747727 0.7498287 0.875 0.75 0.75 0.75 0.8750001 0.7500001 0.875 0.5625 0.8750001 0.5625922 0.8749626 0.7500281 0.8750001 0.5625922 0.875 0.5628392 0.8740503 0.7493937 0.875 0.5628392 0.8750001 0.5624901 0.8747727 0.7498287 0.8750001 0.5624901 0.875 0.5625 0.811058 0.5000001 0.8122013 0.5 0.7499382 0.5 0.8122013 0.5 0.8140069 0.5 0.7499302 0.5 0.8140069 0.5 0.8126993 0.5040223 0.7499279 0.5038025 0.790638 0.5587704 0.8119145 0.5061951 0.8118851 0.506268 0.8605011 0.5000001 0.875 0.5 0.8748139 0.5002284 0.859818 0.5000001 0.8748139 0.5002284 0.8742912 0.5009643 0.8587085 0.5 0.8742912 0.5009643 0.8713979 0.5038358 0.8226739 0.5625 0.8192181 0.5606878 0.8583305 0.5625 0.8192181 0.5606878 0.8556371 0.5061698 0.8690223 0.5061615 0.8547689 0.5 0.8553234 0.5 0.8164117 0.5 0.8553234 0.5 0.858395 0.5 0.8144216 0.5 0.858395 0.5 0.8555446 0.5041023 0.8125986 0.5041018 0.8507468 0.5062918 0.8135826 0.5585975 0.7924894 0.5586019 0.8605011 0.5000001 0.859818 0.5000001 0.8553234 0.5 0.859818 0.5000001 0.8587085 0.5 0.858395 0.5 0.858395 0.5 0.8587085 0.5 0.8555634 0.5040227 0.815336 0.558638 0.8153586 0.5586072 0.8537925 0.5062679 0.811058 0.5000001 0.8165441 0.5 0.8164117 0.5 0.8122013 0.5 0.8164117 0.5 0.8144216 0.5 0.8144216 0.5 0.8125986 0.5041018 0.8126993 0.5040223 0.7499295 0.5061618 0.7499279 0.5038025 0.8101037 0.5061709 0.7499279 0.5038025 0.8126993 0.5040223 0.8101037 0.5061709 0.875 0.5 0.874814 0.5002284 0.875 0.5624896 0.875 0.5624896 0.874814 0.5002284 0.8742912 0.5009643 0.875 0.5625 0.8742912 0.5009643 0.8713979 0.5038358 0.8645532 0.5625954 0.8713979 0.5038358 0.8690223 0.5061615 0.75 0.75 0.875 0.75 0.8747727 0.7498287 0.75 0.75 0.8747727 0.7498287 0.8740503 0.7493937 0.75 0.75 0.8740503 0.7493937 0.8749626 0.750028 0.75 0.75 0.8749626 0.750028 0.8750001 0.7500001 0.875 0.5625 0.875 0.5624901 0.8747727 0.7498287 0.875 0.5624901 0.875 0.5628392 0.8740503 0.7493937 0.875 0.5628392 0.8750001 0.5625922 0.8749626 0.750028 0.8750001 0.5625922 0.875 0.5625 0.875 0.75 0.8126993 0.5040224 0.812659 0.5041342 0.8119145 0.5061952 0.8119145 0.5061952 0.8118851 0.506268 0.8125986 0.5041018 0.8118851 0.506268 0.8125603 0.5042179 0.8125986 0.5041018 0.7499279 0.5038025 0.8126993 0.5040224 0.8140069 0.5 0.7499302 0.5 0.8140069 0.5 0.8122013 0.5 0.7499381 0.5 0.8122013 0.5 0.8110579 0.5 0.8537924 0.5062679 0.8153232 0.5586555 0.8153073 0.558677 0.8713979 0.5038358 0.8742912 0.5009643 0.8587085 0.5 0.8742912 0.5009643 0.874814 0.5002284 0.8598179 0.5000001 0.874814 0.5002284 0.875 0.5 0.8605009 0.5 0.8507468 0.5062918 0.8149033 0.506292 0.7924612 0.5586686 0.8125986 0.5041018 0.8555446 0.5041024 0.858395 0.5 0.8144216 0.5 0.858395 0.5 0.8553233 0.5 0.8164118 0.5 0.8553233 0.5 0.8547688 0.5000001 0.8555634 0.5040227 0.8554754 0.5041339 0.8556371 0.5061698 0.8556371 0.5061698 0.8690223 0.5061615 0.8555634 0.5040227 0.8555634 0.5040227 0.8587085 0.5 0.858395 0.5 0.858395 0.5 0.8587085 0.5 0.8598179 0.5000001 0.8553233 0.5 0.8598179 0.5000001 0.8605009 0.5 0.7906506 0.5587393 0.7906715 0.5586873 0.8118851 0.5062679 0.8126993 0.5040224 0.8125986 0.5041018 0.8144216 0.5 0.8144216 0.5 0.8164118 0.5 0.8122013 0.5 0.8164118 0.5 0.8165442 0.5 0.8110579 0.5 0.875 0.75 0.7500001 0.7500001 0.75 0.75 0.8696631 0.7456125 0.8720793 0.7473731 0.75 0.7473621 0.8720793 0.7473731 0.875 0.75 0.75 0.75 0.875 0.75 0.8749257 0.75 0.75 0.75 0.8749257 0.75 0.875 0.75 0.75 0.75 0.810562 0.5668687 0.8114679 0.5652348 0.8719996 0.7476549 0.8719996 0.7476549 0.8114679 0.5652348 0.81277 0.5633099 0.875 0.75 0.875 0.5633099 0.8749999 0.5628045 0.8750001 0.7500542 0.8749999 0.5628045 0.875 0.5625 0.7900112 0.5603192 0.7900121 0.560317 0.790638 0.5587704 0.790638 0.5587704 0.7906892 0.5586439 0.7900112 0.5603192 0.7906892 0.5586439 0.7900175 0.5602146 0.7900164 0.560217 0.7899758 0.5604042 0.7891253 0.5625 0.75 0.5625 0.8188198 0.5625 0.8174194 0.5655159 0.7656762 0.5653781 0.7656762 0.5653781 0.8174194 0.5655159 0.8164111 0.5676831 0.7900164 0.560217 0.7900174 0.5602146 0.7924894 0.5586019 0.7924894 0.5586019 0.8135826 0.5585975 0.8141375 0.5603088 0.8135826 0.5585975 0.8141393 0.5603064 0.8141375 0.5603088 0.8182086 0.5628097 0.8125 0.5625 0.8125 0.5625 0.8125 0.5625 0.8103874 0.5672624 0.8147149 0.5575056 0.8103874 0.5672624 0.810562 0.5668688 0.8125 0.5625 0.790026 0.5602825 0.7900251 0.5602848 0.7906505 0.5587392 0.7900251 0.5602848 0.7899994 0.5602589 0.7906715 0.5586873 0.7899994 0.5602589 0.7900004 0.5602566 0.7906715 0.5586873 0.7900164 0.560217 0.8141375 0.5603088 0.8125 0.5625 0.7891286 0.5625 0.8125 0.5625 0.8098908 0.5695323 0.7887209 0.5655164 0.8098908 0.5695323 0.8119106 0.5677757 0.8125 0.5625 0.8034422 0.5829187 0.8098908 0.5695323 0.8147149 0.5575056 0.8098908 0.5695323 0.8125 0.5625 0.8125 0.5625 0.8125 0.5625 0.8141375 0.5603088 0.8146215 0.559611 0.8146232 0.5596086 0.8192182 0.5606878 0.8192182 0.5606878 0.8226739 0.5625 0.8182086 0.5628097 0.8146232 0.5596086 0.8146215 0.559611 0.8153359 0.558638 0.8146215 0.559611 0.8141375 0.5603088 0.8153585 0.5586072 0.8141375 0.5603088 0.8141393 0.5603063 0.8153585 0.5586072 0.7900164 0.560217 0.7891286 0.5625 0.7898508 0.5625 0.7891286 0.5625 0.7887209 0.5655164 0.7901425 0.5654654 0.7887209 0.5655164 0.7884396 0.5678132 0.7897698 0.5676831 0.75 0.75 0.875 0.75 0.8749257 0.7500001 0.75 0.75 0.8749257 0.7500001 0.875 0.75 0.75 0.75 0.875 0.75 0.872078 0.7473728 0.75 0.7473621 0.872078 0.7473728 0.8696631 0.7456125 0.875 0.5625 0.8750001 0.562804 0.8750001 0.7500542 0.8750001 0.562804 0.875 0.5633091 0.875 0.75 0.8127697 0.5633091 0.8106129 0.5667542 0.8719985 0.7476535 0.8106129 0.5667542 0.810562 0.5668687 0.8696631 0.7456125 0.816411 0.5676831 0.8174206 0.5655131 0.7656762 0.5653781 0.7656762 0.5653781 0.8174206 0.5655131 0.8188198 0.5625001 0.75 0.5625 0.7891253 0.5625 0.7899898 0.5603698 0.8146016 0.559638 0.8146033 0.5596356 0.8153073 0.558677 0.8153073 0.558677 0.8153231 0.5586555 0.8146016 0.559638 0.8153231 0.5586555 0.814116 0.5603381 0.8141142 0.5603405 0.8119122 0.5638343 0.810562 0.5668688 0.8106129 0.5667542 0.8146942 0.5575523 0.8106129 0.5667542 0.8125 0.5625 0.8125 0.5625 0.8125 0.5625 0.8181726 0.5628091 0.7900004 0.5602565 0.7899994 0.5602589 0.7924612 0.5586685 0.7899994 0.5602589 0.8141142 0.5603405 0.7924612 0.5586685 0.8141142 0.5603405 0.814116 0.5603381 0.8135457 0.55865 0.8119107 0.5677759 0.809886 0.5695441 0.7887206 0.5655209 0.809886 0.5695441 0.8125 0.5625 0.7891286 0.5625 0.8125 0.5625 0.8141142 0.5603405 0.7899994 0.5602589 0.8146034 0.5596356 0.8146016 0.559638 0.8191969 0.5607165 0.8146016 0.559638 0.8181726 0.5628091 0.8191969 0.5607165 0.8141142 0.5603405 0.8125 0.5625 0.8125 0.5625 0.8125 0.5625 0.809886 0.5695441 0.8146942 0.5575523 0.809886 0.5695441 0.8034422 0.5829188 0.8119122 0.5638343 0.7897699 0.5676831 0.7884396 0.5678132 0.7887206 0.5655209 0.790143 0.5654618 0.7887206 0.5655209 0.7891286 0.5625 0.7898512 0.5625 0.7891286 0.5625 0.7899994 0.5602589 0.7499989 0.5592133 0.7499994 0.5606507 0.7894503 0.5587699 0.7499994 0.5606507 0.7899898 0.5603698 0.7894503 0.5587699 0.75 0.75 0.75 0.75 0.875 0.75 0.7845023 0.5921276 0.7998302 0.591804 0.7981284 0.5950708 0.7846435 0.5958762 0.7981284 0.5950708 0.7959919 0.5992083 0.7843683 0.5992084 0.7959919 0.5992083 0.7956395 0.6004114 0.7956912 0.6004724 0.7956908 0.6004732 0.7968077 0.6067019 0.7968077 0.6067019 0.8260169 0.705457 0.7956912 0.6004724 0.8260169 0.705457 0.8288438 0.711982 0.8288449 0.7119829 0.8370792 0.7188248 0.8340014 0.7162893 0.7975805 0.5963558 0.8340014 0.7162893 0.8300566 0.7129574 0.7962964 0.5994763 0.8300566 0.7129574 0.828845 0.7119828 0.7956885 0.6004638 0.7854194 0.6016595 0.7849336 0.6005464 0.7910855 0.6015133 0.7849336 0.6005464 0.7956395 0.6004114 0.7910855 0.6015133 0.7499999 0.7188444 0.7499999 0.7164136 0.8340014 0.7162893 0.7499999 0.7164136 0.7499999 0.7132917 0.8300566 0.7129574 0.7499999 0.7132917 0.7500091 0.711789 0.828845 0.7119828 0.795688 0.6004647 0.7956885 0.6004638 0.7968077 0.6067019 0.7956885 0.6004638 0.828845 0.7119828 0.8260169 0.7054569 0.828845 0.7119828 0.828844 0.711982 0.8260169 0.7054569 0.7956404 0.6004149 0.7959873 0.5992083 0.7843683 0.5992084 0.7959873 0.5992083 0.7981209 0.5950545 0.7846435 0.5958762 0.7981209 0.5950545 0.7998178 0.5917776 0.7845023 0.5921276 0.8288449 0.7119829 0.8288439 0.7119821 0.820971 0.7110672 0.820971 0.7110672 0.7499999 0.7106878 0.7500091 0.711789 0.7956912 0.6004724 0.8288449 0.7119829 0.8300566 0.7129574 0.7963057 0.5995072 0.8300566 0.7129574 0.8340014 0.7162893 0.7976408 0.5964034 0.8340014 0.7162893 0.8370792 0.7188247 0.7849336 0.6005464 0.7854194 0.6016594 0.7910855 0.6015133 0.7910855 0.6015133 0.79564 0.6004159 0.7956404 0.6004149 0.8288449 0.7119829 0.7500091 0.711789 0.7499999 0.7132917 0.8300566 0.7129574 0.7499999 0.7132917 0.7499999 0.7164136 0.8340014 0.7162893 0.7499999 0.7164136 0.75 0.7188444 0.75186 0.5939597 0.7513267 0.5963194 0.7524763 0.5963196 0.7513267 0.5963194 0.7506827 0.5992084 0.7518337 0.5992084 0.7506827 0.5992084 0.7502905 0.6008012 0.7508035 0.6008101 0.7502905 0.6008012 0.7499948 0.6021023 0.7499844 0.6021022 0.7518591 0.5939595 0.7518594 0.5939594 0.7513458 0.5963193 0.7513267 0.5963194 0.7513458 0.5963193 0.7500684 0.5992084 0.7506827 0.5992084 0.7500684 0.5992084 0.7497093 0.6008011 0.7502905 0.6008012 0.7497093 0.6008011 0.7500052 0.6021023 0.7518602 0.5939596 0.7530414 0.5939596 0.7524762 0.5963194 0.7513081 0.5963194 0.7524762 0.5963194 0.7515165 0.5992084 0.7492825 0.5992084 0.7484831 0.5992084 0.7491863 0.6008012 0.7497094 0.6008012 0.7491863 0.6008012 0.7500156 0.6021023 0.7530421 0.5939599 0.7524763 0.5963196 0.7846435 0.5958762 0.7524763 0.5963196 0.7518337 0.5992084 0.7843683 0.5992084 0.7518337 0.5992084 0.7508035 0.6008101 0.7849336 0.6005464 0.7508035 0.6008101 0.7499799 0.6021041 0.7854194 0.6016594 0.7854194 0.6016595 0.7499798 0.6021041 0.7507932 0.6008188 0.7849336 0.6005464 0.7507932 0.6008188 0.7521511 0.5992084 0.7843683 0.5992084 0.7521511 0.5992084 0.7524763 0.5963194 0.7846435 0.5958762 0.7524763 0.5963194 0.7530421 0.5939598 0.7678491 0.6765833 0.7749516 0.6708708 0.7813386 0.6742659 0.8260169 0.7054569 0.8264409 0.7077085 0.784835 0.6711343 0.8264409 0.7077085 0.826348 0.7100023 0.7856982 0.6765833 0.826348 0.7100023 0.8236571 0.7108092 0.7815199 0.67646 0.7815199 0.67646 0.8236571 0.7108092 0.820971 0.7110672 0.7910855 0.6015133 0.7928124 0.6017554 0.7764553 0.6360476 0.7928124 0.6017554 0.7947125 0.6025982 0.7799324 0.6359167 0.7799324 0.6359167 0.7947125 0.6025982 0.7959756 0.6046422 0.7805932 0.6411743 0.7959756 0.6046422 0.7968077 0.6067019 0.8260169 0.705457 0.7843307 0.6669386 0.7848349 0.6711344 0.8264409 0.7077085 0.7848349 0.6711344 0.7856982 0.6765833 0.8263479 0.7100023 0.7856982 0.6765833 0.7815199 0.6764599 0.7815199 0.6764599 0.7783276 0.6765833 0.820971 0.7110672 0.7910855 0.6015133 0.7737416 0.6359167 0.7764552 0.6360475 0.7928124 0.6017554 0.7764552 0.6360475 0.7799324 0.6359167 0.7799324 0.6359167 0.7805933 0.6411743 0.7959756 0.6046422 0.7805933 0.6411743 0.7812501 0.6452106 0.7968076 0.6067019 0.820971 0.7110672 0.75 0.7106878 0.7678491 0.6765833 0.75 0.7106878 0.75 0.6765833 0.7678491 0.6765833 0.7530421 0.5939598 0.754301 0.5969116 0.7524147 0.5939948 0.7524147 0.5939948 0.7646249 0.5676466 0.7530421 0.5939598 0.7646249 0.5676466 0.7897699 0.5676831 0.7530421 0.5939598 0.8538461 0.5061948 0.8538165 0.5062351 0.815188 0.5588394 0.8538165 0.5062351 0.853644 0.5064701 0.8153285 0.5586481 0.8153285 0.5586481 0.853644 0.5064701 0.8548319 0.5062481 0.8174526 0.5599679 0.8548319 0.5062481 0.8556371 0.5061698 0.7894285 0.5588239 0.8101037 0.5061708 0.810868 0.506247 0.7899274 0.5588759 0.810868 0.506247 0.8118029 0.506471 0.7906211 0.5588121 0.8118029 0.506471 0.8118982 0.5062351 0.7906144 0.5588285 0.8118982 0.5062351 0.8119145 0.5061951 0.8149033 0.506292 0.7924894 0.5586019 0.7917507 0.5585424 0.8136383 0.5062125 0.7917507 0.5585424 0.7907987 0.5583732 0.8118754 0.506292 0.7907987 0.5583732 0.7907118 0.5585877 0.8119013 0.5062279 0.7907118 0.5585877 0.7906892 0.5586439 0.8507468 0.5062918 0.8521027 0.5062126 0.8143909 0.5585354 0.8521027 0.5062126 0.8537749 0.5062918 0.8155409 0.558359 0.8537749 0.5062918 0.8538221 0.5062274 0.8153911 0.5585629 0.8538221 0.5062274 0.8537925 0.5062679 0.8153586 0.5586072 0.853846 0.5061948 0.8153073 0.558677 0.8151606 0.5588768 0.8538165 0.5062351 0.8151606 0.5588768 0.8153021 0.5586841 0.8153021 0.5586841 0.8174293 0.5599997 0.8548318 0.5062479 0.8174293 0.5599997 0.8191971 0.5607165 0.8556372 0.5061698 0.8119145 0.5061952 0.8118984 0.5062352 0.7906308 0.5587881 0.8118984 0.5062352 0.8118029 0.506471 0.7906436 0.5587564 0.8118029 0.506471 0.810868 0.506247 0.7899489 0.5588231 0.810868 0.506247 0.8101036 0.5061708 0.7894502 0.5587698 0.8149033 0.506292 0.8136384 0.5062125 0.7917239 0.5586076 0.8136384 0.5062125 0.8118754 0.506292 0.7907743 0.5584334 0.8118754 0.506292 0.8119013 0.5062279 0.7906906 0.5586404 0.8119013 0.5062279 0.8118851 0.5062679 0.7906715 0.5586873 0.8507468 0.5062918 0.8135458 0.55865 0.8143537 0.5585873 0.8521027 0.5062125 0.8143537 0.5585873 0.8155036 0.5584098 0.8537749 0.5062918 0.8155036 0.5584098 0.8153547 0.5586124 0.8538222 0.5062274 0.8153547 0.5586124 0.8153232 0.5586555 0.8554515 0.5042176 0.8555446 0.5041023 0.8537924 0.5062679 0.8555446 0.5041023 0.8555634 0.5040227 0.8538461 0.5061948 0.8555634 0.5040227 0.8554754 0.504134 0.8538461 0.5061948</float_array>
          <technique_common>
            <accessor source="#Cube_003-mesh-map-0-array" count="5526" stride="2">
              <param name="S" type="float"/>
              <param name="T" type="float"/>
            </accessor>
          </technique_common>
        </source>
        <vertices id="Cube_003-mesh-vertices">
          <input semantic="POSITION" source="#Cube_003-mesh-positions"/>
        </vertices>
        <triangles material="Material_005-material" count="312">
          <input semantic="VERTEX" source="#Cube_003-mesh-vertices" offset="0"/>
          <input semantic="NORMAL" source="#Cube_003-mesh-normals" offset="1"/>
          <input semantic="TEXCOORD" source="#Cube_003-mesh-map-0" offset="2" set="0"/>
          <p>246 229 729 798 229 730 236 229 731 469 232 738 474 232 739 231 232 740 245 236 750 249 236 751 242 236 752 243 246 780 240 246 781 231 246 782 792 247 783 791 247 784 225 247 785 315 260 825 332 260 826 247 260 827 247 270 858 243 270 859 246 270 860 241 271 861 250 271 862 798 271 863 241 32 864 261 32 865 260 32 866 259 272 867 254 272 868 237 272 869 318 32 870 317 32 871 249 32 872 357 273 873 365 273 874 454 273 875 353 274 876 352 274 877 390 274 878 367 275 879 369 275 880 233 275 881 229 308 978 790 308 979 227 308 980 230 534 1695 786 534 1696 785 534 1697 784 535 1698 787 535 1699 786 535 1700 787 536 1701 788 536 1702 786 536 1703 788 537 1704 789 537 1705 786 537 1706 789 538 1707 785 538 1708 786 538 1709 790 539 1710 793 539 1711 792 539 1712 793 540 1713 794 540 1714 792 540 1715 794 541 1716 795 541 1717 792 541 1718 795 542 1719 791 542 1720 792 542 1721 796 543 1722 799 543 1723 798 543 1724 799 544 1725 800 544 1726 798 544 1727 800 545 1728 801 545 1729 798 545 1730 801 546 1731 797 546 1732 798 546 1733 802 547 1734 805 547 1735 804 547 1736 805 548 1737 806 548 1738 804 548 1739 806 549 1740 807 549 1741 804 549 1742 807 550 1743 803 550 1744 804 550 1745 246 917 3486 796 917 3487 798 917 3488 240 920 3498 357 920 3499 461 920 3500 357 921 3501 463 921 3502 461 921 3503 224 922 3504 231 922 3505 473 922 3506 231 923 3507 240 923 3508 471 923 3509 224 924 3510 473 924 3511 472 924 3512 464 925 3513 234 925 3514 460 925 3515 234 926 3516 224 926 3517 459 926 3518 460 927 3519 234 927 3520 459 927 3521 240 928 3522 461 928 3523 475 928 3524 240 929 3525 475 929 3526 465 929 3527 462 930 3528 459 930 3529 224 930 3530 240 931 3531 465 931 3532 470 931 3533 240 932 3534 470 932 3535 471 932 3536 466 933 3537 462 933 3538 224 933 3539 472 934 3540 466 934 3541 224 934 3542 471 935 3543 468 935 3544 231 935 3545 468 936 3546 469 936 3547 231 936 3548 473 937 3549 231 937 3550 467 937 3551 467 938 3552 231 938 3553 474 938 3554 251 945 3573 237 945 3574 804 945 3575 804 946 3576 803 946 3577 251 946 3578 803 947 3579 245 947 3580 242 947 3581 251 948 3582 803 948 3583 242 948 3584 245 949 3585 239 949 3586 249 949 3587 239 950 3588 238 950 3589 249 950 3590 231 963 3627 224 963 3628 230 963 3629 230 964 3630 243 964 3631 231 964 3632 786 965 3633 224 965 3634 234 965 3635 226 966 3636 232 966 3637 784 966 3638 232 967 3639 225 967 3640 791 967 3641 228 968 3642 232 968 3643 791 968 3644 786 969 3645 234 969 3646 226 969 3647 228 970 3648 784 970 3649 232 970 3650 784 971 3651 786 971 3652 226 971 3653 240 994 3726 247 994 3727 331 994 3728 247 995 3729 236 995 3730 313 995 3731 313 996 3732 236 996 3733 312 996 3734 236 997 3735 250 997 3736 300 997 3737 250 998 3738 268 998 3739 271 998 3740 250 999 3741 271 999 3742 298 999 3743 351 1000 3744 357 1000 3745 348 1000 3746 357 1001 3747 240 1001 3748 348 1001 3749 250 1002 3750 298 1002 3751 300 1002 3752 347 1003 3753 348 1003 3754 240 1003 3755 349 1004 3756 347 1004 3757 240 1004 3758 236 1005 3759 300 1005 3760 299 1005 3761 236 1006 3762 299 1006 3763 312 1006 3764 330 1007 3765 349 1007 3766 240 1007 3767 331 1008 3768 330 1008 3769 240 1008 3770 247 1009 3771 313 1009 3772 314 1009 3773 333 1010 3774 331 1010 3775 247 1010 3776 332 1011 3777 333 1011 3778 247 1011 3779 247 1012 3780 314 1012 3781 315 1012 3782 246 1023 3816 236 1023 3817 247 1023 3818 247 1024 3819 240 1024 3820 243 1024 3821 250 1025 3822 236 1025 3823 798 1025 3824 798 1026 3825 797 1026 3826 241 1026 3827 797 1027 3828 244 1027 3829 248 1027 3830 241 1028 3831 797 1028 3832 248 1028 3833 244 1029 3834 802 1029 3835 248 1029 3836 802 1030 3837 804 1030 3838 237 1030 3839 248 1031 3840 802 1031 3841 237 1031 3842 354 1032 3843 357 1032 3844 344 1032 3845 357 1033 3846 351 1033 3847 350 1033 3848 357 1034 3849 350 1034 3850 346 1034 3851 358 1035 3852 354 1035 3853 328 1035 3854 357 1036 3855 346 1036 3856 344 1036 3857 362 1037 3858 358 1037 3859 329 1037 3860 354 1038 3861 344 1038 3862 328 1038 3863 361 1039 3864 362 1039 3865 326 1039 3866 358 1040 3867 328 1040 3868 329 1040 3869 345 1041 3870 361 1041 3871 325 1041 3872 362 1042 3873 329 1042 3874 326 1042 3875 341 1043 3876 345 1043 3877 307 1043 3878 361 1044 3879 326 1044 3880 325 1044 3881 308 32 3882 342 32 3883 293 32 3884 342 1045 3885 343 1045 3886 293 1045 3887 343 1046 3888 341 1046 3889 295 1046 3890 345 1047 3891 325 1047 3892 307 1047 3893 295 1048 3894 293 1048 3895 343 1048 3896 341 1049 3897 307 1049 3898 295 1049 3899 295 1050 3900 307 1050 3901 283 1050 3902 307 1051 3903 310 1051 3904 283 1051 3905 278 1052 3906 283 1052 3907 310 1052 3908 310 1053 3909 309 1053 3910 278 1053 3911 309 1054 3912 311 1054 3913 282 1054 3914 282 1055 3915 278 1055 3916 309 1055 3917 279 1056 3918 282 1056 3919 311 1056 3920 311 1057 3921 296 1057 3922 279 1057 3923 296 1058 3924 297 1058 3925 274 1058 3926 279 1059 3927 296 1059 3928 274 1059 3929 297 1060 3930 269 1060 3931 280 1060 3932 274 1061 3933 297 1061 3934 280 1061 3935 270 1062 3936 268 1062 3937 250 1062 3938 269 1063 3939 270 1063 3940 263 1063 3941 280 1064 3942 269 1064 3943 263 1064 3944 270 1065 3945 250 1065 3946 264 1065 3947 250 1066 3948 241 1066 3949 264 1066 3950 241 1067 3951 248 1067 3952 256 1067 3953 248 32 3954 266 32 3955 257 32 3956 248 1068 3957 257 1068 3958 256 1068 3959 263 1069 3960 270 1069 3961 264 1069 3962 241 1070 3963 256 1070 3964 255 1070 3965 260 32 3966 264 32 3967 241 32 3968 241 1071 3969 255 1071 3970 261 1071 3971 363 32 3972 352 32 3973 364 32 3974 352 32 3975 359 32 3976 336 32 3977 364 1072 3978 352 1072 3979 337 1072 3980 359 32 3981 356 32 3982 322 32 3983 337 1073 3984 352 1073 3985 336 1073 3986 356 1074 3987 360 1074 3988 321 1074 3989 336 32 3990 359 32 3991 322 32 3992 360 32 3993 366 32 3994 323 32 3995 322 32 3996 356 32 3997 321 32 3998 366 1075 3999 340 1075 4000 324 1075 4001 321 32 4002 360 32 4003 323 32 4004 340 32 4005 338 32 4006 277 32 4007 323 1076 4008 366 1076 4009 324 1076 4010 339 1077 4011 342 1077 4012 308 1077 4013 338 32 4014 339 32 4015 292 32 4016 324 32 4017 340 32 4018 327 32 4019 339 32 4020 308 32 4021 294 32 4022 339 32 4023 294 32 4024 292 32 4025 327 1078 4026 340 1078 4027 277 1078 4028 277 1079 4029 338 1079 4030 292 1079 4031 277 32 4032 276 32 4033 306 32 4034 306 32 4035 327 32 4036 277 32 4037 304 32 4038 306 32 4039 276 32 4040 276 32 4041 275 32 4042 304 32 4043 275 32 4044 273 32 4045 305 32 4046 305 32 4047 304 32 4048 275 32 4049 291 32 4050 305 32 4051 273 32 4052 290 32 4053 291 32 4054 272 32 4055 291 1080 4056 273 1080 4057 272 1080 4058 289 32 4059 290 32 4060 262 32 4061 290 1081 4062 272 1081 4063 262 1081 4064 251 1082 4065 284 1082 4066 285 1082 4067 285 32 4068 289 32 4069 251 32 4070 289 1083 4071 262 1083 4072 258 1083 4073 289 32 4074 258 32 4075 251 32 4076 237 32 4077 251 32 4078 259 32 4079 266 32 4080 248 32 4081 267 32 4082 248 32 4083 237 32 4084 253 32 4085 267 32 4086 248 32 4087 253 32 4088 251 1084 4089 258 1084 4090 265 1084 4091 251 1085 4092 265 1085 4093 259 1085 4094 252 32 4095 253 32 4096 237 32 4097 254 1086 4098 252 1086 4099 237 1086 4100 352 1087 4101 363 1087 4102 355 1087 4103 352 1088 4104 355 1088 4105 238 1088 4106 355 32 4107 334 32 4108 238 32 4109 242 32 4110 249 32 4111 302 32 4112 249 32 4113 238 32 4114 320 32 4115 242 1089 4116 302 1089 4117 303 1089 4118 284 32 4119 251 32 4120 281 32 4121 251 1090 4122 242 1090 4123 286 1090 4124 281 1091 4125 251 1091 4126 286 1091 4127 238 1092 4128 334 1092 4129 335 1092 4130 288 32 4131 286 32 4132 242 32 4133 238 1093 4134 335 1093 4135 319 1093 4136 238 1094 4137 319 1094 4138 320 1094 4139 287 1095 4140 288 1095 4141 242 1095 4142 303 1096 4143 287 1096 4144 242 1096 4145 320 32 4146 316 32 4147 249 32 4148 316 32 4149 318 32 4150 249 32 4151 302 1097 4152 249 1097 4153 301 1097 4154 301 32 4155 249 32 4156 317 32 4157 226 1098 4158 234 1098 4159 430 1098 4160 234 1099 4161 464 1099 4162 446 1099 4163 234 1100 4164 446 1100 4165 436 1100 4166 436 32 4167 446 32 4168 447 32 4169 414 1101 4170 232 1101 4171 412 1101 4172 232 1102 4173 226 1102 4174 428 1102 4175 412 1103 4176 232 1103 4177 428 1103 4178 234 1104 4179 436 1104 4180 430 1104 4181 447 32 4182 451 32 4183 444 32 4184 436 32 4185 447 32 4186 444 32 4187 426 1105 4188 428 1105 4189 226 1105 4190 451 1106 4191 448 1106 4192 435 1106 4193 448 32 4194 445 32 4195 429 32 4196 433 1107 4197 426 1107 4198 226 1107 4199 432 1108 4200 433 1108 4201 226 1108 4202 444 32 4203 451 32 4204 435 32 4205 445 1109 4206 457 1109 4207 434 1109 4208 457 1110 4209 456 1110 4210 437 1110 4211 435 32 4212 448 32 4213 429 32 4214 430 1111 4215 432 1111 4216 226 1111 4217 456 32 4218 452 32 4219 431 32 4220 429 32 4221 445 32 4222 434 32 4223 452 1112 4224 455 1112 4225 438 1112 4226 434 1113 4227 457 1113 4228 437 1113 4229 455 1114 4230 449 1114 4231 442 1114 4232 437 32 4233 456 32 4234 431 32 4235 449 1115 4236 443 1115 4237 440 1115 4238 431 1116 4239 452 1116 4240 438 1116 4241 443 1117 4242 450 1117 4243 441 1117 4244 431 1118 4245 439 1118 4246 427 1118 4247 439 1119 4248 431 1119 4249 438 1119 4250 438 1120 4251 455 1120 4252 442 1120 4253 427 1121 4254 439 1121 4255 425 1121 4256 450 1122 4257 454 1122 4258 365 1122 4259 421 1123 4260 415 1123 4261 418 1123 4262 418 1124 4263 427 1124 4264 425 1124 4265 421 1125 4266 418 1125 4267 425 1125 4268 442 1126 4269 449 1126 4270 440 1126 4271 454 1127 4272 453 1127 4273 357 1127 4274 440 1128 4275 443 1128 4276 441 1128 4277 458 1129 4278 463 1129 4279 357 1129 4280 453 1130 4281 458 1130 4282 357 1130 4283 441 1131 4284 450 1131 4285 365 1131 4286 225 1132 4287 232 1132 4288 419 1132 4289 232 1133 4290 414 1133 4291 409 1133 4292 232 1134 4293 409 1134 4294 419 1134 4295 375 1135 4296 235 1135 4297 378 1135 4298 235 1136 4299 225 1136 4300 404 1136 4301 378 1137 4302 235 1137 4303 401 1137 4304 401 1138 4305 235 1138 4306 402 1138 4307 225 1139 4308 419 1139 4309 413 1139 4310 385 1140 4311 378 1140 4312 401 1140 4313 380 1141 4314 385 1141 4315 400 1141 4316 400 1142 4317 385 1142 4318 401 1142 4319 225 1143 4320 413 1143 4321 417 1143 4322 225 1144 4323 417 1144 4324 404 1144 4325 387 1145 4326 380 1145 4327 403 1145 4328 403 1146 4329 380 1146 4330 400 1146 4331 377 1147 4332 387 1147 4333 399 1147 4334 404 1148 4335 402 1148 4336 235 1148 4337 393 1149 4338 377 1149 4339 405 1149 4340 387 1150 4341 403 1150 4342 399 1150 4343 397 1151 4344 393 1151 4345 410 1151 4346 395 1152 4347 397 1152 4348 411 1152 4349 377 1153 4350 399 1153 4351 405 1153 4352 393 1154 4353 405 1154 4354 410 1154 4355 394 1155 4356 395 1155 4357 422 1155 4358 397 1156 4359 410 1156 4360 411 1156 4361 398 1157 4362 394 1157 4363 423 1157 4364 395 1158 4365 411 1158 4366 408 1158 4367 424 1159 4368 395 1159 4369 408 1159 4370 396 1160 4371 398 1160 4372 407 1160 4373 395 1161 4374 424 1161 4375 422 1161 4376 391 1162 4377 396 1162 4378 406 1162 4379 394 1163 4380 422 1163 4381 423 1163 4382 408 1164 4383 416 1164 4384 420 1164 4385 416 1165 4386 415 1165 4387 421 1165 4388 416 1166 4389 421 1166 4390 420 1166 4391 390 1167 4392 391 1167 4393 353 1167 4394 408 1168 4395 420 1168 4396 424 1168 4397 398 1169 4398 423 1169 4399 407 1169 4400 386 1170 4401 390 1170 4402 352 1170 4403 396 1171 4404 407 1171 4405 406 1171 4406 352 1172 4407 376 1172 4408 379 1172 4409 379 1173 4410 386 1173 4411 352 1173 4412 391 1174 4413 406 1174 4414 353 1174 4415 227 1175 4416 235 1175 4417 388 1175 4418 235 1176 4419 375 1176 4420 382 1176 4421 235 1177 4422 382 1177 4423 383 1177 4424 238 1178 4425 233 1178 4426 371 1178 4427 233 1179 4428 227 1179 4429 370 1179 4430 370 1180 4431 227 1180 4432 373 1180 4433 376 1181 4434 352 1181 4435 381 1181 4436 352 1182 4437 238 1182 4438 381 1182 4439 235 1183 4440 383 1183 4441 388 1183 4442 384 1184 4443 381 1184 4444 238 1184 4445 392 1185 4446 384 1185 4447 238 1185 4448 227 1186 4449 388 1186 4450 374 1186 4451 227 1187 4452 374 1187 4453 373 1187 4454 389 1188 4455 392 1188 4456 238 1188 4457 371 1189 4458 389 1189 4459 238 1189 4460 233 1190 4461 370 1190 4462 368 1190 4463 372 1191 4464 371 1191 4465 233 1191 4466 369 1192 4467 372 1192 4468 233 1192 4469 233 1193 4470 368 1193 4471 367 1193 4472 792 1221 4554 225 1221 4555 235 1221 4556 227 1222 4557 233 1222 4558 229 1222 4559 233 1223 4560 238 1223 4561 239 1223 4562 229 1224 4563 233 1224 4564 239 1224 4565 792 1225 4566 235 1225 4567 790 1225 4568 235 1226 4569 227 1226 4570 790 1226 4571 230 1473 5355 224 1473 5356 786 1473 5357</p>
        </triangles>
        <triangles material="Material_006-material" count="658">
          <input semantic="VERTEX" source="#Cube_003-mesh-vertices" offset="0"/>
          <input semantic="NORMAL" source="#Cube_003-mesh-normals" offset="1"/>
          <input semantic="TEXCOORD" source="#Cube_003-mesh-map-0" offset="2" set="0"/>
          <p>1 0 0 367 0 1 0 0 2 2 1 3 369 1 4 1 1 5 3 2 6 372 2 7 2 2 8 4 3 9 371 3 10 3 3 11 5 4 12 389 4 13 4 4 14 6 5 15 392 5 16 5 5 17 7 6 18 384 6 19 6 6 20 8 7 21 381 7 22 7 7 23 9 8 24 376 8 25 8 8 26 10 9 27 379 9 28 9 9 29 11 10 30 386 10 31 10 10 32 12 11 33 390 11 34 11 11 35 13 12 36 391 12 37 12 12 38 14 13 39 396 13 40 13 13 41 15 14 42 398 14 43 14 14 44 16 15 45 394 15 46 15 15 47 17 16 48 395 16 49 16 16 50 18 17 51 397 17 52 17 17 53 19 18 54 393 18 55 18 18 56 20 19 57 377 19 58 19 19 59 21 20 60 387 20 61 20 20 62 22 21 63 380 21 64 21 21 65 23 22 66 385 22 67 22 22 68 24 23 69 378 23 70 23 23 71 25 24 72 375 24 73 24 24 74 26 25 75 382 25 76 25 25 77 27 26 78 383 26 79 26 26 80 28 27 81 388 27 82 27 27 83 29 28 84 374 28 85 28 28 86 30 29 87 373 29 88 29 29 89 31 30 90 370 30 91 30 30 92 0 31 93 368 31 94 31 31 95 25 32 96 17 32 97 9 32 98 33 33 99 400 33 100 32 33 101 34 34 102 403 34 103 33 34 104 35 35 105 399 35 106 34 35 107 36 36 108 405 36 109 35 36 110 37 37 111 410 37 112 36 37 113 38 38 114 411 38 115 37 38 116 39 39 117 408 39 118 38 39 119 40 40 120 416 40 121 39 40 122 41 41 123 415 41 124 40 41 125 42 42 126 418 42 127 41 42 128 43 43 129 427 43 130 42 43 131 44 44 132 431 44 133 43 44 134 45 45 135 437 45 136 44 45 137 46 46 138 434 46 139 45 46 140 47 47 141 429 47 142 46 47 143 48 48 144 435 48 145 47 48 146 49 49 147 444 49 148 48 49 149 50 50 150 436 50 151 49 50 152 51 51 153 430 51 154 50 51 155 52 52 156 432 52 157 51 52 158 53 53 159 433 53 160 52 53 161 54 54 162 426 54 163 53 54 164 55 55 165 428 55 166 54 55 167 56 56 168 412 56 169 55 56 170 57 57 171 414 57 172 56 57 173 58 58 174 409 58 175 57 58 176 59 59 177 419 59 178 58 59 179 60 60 180 413 60 181 59 60 182 61 61 183 417 61 184 60 61 185 62 62 186 404 62 187 61 62 188 63 63 189 402 63 190 62 63 191 32 64 192 401 64 193 63 64 194 33 65 195 57 65 196 49 65 197 65 33 198 452 33 199 64 33 200 66 34 201 455 34 202 65 34 203 67 66 204 449 66 205 66 66 206 68 67 207 443 67 208 67 67 209 69 68 210 450 68 211 68 68 212 70 69 213 454 69 214 69 69 215 71 70 216 453 70 217 70 70 218 72 71 219 458 71 220 71 71 221 73 72 222 463 72 223 72 72 224 74 73 225 461 73 226 73 73 227 75 74 228 475 74 229 74 74 230 76 75 231 465 75 232 75 75 233 77 45 234 470 45 235 76 45 236 78 46 237 471 46 238 77 46 239 79 76 240 468 76 241 78 76 242 80 77 243 469 77 244 79 77 245 81 78 246 474 78 247 80 78 248 82 79 249 467 79 250 81 79 251 83 80 252 473 80 253 82 80 254 84 81 255 472 81 256 83 81 257 85 82 258 466 82 259 84 82 260 86 83 261 462 83 262 85 83 263 87 84 264 459 84 265 86 84 266 88 56 267 460 56 268 87 56 269 89 85 270 464 85 271 88 85 272 90 58 273 446 58 274 89 58 275 91 86 276 447 86 277 90 86 278 92 87 279 451 87 280 91 87 281 93 88 282 448 88 283 92 88 284 94 89 285 445 89 286 93 89 287 95 90 288 457 90 289 94 90 290 64 64 291 456 64 292 95 64 293 81 91 294 73 91 295 65 91 296 97 92 297 315 92 298 96 92 299 98 93 300 332 93 301 97 93 302 99 94 303 333 94 304 98 94 305 100 95 306 331 95 307 99 95 308 101 96 309 330 96 310 100 96 311 102 97 312 349 97 313 101 97 314 103 98 315 347 98 316 102 98 317 104 99 318 348 99 319 103 99 320 105 100 321 351 100 322 104 100 323 106 101 324 350 101 325 105 101 326 107 102 327 346 102 328 106 102 329 108 103 330 344 103 331 107 103 332 109 104 333 328 104 334 108 104 335 110 105 336 329 105 337 109 105 338 111 106 339 326 106 340 110 106 341 112 107 342 325 107 343 111 107 344 113 108 345 307 108 346 112 108 347 114 109 348 310 109 349 113 109 350 115 110 351 309 110 352 114 110 353 116 111 354 311 111 355 115 111 356 117 112 357 296 112 358 116 112 359 118 113 360 297 113 361 117 113 362 119 114 363 269 114 364 118 114 365 120 115 366 270 115 367 119 115 368 121 116 369 268 116 370 120 116 371 122 117 372 271 117 373 121 117 374 123 118 375 298 118 376 122 118 377 124 119 378 300 119 379 123 119 380 125 120 381 299 120 382 124 120 383 126 121 384 312 121 385 125 121 386 127 122 387 313 122 388 126 122 389 96 123 390 314 123 391 127 123 392 121 124 393 113 124 394 105 124 395 129 125 396 357 125 397 128 125 398 130 126 399 365 126 400 129 126 401 131 127 402 441 127 403 130 127 404 132 128 405 440 128 406 131 128 407 133 129 408 442 129 409 132 129 410 134 130 411 438 130 412 133 130 413 135 131 414 439 131 415 134 131 416 136 132 417 425 132 418 135 132 419 137 133 420 421 133 421 136 133 422 138 134 423 420 134 424 137 134 425 139 135 426 424 135 427 138 135 428 140 136 429 422 136 430 139 136 431 141 137 432 423 137 433 140 137 434 142 138 435 407 138 436 141 138 437 143 139 438 406 139 439 142 139 440 144 140 441 353 140 442 143 140 443 145 141 444 352 141 445 144 141 446 146 142 447 359 142 448 145 142 449 147 143 450 356 143 451 146 143 452 148 144 453 360 144 454 147 144 455 149 145 456 366 145 457 148 145 458 150 146 459 340 146 460 149 146 461 151 147 462 338 147 463 150 147 464 152 148 465 339 148 466 151 148 467 153 149 468 342 149 469 152 149 470 154 150 471 343 150 472 153 150 473 155 151 474 341 151 475 154 151 476 156 152 477 345 152 478 155 152 479 157 153 480 361 153 481 156 153 482 158 154 483 362 154 484 157 154 485 159 155 486 358 155 487 158 155 488 128 156 489 354 156 490 159 156 491 153 32 492 145 32 493 137 32 494 161 157 495 280 157 496 160 157 497 162 158 498 274 158 499 161 158 500 163 159 501 279 159 502 162 159 503 164 160 504 282 160 505 163 160 506 165 161 507 278 161 508 164 161 509 166 162 510 283 162 511 165 162 512 167 163 513 295 163 514 166 163 515 168 164 516 293 164 517 167 164 518 169 165 519 308 165 520 168 165 521 170 166 522 294 166 523 169 166 524 171 167 525 292 167 526 170 167 527 172 168 528 277 168 529 171 168 530 173 169 531 276 169 532 172 169 533 174 170 534 275 170 535 173 170 536 175 171 537 273 171 538 174 171 539 176 172 540 272 172 541 175 172 542 177 173 543 262 173 544 176 173 545 178 174 546 258 174 547 177 174 548 179 175 549 265 175 550 178 175 551 180 176 552 259 176 553 179 176 554 181 177 555 254 177 556 180 177 557 182 178 558 252 178 559 181 178 560 183 179 561 253 179 562 182 179 563 184 180 564 267 180 565 183 180 566 185 181 567 266 181 568 184 181 569 186 182 570 257 182 571 185 182 572 187 183 573 256 183 574 186 183 575 188 184 576 255 184 577 187 184 578 189 185 579 261 185 580 188 185 581 190 186 582 260 186 583 189 186 584 191 187 585 264 187 586 190 187 587 160 188 588 263 188 589 191 188 590 185 32 591 177 32 592 169 32 593 193 189 594 327 189 595 192 189 596 194 190 597 324 190 598 193 190 599 195 191 600 323 191 601 194 191 602 196 192 603 321 192 604 195 192 605 197 193 606 322 193 607 196 193 608 198 194 609 336 194 610 197 194 611 199 195 612 337 195 613 198 195 614 200 196 615 364 196 616 199 196 617 201 197 618 363 197 619 200 197 620 202 198 621 355 198 622 201 198 623 203 199 624 334 199 625 202 199 626 204 200 627 335 200 628 203 200 629 205 201 630 319 201 631 204 201 632 206 202 633 320 202 634 205 202 635 207 203 636 316 203 637 206 203 638 208 204 639 318 204 640 207 204 641 209 205 642 317 205 643 208 205 644 210 206 645 301 206 646 209 206 647 211 207 648 302 207 649 210 207 650 212 208 651 303 208 652 211 208 653 213 145 654 287 145 655 212 145 656 214 209 657 288 209 658 213 209 659 215 210 660 286 210 661 214 210 662 216 211 663 281 211 664 215 211 665 217 149 666 284 149 667 216 149 668 218 212 669 285 212 670 217 212 671 219 213 672 289 213 673 218 213 674 220 214 675 290 214 676 219 214 677 221 215 678 291 215 679 220 215 680 222 216 681 305 216 682 221 216 683 223 217 684 304 217 685 222 217 686 192 218 687 306 218 688 223 218 689 209 32 690 201 32 691 193 32 692 1 682 2139 369 682 2140 367 682 2141 2 683 2142 372 683 2143 369 683 2144 3 684 2145 371 684 2146 372 684 2147 4 685 2148 389 685 2149 371 685 2150 5 686 2151 392 686 2152 389 686 2153 6 687 2154 384 687 2155 392 687 2156 7 6 2157 381 6 2158 384 6 2159 8 688 2160 376 688 2161 381 688 2162 9 689 2163 379 689 2164 376 689 2165 10 9 2166 386 9 2167 379 9 2168 11 690 2169 390 690 2170 386 690 2171 12 691 2172 391 691 2173 390 691 2174 13 692 2175 396 692 2176 391 692 2177 14 693 2178 398 693 2179 396 693 2180 15 694 2181 394 694 2182 398 694 2183 16 695 2184 395 695 2185 394 695 2186 17 696 2187 397 696 2188 395 696 2189 18 697 2190 393 697 2191 397 697 2192 19 698 2193 377 698 2194 393 698 2195 20 699 2196 387 699 2197 377 699 2198 21 700 2199 380 700 2200 387 700 2201 22 701 2202 385 701 2203 380 701 2204 23 702 2205 378 702 2206 385 702 2207 24 703 2208 375 703 2209 378 703 2210 25 704 2211 382 704 2212 375 704 2213 26 705 2214 383 705 2215 382 705 2216 27 706 2217 388 706 2218 383 706 2219 28 707 2220 374 707 2221 388 707 2222 29 708 2223 373 708 2224 374 708 2225 30 709 2226 370 709 2227 373 709 2228 31 710 2229 368 710 2230 370 710 2231 0 711 2232 367 711 2233 368 711 2234 1 32 2235 0 32 2236 31 32 2237 31 712 2238 30 712 2239 29 712 2240 29 32 2241 28 32 2242 27 32 2243 27 32 2244 26 32 2245 25 32 2246 25 713 2247 24 713 2248 21 713 2249 24 32 2250 23 32 2251 21 32 2252 23 714 2253 22 714 2254 21 714 2255 21 715 2256 20 715 2257 19 715 2258 19 32 2259 18 32 2260 21 32 2261 18 32 2262 17 32 2263 21 32 2264 17 32 2265 16 32 2266 13 32 2267 16 32 2268 15 32 2269 13 32 2270 15 32 2271 14 32 2272 13 32 2273 13 32 2274 12 32 2275 11 32 2276 11 32 2277 10 32 2278 9 32 2279 9 716 2280 8 716 2281 5 716 2282 8 32 2283 7 32 2284 5 32 2285 7 32 2286 6 32 2287 5 32 2288 5 32 2289 4 32 2290 3 32 2291 3 717 2292 2 717 2293 1 717 2294 1 32 2295 31 32 2296 25 32 2297 31 32 2298 29 32 2299 25 32 2300 29 32 2301 27 32 2302 25 32 2303 13 718 2304 11 718 2305 17 718 2306 11 32 2307 9 32 2308 17 32 2309 5 32 2310 3 32 2311 9 32 2312 3 32 2313 1 32 2314 9 32 2315 25 719 2316 21 719 2317 17 719 2318 1 720 2319 25 720 2320 9 720 2321 33 33 2322 403 33 2323 400 33 2324 34 34 2325 399 34 2326 403 34 2327 35 721 2328 405 721 2329 399 721 2330 36 722 2331 410 722 2332 405 722 2333 37 4 2334 411 4 2335 410 4 2336 38 723 2337 408 723 2338 411 723 2339 39 724 2340 416 724 2341 408 724 2342 40 71 2343 415 71 2344 416 71 2345 41 725 2346 418 725 2347 415 725 2348 42 726 2349 427 726 2350 418 726 2351 43 727 2352 431 727 2353 427 727 2354 44 728 2355 437 728 2356 431 728 2357 45 729 2358 434 729 2359 437 729 2360 46 730 2361 429 730 2362 434 730 2363 47 731 2364 435 731 2365 429 731 2366 48 732 2367 444 732 2368 435 732 2369 49 125 2370 436 125 2371 444 125 2372 50 733 2373 430 733 2374 436 733 2375 51 734 2376 432 734 2377 430 734 2378 52 735 2379 433 735 2380 432 735 2381 53 736 2382 426 736 2383 433 736 2384 54 737 2385 428 737 2386 426 737 2387 55 55 2388 412 55 2389 428 55 2390 56 738 2391 414 738 2392 412 738 2393 57 57 2394 409 57 2395 414 57 2396 58 739 2397 419 739 2398 409 739 2399 59 740 2400 413 740 2401 419 740 2402 60 741 2403 417 741 2404 413 741 2405 61 742 2406 404 742 2407 417 742 2408 62 743 2409 402 743 2410 404 743 2411 63 744 2412 401 744 2413 402 744 2414 32 64 2415 400 64 2416 401 64 2417 33 32 2418 32 32 2419 63 32 2420 63 32 2421 62 32 2422 61 32 2423 61 745 2424 60 745 2425 59 745 2426 59 32 2427 58 32 2428 61 32 2429 58 32 2430 57 32 2431 61 32 2432 57 32 2433 56 32 2434 55 32 2435 55 32 2436 54 32 2437 57 32 2438 54 32 2439 53 32 2440 57 32 2441 53 32 2442 52 32 2443 49 32 2444 52 746 2445 51 746 2446 49 746 2447 51 32 2448 50 32 2449 49 32 2450 49 32 2451 48 32 2452 45 32 2453 48 32 2454 47 32 2455 45 32 2456 47 32 2457 46 32 2458 45 32 2459 45 747 2460 44 747 2461 41 747 2462 44 748 2463 43 748 2464 41 748 2465 43 749 2466 42 749 2467 41 749 2468 41 32 2469 40 32 2470 39 32 2471 39 715 2472 38 715 2473 37 715 2474 37 750 2475 36 750 2476 35 750 2477 35 32 2478 34 32 2479 33 32 2480 33 32 2481 63 32 2482 57 32 2483 63 32 2484 61 32 2485 57 32 2486 41 32 2487 39 32 2488 37 32 2489 37 32 2490 35 32 2491 41 32 2492 35 32 2493 33 32 2494 41 32 2495 57 32 2496 53 32 2497 49 32 2498 49 751 2499 45 751 2500 33 751 2501 45 32 2502 41 32 2503 33 32 2504 65 752 2505 455 752 2506 452 752 2507 66 34 2508 449 34 2509 455 34 2510 67 753 2511 443 753 2512 449 753 2513 68 754 2514 450 754 2515 443 754 2516 69 755 2517 454 755 2518 450 755 2519 70 756 2520 453 756 2521 454 756 2522 71 724 2523 458 724 2524 453 724 2525 72 757 2526 463 757 2527 458 757 2528 73 758 2529 461 758 2530 463 758 2531 74 759 2532 475 759 2533 461 759 2534 75 760 2535 465 760 2536 475 760 2537 76 761 2538 470 761 2539 465 761 2540 77 762 2541 471 762 2542 470 762 2543 78 763 2544 468 763 2545 471 763 2546 79 764 2547 469 764 2548 468 764 2549 80 765 2550 474 765 2551 469 765 2552 81 78 2553 467 78 2554 474 78 2555 82 766 2556 473 766 2557 467 766 2558 83 767 2559 472 767 2560 473 767 2561 84 768 2562 466 768 2563 472 768 2564 85 769 2565 462 769 2566 466 769 2567 86 770 2568 459 770 2569 462 770 2570 87 55 2571 460 55 2572 459 55 2573 88 771 2574 464 771 2575 460 771 2576 89 772 2577 446 772 2578 464 772 2579 90 773 2580 447 773 2581 446 773 2582 91 774 2583 451 774 2584 447 774 2585 92 775 2586 448 775 2587 451 775 2588 93 88 2589 445 88 2590 448 88 2591 94 776 2592 457 776 2593 445 776 2594 95 744 2595 456 744 2596 457 744 2597 64 777 2598 452 777 2599 456 777 2600 65 32 2601 64 32 2602 95 32 2603 95 32 2604 94 32 2605 93 32 2606 93 778 2607 92 778 2608 91 778 2609 91 779 2610 90 779 2611 89 779 2612 89 32 2613 88 32 2614 85 32 2615 88 32 2616 87 32 2617 85 32 2618 87 32 2619 86 32 2620 85 32 2621 85 715 2622 84 715 2623 83 715 2624 83 32 2625 82 32 2626 81 32 2627 81 32 2628 80 32 2629 79 32 2630 79 32 2631 78 32 2632 77 32 2633 77 780 2634 76 780 2635 73 780 2636 76 781 2637 75 781 2638 73 781 2639 75 749 2640 74 749 2641 73 749 2642 73 32 2643 72 32 2644 71 32 2645 71 715 2646 70 715 2647 69 715 2648 69 750 2649 68 750 2650 67 750 2651 67 32 2652 66 32 2653 65 32 2654 65 32 2655 95 32 2656 89 32 2657 95 32 2658 93 32 2659 89 32 2660 93 32 2661 91 32 2662 89 32 2663 85 32 2664 83 32 2665 89 32 2666 83 32 2667 81 32 2668 89 32 2669 81 32 2670 79 32 2671 73 32 2672 79 32 2673 77 32 2674 73 32 2675 73 32 2676 71 32 2677 69 32 2678 69 32 2679 67 32 2680 73 32 2681 67 32 2682 65 32 2683 73 32 2684 65 782 2685 89 782 2686 81 782 2687 97 783 2688 332 783 2689 315 783 2690 98 784 2691 333 784 2692 332 784 2693 99 785 2694 331 785 2695 333 785 2696 100 95 2697 330 95 2698 331 95 2699 101 96 2700 349 96 2701 330 96 2702 102 786 2703 347 786 2704 349 786 2705 103 787 2706 348 787 2707 347 787 2708 104 788 2709 351 788 2710 348 788 2711 105 100 2712 350 100 2713 351 100 2714 106 101 2715 346 101 2716 350 101 2717 107 59 2718 344 59 2719 346 59 2720 108 789 2721 328 789 2722 344 789 2723 109 790 2724 329 790 2725 328 790 2726 110 791 2727 326 791 2728 329 791 2729 111 792 2730 325 792 2731 326 792 2732 112 793 2733 307 793 2734 325 793 2735 113 794 2736 310 794 2737 307 794 2738 114 795 2739 309 795 2740 310 795 2741 115 796 2742 311 796 2743 309 796 2744 116 111 2745 296 111 2746 311 111 2747 117 797 2748 297 797 2749 296 797 2750 118 798 2751 269 798 2752 297 798 2753 119 799 2754 270 799 2755 269 799 2756 120 800 2757 268 800 2758 270 800 2759 121 801 2760 271 801 2761 268 801 2762 122 802 2763 298 802 2764 271 802 2765 123 690 2766 300 690 2767 298 690 2768 124 803 2769 299 803 2770 300 803 2771 125 804 2772 312 804 2773 299 804 2774 126 805 2775 313 805 2776 312 805 2777 127 806 2778 314 806 2779 313 806 2780 96 807 2781 315 807 2782 314 807 2783 97 32 2784 96 32 2785 125 32 2786 96 32 2787 127 32 2788 125 32 2789 127 717 2790 126 717 2791 125 717 2792 125 32 2793 124 32 2794 123 32 2795 123 32 2796 122 32 2797 125 32 2798 122 32 2799 121 32 2800 125 32 2801 121 32 2802 120 32 2803 119 32 2804 119 32 2805 118 32 2806 121 32 2807 118 32 2808 117 32 2809 121 32 2810 117 32 2811 116 32 2812 115 32 2813 115 32 2814 114 32 2815 117 32 2816 114 32 2817 113 32 2818 117 32 2819 113 32 2820 112 32 2821 109 32 2822 112 32 2823 111 32 2824 109 32 2825 111 32 2826 110 32 2827 109 32 2828 109 32 2829 108 32 2830 105 32 2831 108 32 2832 107 32 2833 105 32 2834 107 808 2835 106 808 2836 105 808 2837 105 32 2838 104 32 2839 103 32 2840 103 714 2841 102 714 2842 101 714 2843 101 32 2844 100 32 2845 99 32 2846 99 32 2847 98 32 2848 101 32 2849 98 32 2850 97 32 2851 101 32 2852 105 809 2853 103 809 2854 101 809 2855 97 32 2856 125 32 2857 121 32 2858 121 810 2859 117 810 2860 113 810 2861 113 32 2862 109 32 2863 105 32 2864 105 811 2865 101 811 2866 97 811 2867 97 812 2868 121 812 2869 105 812 2870 129 813 2871 365 813 2872 357 813 2873 130 93 2874 441 93 2875 365 93 2876 131 814 2877 440 814 2878 441 814 2879 132 815 2880 442 815 2881 440 815 2882 133 816 2883 438 816 2884 442 816 2885 134 130 2886 439 130 2887 438 130 2888 135 817 2889 425 817 2890 439 817 2891 136 818 2892 421 818 2893 425 818 2894 137 819 2895 420 819 2896 421 819 2897 138 820 2898 424 820 2899 420 820 2900 139 821 2901 422 821 2902 424 821 2903 140 87 2904 423 87 2905 422 87 2906 141 822 2907 407 822 2908 423 822 2909 142 823 2910 406 823 2911 407 823 2912 143 824 2913 353 824 2914 406 824 2915 144 825 2916 352 825 2917 353 825 2918 145 826 2919 359 826 2920 352 826 2921 146 827 2922 356 827 2923 359 827 2924 147 828 2925 360 828 2926 356 828 2927 148 829 2928 366 829 2929 360 829 2930 149 830 2931 340 830 2932 366 830 2933 150 831 2934 338 831 2935 340 831 2936 151 832 2937 339 832 2938 338 832 2939 152 833 2940 342 833 2941 339 833 2942 153 834 2943 343 834 2944 342 834 2945 154 150 2946 341 150 2947 343 150 2948 155 835 2949 345 835 2950 341 835 2951 156 836 2952 361 836 2953 345 836 2954 157 837 2955 362 837 2956 361 837 2957 158 838 2958 358 838 2959 362 838 2960 159 839 2961 354 839 2962 358 839 2963 128 840 2964 357 840 2965 354 840 2966 129 32 2967 128 32 2968 157 32 2969 128 32 2970 159 32 2971 157 32 2972 159 32 2973 158 32 2974 157 32 2975 157 747 2976 156 747 2977 153 747 2978 156 841 2979 155 841 2980 153 841 2981 155 32 2982 154 32 2983 153 32 2984 153 32 2985 152 32 2986 151 32 2987 151 842 2988 150 842 2989 149 842 2990 149 714 2991 148 714 2992 147 714 2993 147 32 2994 146 32 2995 145 32 2996 145 32 2997 144 32 2998 143 32 2999 143 32 3000 142 32 3001 145 32 3002 142 32 3003 141 32 3004 145 32 3005 141 715 3006 140 715 3007 139 715 3008 139 714 3009 138 714 3010 137 714 3011 137 32 3012 136 32 3013 135 32 3014 135 32 3015 134 32 3016 137 32 3017 134 32 3018 133 32 3019 137 32 3020 133 745 3021 132 745 3022 131 745 3023 131 32 3024 130 32 3025 129 32 3026 153 32 3027 151 32 3028 149 32 3029 149 32 3030 147 32 3031 153 32 3032 147 32 3033 145 32 3034 153 32 3035 141 843 3036 139 843 3037 137 843 3038 133 32 3039 131 32 3040 137 32 3041 131 32 3042 129 32 3043 137 32 3044 129 32 3045 157 32 3046 153 32 3047 145 32 3048 141 32 3049 137 32 3050 129 32 3051 153 32 3052 137 32 3053 161 157 3054 274 157 3055 280 157 3056 162 844 3057 279 844 3058 274 844 3059 163 814 3060 282 814 3061 279 814 3062 164 845 3063 278 845 3064 282 845 3065 165 846 3066 283 846 3067 278 846 3068 166 847 3069 295 847 3070 283 847 3071 167 848 3072 293 848 3073 295 848 3074 168 818 3075 308 818 3076 293 818 3077 169 849 3078 294 849 3079 308 849 3080 170 134 3081 292 134 3082 294 134 3083 171 850 3084 277 850 3085 292 850 3086 172 851 3087 276 851 3088 277 851 3089 173 852 3090 275 852 3091 276 852 3092 174 853 3093 273 853 3094 275 853 3095 175 854 3096 272 854 3097 273 854 3098 176 855 3099 262 855 3100 272 855 3101 177 856 3102 258 856 3103 262 856 3104 178 857 3105 265 857 3106 258 857 3107 179 858 3108 259 858 3109 265 858 3110 180 176 3111 254 176 3112 259 176 3113 181 859 3114 252 859 3115 254 859 3116 182 860 3117 253 860 3118 252 860 3119 183 861 3120 267 861 3121 253 861 3122 184 862 3123 266 862 3124 267 862 3125 185 863 3126 257 863 3127 266 863 3128 186 864 3129 256 864 3130 257 864 3131 187 865 3132 255 865 3133 256 865 3134 188 866 3135 261 866 3136 255 866 3137 189 215 3138 260 215 3139 261 215 3140 190 186 3141 264 186 3142 260 186 3143 191 867 3144 263 867 3145 264 867 3146 160 218 3147 280 218 3148 263 218 3149 161 32 3150 160 32 3151 191 32 3152 191 32 3153 190 32 3154 189 32 3155 189 868 3156 188 868 3157 185 868 3158 188 869 3159 187 869 3160 185 869 3161 187 870 3162 186 870 3163 185 870 3164 185 32 3165 184 32 3166 183 32 3167 183 32 3168 182 32 3169 185 32 3170 182 32 3171 181 32 3172 185 32 3173 181 871 3174 180 871 3175 179 871 3176 179 781 3177 178 781 3178 181 781 3179 178 32 3180 177 32 3181 181 32 3182 177 32 3183 176 32 3184 173 32 3185 176 32 3186 175 32 3187 173 32 3188 175 32 3189 174 32 3190 173 32 3191 173 872 3192 172 872 3193 169 872 3194 172 873 3195 171 873 3196 169 873 3197 171 32 3198 170 32 3199 169 32 3200 169 32 3201 168 32 3202 165 32 3203 168 32 3204 167 32 3205 165 32 3206 167 874 3207 166 874 3208 165 874 3209 165 715 3210 164 715 3211 163 715 3212 163 32 3213 162 32 3214 161 32 3215 161 32 3216 191 32 3217 185 32 3218 191 32 3219 189 32 3220 185 32 3221 165 32 3222 163 32 3223 169 32 3224 163 32 3225 161 32 3226 169 32 3227 185 32 3228 181 32 3229 177 32 3230 177 32 3231 173 32 3232 169 32 3233 161 32 3234 185 32 3235 169 32 3236 193 189 3237 324 189 3238 327 189 3239 194 875 3240 323 875 3241 324 875 3242 195 876 3243 321 876 3244 323 876 3245 196 192 3246 322 192 3247 321 192 3248 197 877 3249 336 877 3250 322 877 3251 198 194 3252 337 194 3253 336 194 3254 199 195 3255 364 195 3256 337 195 3257 200 878 3258 363 878 3259 364 878 3260 201 879 3261 355 879 3262 363 879 3263 202 880 3264 334 880 3265 355 880 3266 203 850 3267 335 850 3268 334 850 3269 204 87 3270 319 87 3271 335 87 3272 205 169 3273 320 169 3274 319 169 3275 206 881 3276 316 881 3277 320 881 3278 207 882 3279 318 882 3280 316 882 3281 208 883 3282 317 883 3283 318 883 3284 209 884 3285 301 884 3286 317 884 3287 210 885 3288 302 885 3289 301 885 3290 211 886 3291 303 886 3292 302 886 3293 212 208 3294 287 208 3295 303 208 3296 213 859 3297 288 859 3298 287 859 3299 214 209 3300 286 209 3301 288 209 3302 215 887 3303 281 887 3304 286 887 3305 216 888 3306 284 888 3307 281 888 3308 217 863 3309 285 863 3310 284 863 3311 218 864 3312 289 864 3313 285 864 3314 219 889 3315 290 889 3316 289 889 3317 220 890 3318 291 890 3319 290 890 3320 221 891 3321 305 891 3322 291 891 3323 222 186 3324 304 186 3325 305 186 3326 223 892 3327 306 892 3328 304 892 3329 192 893 3330 327 893 3331 306 893 3332 193 32 3333 192 32 3334 223 32 3335 223 32 3336 222 32 3337 221 32 3338 221 749 3339 220 749 3340 219 749 3341 219 32 3342 218 32 3343 221 32 3344 218 32 3345 217 32 3346 221 32 3347 217 32 3348 216 32 3349 215 32 3350 215 894 3351 214 894 3352 213 894 3353 213 749 3354 212 749 3355 211 749 3356 211 781 3357 210 781 3358 213 781 3359 210 32 3360 209 32 3361 213 32 3362 209 32 3363 208 32 3364 205 32 3365 208 32 3366 207 32 3367 205 32 3368 207 32 3369 206 32 3370 205 32 3371 205 808 3372 204 808 3373 203 808 3374 203 895 3375 202 895 3376 201 895 3377 201 32 3378 200 32 3379 199 32 3380 199 874 3381 198 874 3382 197 874 3383 197 32 3384 196 32 3385 193 32 3386 196 32 3387 195 32 3388 193 32 3389 195 32 3390 194 32 3391 193 32 3392 193 32 3393 223 32 3394 217 32 3395 223 32 3396 221 32 3397 217 32 3398 217 32 3399 215 32 3400 213 32 3401 205 32 3402 203 32 3403 209 32 3404 203 32 3405 201 32 3406 209 32 3407 201 896 3408 199 896 3409 193 896 3410 199 32 3411 197 32 3412 193 32 3413 217 897 3414 213 897 3415 193 897 3416 213 32 3417 209 32 3418 193 32 3419</p>
        </triangles>
        <triangles material="Material_004-material" count="872">
          <input semantic="VERTEX" source="#Cube_003-mesh-vertices" offset="0"/>
          <input semantic="NORMAL" source="#Cube_003-mesh-normals" offset="1"/>
          <input semantic="TEXCOORD" source="#Cube_003-mesh-map-0" offset="2" set="0"/>
          <p>514 219 693 484 219 694 524 219 695 480 220 696 604 220 697 600 220 698 566 221 699 523 221 700 578 221 701 697 222 702 667 222 703 631 222 704 507 223 705 480 223 706 617 223 707 518 224 708 506 224 709 554 224 710 605 32 711 672 32 712 677 32 713 765 225 714 707 225 715 723 225 716 228 226 717 814 226 718 809 226 719 229 227 720 500 227 721 770 227 722 693 228 723 676 228 724 737 228 725 579 221 726 519 221 727 556 221 728 636 230 732 910 230 733 640 230 734 737 231 735 671 231 736 733 231 737 698 233 741 750 233 742 746 233 743 624 234 744 852 234 745 851 234 746 763 235 747 760 235 748 808 235 749 737 237 753 689 237 754 693 237 755 660 238 756 856 238 757 648 238 758 689 239 759 742 239 760 681 239 761 845 240 762 838 240 763 620 240 764 535 241 765 510 241 766 568 241 767 485 242 768 595 242 769 604 242 770 518 243 771 484 243 772 481 243 773 733 244 774 729 244 775 759 244 776 905 245 777 661 245 778 724 245 779 497 248 786 535 248 787 542 248 788 493 249 789 641 249 790 496 249 791 539 250 792 497 250 793 542 250 794 657 251 795 645 251 796 493 251 797 506 252 798 539 252 799 554 252 800 640 253 801 697 253 802 631 253 803 750 254 804 715 254 805 754 254 806 827 255 807 802 255 808 244 255 809 764 256 810 500 256 811 245 256 812 660 257 813 656 257 814 869 257 815 543 221 816 567 221 817 581 221 818 832 258 819 612 258 820 599 258 821 729 259 822 746 259 823 759 259 824 764 261 828 775 261 829 500 261 830 626 262 831 880 262 832 724 262 833 880 263 834 682 263 835 727 263 836 715 264 837 707 264 838 754 264 839 862 265 840 652 265 841 663 265 842 489 266 843 666 266 844 511 266 845 496 267 846 630 267 847 489 267 848 538 221 849 580 221 850 555 221 851 821 268 852 796 268 853 246 268 854 703 269 855 719 269 856 750 269 857 774 276 882 502 276 883 505 276 884 504 277 885 774 277 886 505 277 887 501 278 888 504 278 889 503 278 890 504 279 891 505 279 892 503 279 893 505 280 894 502 280 895 503 280 896 485 281 897 482 281 898 487 281 899 487 282 900 483 282 901 486 282 902 486 283 903 481 283 904 484 283 905 511 284 906 478 284 907 513 284 908 513 285 909 479 285 910 512 285 911 512 286 912 477 286 913 510 286 914 476 287 915 487 287 916 478 287 917 487 288 918 479 288 919 478 288 920 486 289 921 477 289 922 479 289 923 780 290 924 770 290 925 500 290 926 775 291 927 780 291 928 500 291 929 501 292 930 779 292 931 504 292 932 507 293 933 482 293 934 480 293 935 509 294 936 483 294 937 482 294 938 508 295 939 481 295 940 483 295 941 492 296 942 499 296 943 497 296 944 494 297 945 498 297 946 499 297 947 495 298 948 496 298 949 498 298 950 488 299 951 512 299 952 510 299 953 490 300 954 513 300 955 512 300 956 491 301 957 511 301 958 513 301 959 488 302 960 499 302 961 490 302 962 490 303 963 498 303 964 491 303 965 498 304 966 489 304 967 491 304 968 492 305 969 508 305 970 494 305 971 494 306 972 509 306 973 495 306 974 495 307 975 507 307 976 493 307 977 525 309 981 526 309 982 522 309 983 525 310 984 530 310 985 527 310 986 528 311 987 529 311 988 523 311 989 532 312 990 530 312 991 528 312 992 531 313 993 532 313 994 524 313 995 526 314 996 533 314 997 531 314 998 527 315 999 530 315 1000 533 315 1001 545 316 1002 546 316 1003 542 316 1004 545 317 1005 550 317 1006 547 317 1007 548 318 1008 549 318 1009 543 318 1010 552 319 1011 550 319 1012 548 319 1013 551 320 1014 552 320 1015 544 320 1016 551 321 1017 547 321 1018 553 321 1019 547 322 1020 550 322 1021 553 322 1022 557 323 1023 558 323 1024 554 323 1025 557 324 1026 562 324 1027 559 324 1028 560 325 1029 561 325 1030 555 325 1031 560 326 1032 565 326 1033 562 326 1034 563 327 1035 564 327 1036 556 327 1037 558 328 1038 565 328 1039 563 328 1040 559 329 1041 562 329 1042 565 329 1043 569 330 1044 570 330 1045 566 330 1046 573 331 1047 571 331 1048 569 331 1049 572 332 1050 573 332 1051 567 332 1052 576 333 1053 574 333 1054 572 333 1055 575 334 1056 576 334 1057 568 334 1058 575 335 1059 571 335 1060 577 335 1061 571 336 1062 574 336 1063 577 336 1064 578 221 1065 584 221 1066 583 221 1067 582 337 1068 587 337 1069 584 337 1070 585 221 1071 586 221 1072 579 221 1073 589 221 1074 587 221 1075 585 221 1076 588 338 1077 589 338 1078 580 338 1079 592 339 1080 590 339 1081 588 339 1082 581 221 1083 593 221 1084 592 221 1085 591 340 1086 584 340 1087 593 340 1088 587 341 1089 593 341 1090 584 341 1091 524 342 1092 520 342 1093 531 342 1094 531 343 1095 521 343 1096 526 343 1097 526 344 1098 519 344 1099 522 344 1100 568 345 1101 516 345 1102 575 345 1103 575 346 1104 517 346 1105 570 346 1106 570 347 1107 515 347 1108 566 347 1109 524 348 1110 516 348 1111 514 348 1112 532 349 1113 517 349 1114 516 349 1115 528 350 1116 515 350 1117 517 350 1118 578 351 1119 529 351 1120 582 351 1121 529 352 1122 586 352 1123 582 352 1124 525 221 1125 579 221 1126 586 221 1127 554 353 1128 520 353 1129 518 353 1130 558 354 1131 521 354 1132 520 354 1133 563 355 1134 519 355 1135 521 355 1136 579 221 1137 564 221 1138 585 221 1139 564 356 1140 589 356 1141 585 356 1142 560 357 1143 580 357 1144 589 357 1145 578 221 1146 569 221 1147 566 221 1148 569 358 1149 591 358 1150 573 358 1151 591 359 1152 567 359 1153 573 359 1154 538 360 1155 551 360 1156 544 360 1157 540 361 1158 546 361 1159 551 361 1160 541 362 1161 542 362 1162 546 362 1163 534 363 1164 572 363 1165 567 363 1166 536 364 1167 576 364 1168 572 364 1169 537 365 1170 568 365 1171 576 365 1172 534 366 1173 549 366 1174 536 366 1175 536 367 1176 545 367 1177 537 367 1178 537 368 1179 542 368 1180 535 368 1181 544 221 1182 588 221 1183 580 221 1184 588 221 1185 548 221 1186 592 221 1187 548 221 1188 581 221 1189 592 221 1190 538 369 1191 561 369 1192 540 369 1193 540 370 1194 557 370 1195 541 370 1196 541 371 1197 554 371 1198 539 371 1199 514 372 1200 510 372 1201 477 372 1202 599 373 1203 608 373 1204 605 373 1205 601 374 1206 607 374 1207 608 374 1208 602 375 1209 606 375 1210 607 375 1211 606 376 1212 600 376 1213 604 376 1214 594 377 1215 670 377 1216 667 377 1217 596 378 1218 669 378 1219 670 378 1220 597 379 1221 668 379 1222 669 379 1223 598 380 1224 666 380 1225 668 380 1226 594 381 1227 608 381 1228 596 381 1229 596 382 1230 607 382 1231 597 382 1232 597 383 1233 606 383 1234 598 383 1235 598 384 1236 604 384 1237 595 384 1238 613 385 1239 627 385 1240 625 385 1241 614 386 1242 628 386 1243 627 386 1244 615 387 1245 629 387 1246 628 387 1247 881 388 1248 845 388 1249 892 388 1250 609 389 1251 603 389 1252 610 389 1253 610 390 1254 602 390 1255 611 390 1256 611 391 1257 601 391 1258 612 391 1259 605 32 1260 887 32 1261 599 32 1262 621 392 1263 618 392 1264 617 392 1265 622 393 1266 619 393 1267 618 393 1268 623 394 1269 620 394 1270 619 394 1271 851 32 1272 893 32 1273 844 32 1274 609 395 1275 622 395 1276 621 395 1277 610 396 1278 623 396 1279 622 396 1280 623 397 1281 612 397 1282 624 397 1283 886 398 1284 850 398 1285 833 398 1286 613 399 1287 618 399 1288 614 399 1289 614 400 1290 619 400 1291 615 400 1292 619 401 1293 616 401 1294 615 401 1295 616 402 1296 840 402 1297 839 402 1298 635 403 1299 644 403 1300 641 403 1301 644 404 1302 638 404 1303 643 404 1304 643 405 1305 639 405 1306 642 405 1307 642 406 1308 636 406 1309 640 406 1310 666 407 1311 632 407 1312 668 407 1313 668 408 1314 633 408 1315 669 408 1316 669 409 1317 634 409 1318 670 409 1319 670 410 1320 631 410 1321 667 410 1322 641 411 1323 632 411 1324 630 411 1325 644 412 1326 633 412 1327 632 412 1328 643 413 1329 634 413 1330 633 413 1331 642 414 1332 631 414 1333 634 414 1334 656 415 1335 652 415 1336 863 415 1337 663 416 1338 651 416 1339 664 416 1340 664 417 1341 650 417 1342 665 417 1343 665 418 1344 649 418 1345 662 418 1346 875 419 1347 911 419 1348 856 419 1349 639 420 1350 647 420 1351 648 420 1352 638 421 1353 646 421 1354 647 421 1355 637 422 1356 645 422 1357 646 422 1358 874 423 1359 916 423 1360 923 423 1361 656 424 1362 659 424 1363 655 424 1364 655 425 1365 658 425 1366 654 425 1367 654 426 1368 657 426 1369 653 426 1370 636 427 1371 639 427 1372 648 427 1373 648 428 1374 659 428 1375 660 428 1376 659 429 1377 646 429 1378 658 429 1379 658 430 1380 645 430 1381 657 430 1382 904 431 1383 868 431 1384 863 431 1385 652 432 1386 655 432 1387 651 432 1388 655 433 1389 650 433 1390 651 433 1391 654 434 1392 649 434 1393 650 434 1394 476 435 1395 666 435 1396 595 435 1397 671 436 1398 732 436 1399 729 436 1400 673 437 1401 731 437 1402 732 437 1403 674 438 1404 730 438 1405 731 438 1406 675 439 1407 728 439 1408 730 439 1409 676 440 1410 673 440 1411 671 440 1412 673 441 1413 679 441 1414 674 441 1415 674 442 1416 680 442 1417 675 442 1418 675 443 1419 677 443 1420 672 443 1421 682 444 1422 892 444 1423 692 444 1424 682 445 1425 726 445 1426 727 445 1427 683 446 1428 725 446 1429 726 446 1430 725 447 1431 681 447 1432 723 447 1433 694 448 1434 692 448 1435 893 448 1436 680 449 1437 687 449 1438 688 449 1439 679 450 1440 686 450 1441 687 450 1442 678 451 1443 685 451 1444 686 451 1445 917 452 1446 904 452 1447 710 452 1448 692 453 1449 695 453 1450 691 453 1451 691 454 1452 696 454 1453 690 454 1454 690 455 1455 693 455 1456 689 455 1457 685 456 1458 696 456 1459 686 456 1460 686 457 1461 695 457 1462 687 457 1463 687 458 1464 694 458 1465 688 458 1466 887 459 1467 680 459 1468 688 459 1469 899 460 1470 886 460 1471 688 460 1472 692 461 1473 683 461 1474 682 461 1475 691 462 1476 684 462 1477 683 462 1478 690 463 1479 681 463 1480 684 463 1481 728 464 1482 699 464 1483 730 464 1484 730 465 1485 700 465 1486 731 465 1487 731 466 1488 701 466 1489 732 466 1490 732 467 1491 698 467 1492 729 467 1493 702 468 1494 699 468 1495 697 468 1496 704 469 1497 700 469 1498 699 469 1499 705 470 1500 701 470 1501 700 470 1502 706 471 1503 698 471 1504 701 471 1505 707 472 1506 725 472 1507 723 472 1508 725 473 1509 709 473 1510 726 473 1511 726 474 1512 710 474 1513 727 474 1514 712 475 1515 922 475 1516 722 475 1517 711 476 1518 706 476 1519 714 476 1520 714 477 1521 705 477 1522 713 477 1523 713 478 1524 704 478 1525 712 478 1526 923 479 1527 916 479 1528 722 479 1529 719 480 1530 718 480 1531 715 480 1532 720 481 1533 717 481 1534 718 481 1535 721 482 1536 716 482 1537 717 482 1538 704 483 1539 702 483 1540 910 483 1541 722 484 1542 713 484 1543 712 484 1544 721 485 1545 714 485 1546 713 485 1547 720 486 1548 711 486 1549 714 486 1550 707 487 1551 718 487 1552 708 487 1553 708 488 1554 717 488 1555 709 488 1556 709 489 1557 716 489 1558 710 489 1559 710 490 1560 906 490 1561 905 490 1562 667 32 1563 672 32 1564 594 32 1565 742 491 1566 738 491 1567 745 491 1568 745 492 1569 739 492 1570 744 492 1571 744 493 1572 740 493 1573 743 493 1574 751 494 1575 820 494 1576 747 494 1577 733 495 1578 738 495 1579 737 495 1580 734 496 1581 739 496 1582 738 496 1583 735 497 1584 740 497 1585 739 497 1586 740 498 1587 816 498 1588 815 498 1589 759 499 1590 734 499 1591 733 499 1592 761 500 1593 735 500 1594 734 500 1595 762 501 1596 736 501 1597 735 501 1598 809 502 1599 814 502 1600 740 502 1601 751 503 1602 757 503 1603 758 503 1604 752 504 1605 756 504 1606 757 504 1607 753 505 1608 754 505 1609 756 505 1610 821 506 1611 763 506 1612 747 506 1613 751 507 1614 748 507 1615 752 507 1616 752 508 1617 749 508 1618 753 508 1619 753 509 1620 746 509 1621 750 509 1622 826 510 1623 751 510 1624 758 510 1625 747 511 1626 762 511 1627 748 511 1628 748 512 1629 761 512 1630 749 512 1631 749 513 1632 759 513 1633 746 513 1634 774 514 1635 768 514 1636 765 514 1637 776 515 1638 767 515 1639 768 515 1640 777 516 1641 766 516 1642 767 516 1643 778 517 1644 764 517 1645 766 517 1646 774 518 1647 781 518 1648 776 518 1649 776 519 1650 782 519 1651 777 519 1652 777 520 1653 783 520 1654 778 520 1655 778 521 1656 780 521 1657 775 521 1658 779 522 1659 771 522 1660 781 522 1661 781 523 1662 772 523 1663 782 523 1664 782 524 1665 773 524 1666 783 524 1667 783 525 1668 770 525 1669 780 525 1670 765 526 1671 756 526 1672 754 526 1673 768 527 1674 757 527 1675 756 527 1676 767 528 1677 758 528 1678 757 528 1679 766 529 1680 755 529 1681 758 529 1682 741 530 1683 773 530 1684 743 530 1685 743 531 1686 772 531 1687 744 531 1688 744 532 1689 771 532 1690 745 532 1691 745 533 1692 769 533 1693 742 533 1694 808 551 1746 811 551 1747 810 551 1748 811 552 1749 812 552 1750 810 552 1751 812 553 1752 813 553 1753 810 553 1754 813 554 1755 809 554 1756 810 554 1757 814 555 1758 817 555 1759 816 555 1760 817 556 1761 818 556 1762 816 556 1763 818 557 1764 819 557 1765 816 557 1766 819 558 1767 815 558 1768 816 558 1769 820 559 1770 823 559 1771 822 559 1772 823 560 1773 824 560 1774 822 560 1775 824 561 1776 825 561 1777 822 561 1778 825 562 1779 821 562 1780 822 562 1781 826 563 1782 829 563 1783 828 563 1784 829 564 1785 830 564 1786 828 564 1787 830 565 1788 831 565 1789 828 565 1790 831 566 1791 827 566 1792 828 566 1793 809 567 1794 787 567 1795 784 567 1796 813 568 1797 788 568 1798 787 568 1799 812 569 1800 789 569 1801 788 569 1802 789 570 1803 808 570 1804 785 570 1805 815 571 1806 793 571 1807 790 571 1808 819 572 1809 794 572 1810 793 572 1811 794 573 1812 817 573 1813 795 573 1814 795 574 1815 814 574 1816 791 574 1817 820 575 1818 801 575 1819 823 575 1820 823 576 1821 800 576 1822 824 576 1823 824 577 1824 799 577 1825 825 577 1826 799 578 1827 821 578 1828 825 578 1829 826 579 1830 807 579 1831 829 579 1832 829 580 1833 806 580 1834 830 580 1835 806 581 1836 831 581 1837 830 581 1838 805 582 1839 827 582 1840 831 582 1841 230 583 1842 785 583 1843 808 583 1844 681 584 1845 742 584 1846 769 584 1847 832 585 1848 835 585 1849 834 585 1850 835 586 1851 836 586 1852 834 586 1853 836 587 1854 837 587 1855 834 587 1856 837 588 1857 833 588 1858 834 588 1859 838 589 1860 841 589 1861 840 589 1862 841 590 1863 842 590 1864 840 590 1865 842 591 1866 843 591 1867 840 591 1868 843 592 1869 839 592 1870 840 592 1871 844 593 1872 847 593 1873 846 593 1874 847 594 1875 848 594 1876 846 594 1877 848 595 1878 849 595 1879 846 595 1880 849 596 1881 845 596 1882 846 596 1883 850 597 1884 853 597 1885 852 597 1886 853 598 1887 854 598 1888 852 598 1889 854 599 1890 855 599 1891 852 599 1892 855 600 1893 851 600 1894 852 600 1895 856 601 1896 859 601 1897 858 601 1898 859 602 1899 860 602 1900 858 602 1901 860 603 1902 861 603 1903 858 603 1904 861 604 1905 857 604 1906 858 604 1907 862 605 1908 865 605 1909 864 605 1910 865 606 1911 866 606 1912 864 606 1913 866 607 1914 867 607 1915 864 607 1916 867 608 1917 863 608 1918 864 608 1919 868 609 1920 871 609 1921 870 609 1922 871 610 1923 872 610 1924 870 610 1925 872 611 1926 873 611 1927 870 611 1928 873 612 1929 869 612 1930 870 612 1931 874 613 1932 877 613 1933 876 613 1934 877 614 1935 878 614 1936 876 614 1937 878 615 1938 879 615 1939 876 615 1940 879 616 1941 875 616 1942 876 616 1943 880 617 1944 883 617 1945 882 617 1946 883 618 1947 884 618 1948 882 618 1949 884 619 1950 885 619 1951 882 619 1952 885 620 1953 881 620 1954 882 620 1955 886 621 1956 889 621 1957 888 621 1958 889 622 1959 890 622 1960 888 622 1961 890 623 1962 891 623 1963 888 623 1964 891 624 1965 887 624 1966 888 624 1967 892 625 1968 895 625 1969 894 625 1970 895 626 1971 896 626 1972 894 626 1973 896 627 1974 897 627 1975 894 627 1976 897 628 1977 893 628 1978 894 628 1979 898 629 1980 901 629 1981 900 629 1982 901 630 1983 902 630 1984 900 630 1985 902 631 1986 903 631 1987 900 631 1988 903 632 1989 899 632 1990 900 632 1991 904 633 1992 907 633 1993 906 633 1994 907 634 1995 908 634 1996 906 634 1997 908 635 1998 909 635 1999 906 635 2000 909 636 2001 905 636 2002 906 636 2003 910 637 2004 913 637 2005 912 637 2006 913 638 2007 914 638 2008 912 638 2009 914 639 2010 915 639 2011 912 639 2012 915 640 2013 911 640 2014 912 640 2015 916 641 2016 919 641 2017 918 641 2018 919 642 2019 920 642 2020 918 642 2021 920 643 2022 921 643 2023 918 643 2024 921 644 2025 917 644 2026 918 644 2027 922 645 2028 925 645 2029 924 645 2030 925 646 2031 926 646 2032 924 646 2033 926 647 2034 927 647 2035 924 647 2036 927 648 2037 923 648 2038 924 648 2039 833 649 2040 889 649 2041 886 649 2042 837 650 2043 890 650 2044 889 650 2045 890 651 2046 835 651 2047 891 651 2048 891 652 2049 832 652 2050 887 652 2051 880 653 2052 843 653 2053 883 653 2054 883 654 2055 842 654 2056 884 654 2057 884 655 2058 841 655 2059 885 655 2060 885 656 2061 838 656 2062 881 656 2063 844 657 2064 897 657 2065 847 657 2066 847 658 2067 896 658 2068 848 658 2069 848 659 2070 895 659 2071 849 659 2072 849 660 2073 892 660 2074 845 660 2075 851 661 2076 901 661 2077 898 661 2078 855 662 2079 902 662 2080 901 662 2081 854 663 2082 903 663 2083 902 663 2084 853 664 2085 899 664 2086 903 664 2087 856 665 2088 915 665 2089 859 665 2090 859 666 2091 914 666 2092 860 666 2093 914 667 2094 861 667 2095 860 667 2096 913 668 2097 857 668 2098 861 668 2099 863 669 2100 907 669 2101 904 669 2102 867 670 2103 908 670 2104 907 670 2105 866 671 2106 909 671 2107 908 671 2108 865 672 2109 905 672 2110 909 672 2111 869 673 2112 919 673 2113 916 673 2114 873 674 2115 920 674 2116 919 674 2117 872 675 2118 921 675 2119 920 675 2120 871 676 2121 917 676 2122 921 676 2123 874 677 2124 927 677 2125 877 677 2126 877 678 2127 926 678 2128 878 678 2129 878 679 2130 925 679 2131 879 679 2132 879 680 2133 922 680 2134 875 680 2135 833 681 2136 850 681 2137 624 681 2138 514 898 3420 477 898 3421 484 898 3422 480 899 3423 485 899 3424 604 899 3425 566 221 3426 515 221 3427 523 221 3428 697 32 3429 728 32 3430 667 32 3431 613 900 3432 625 900 3433 507 900 3434 480 901 3435 600 901 3436 609 901 3437 480 902 3438 609 902 3439 621 902 3440 617 903 3441 613 903 3442 507 903 3443 480 904 3444 621 904 3445 617 904 3446 518 905 3447 481 905 3448 506 905 3449 605 906 3450 594 906 3451 672 906 3452 723 907 3453 503 907 3454 765 907 3455 503 908 3456 502 908 3457 765 908 3458 765 909 3459 754 909 3460 707 909 3461 809 910 3462 784 910 3463 228 910 3464 228 911 3465 791 911 3466 814 911 3467 815 912 3468 790 912 3469 741 912 3470 790 913 3471 229 913 3472 741 913 3473 229 914 3474 239 914 3475 500 914 3476 770 915 3477 741 915 3478 229 915 3479 693 916 3480 685 916 3481 676 916 3482 579 221 3483 522 221 3484 519 221 3485 857 918 3489 910 918 3490 636 918 3491 910 32 3492 702 32 3493 640 32 3494 737 919 3495 676 919 3496 671 919 3497 698 939 3555 703 939 3556 750 939 3557 846 940 3558 620 940 3559 844 940 3560 620 941 3561 624 941 3562 844 941 3563 844 942 3564 624 942 3565 851 942 3566 810 943 3567 736 943 3568 808 943 3569 736 944 3570 763 944 3571 808 944 3572 737 951 3591 742 951 3592 689 951 3593 660 952 3594 876 952 3595 875 952 3596 875 953 3597 856 953 3598 660 953 3599 856 954 3600 858 954 3601 648 954 3602 840 955 3603 616 955 3604 838 955 3605 616 956 3606 620 956 3607 838 956 3608 620 957 3609 846 957 3610 845 957 3611 535 958 3612 488 958 3613 510 958 3614 485 959 3615 476 959 3616 595 959 3617 518 960 3618 524 960 3619 484 960 3620 733 961 3621 671 961 3622 729 961 3623 905 962 3624 862 962 3625 661 962 3626 497 972 3654 488 972 3655 535 972 3656 493 973 3657 635 973 3658 641 973 3659 539 974 3660 492 974 3661 497 974 3662 507 975 3663 662 975 3664 649 975 3665 507 976 3666 649 976 3667 653 976 3668 645 977 3669 635 977 3670 493 977 3671 507 978 3672 653 978 3673 493 978 3674 653 979 3675 657 979 3676 493 979 3677 506 980 3678 492 980 3679 539 980 3680 640 32 3681 702 32 3682 697 32 3683 750 981 3684 719 981 3685 715 981 3686 244 982 3687 797 982 3688 820 982 3689 820 983 3690 827 983 3691 244 983 3692 245 984 3693 803 984 3694 755 984 3695 803 985 3696 826 985 3697 755 985 3698 500 986 3699 239 986 3700 245 986 3701 245 987 3702 755 987 3703 764 987 3704 656 988 3705 870 988 3706 869 988 3707 869 989 3708 874 989 3709 660 989 3710 874 990 3711 876 990 3712 660 990 3713 543 221 3714 534 221 3715 567 221 3716 834 991 3717 612 991 3718 832 991 3719 612 992 3720 601 992 3721 599 992 3722 729 993 3723 698 993 3724 746 993 3725 626 1013 3783 839 1013 3784 880 1013 3785 727 1014 3786 724 1014 3787 880 1014 3788 880 1015 3789 882 1015 3790 682 1015 3791 663 1016 3792 661 1016 3793 862 1016 3794 862 1017 3795 864 1017 3796 652 1017 3797 489 1018 3798 630 1018 3799 666 1018 3800 496 1019 3801 641 1019 3802 630 1019 3803 538 221 3804 544 221 3805 580 221 3806 243 1020 3807 760 1020 3808 246 1020 3809 760 1021 3810 821 1021 3811 246 1021 3812 703 1022 3813 711 1022 3814 719 1022 3815 774 1194 4473 765 1194 4474 502 1194 4475 504 1195 4476 779 1195 4477 774 1195 4478 485 1196 4479 480 1196 4480 482 1196 4481 487 1197 4482 482 1197 4483 483 1197 4484 486 1198 4485 483 1198 4486 481 1198 4487 511 1199 4488 476 1199 4489 478 1199 4490 513 1200 4491 478 1200 4492 479 1200 4493 512 1201 4494 479 1201 4495 477 1201 4496 476 1202 4497 485 1202 4498 487 1202 4499 487 1203 4500 486 1203 4501 479 1203 4502 486 1204 4503 484 1204 4504 477 1204 4505 501 1205 4506 769 1205 4507 779 1205 4508 507 1206 4509 509 1206 4510 482 1206 4511 509 1207 4512 508 1207 4513 483 1207 4514 508 1208 4515 506 1208 4516 481 1208 4517 492 1209 4518 494 1209 4519 499 1209 4520 494 1210 4521 495 1210 4522 498 1210 4523 495 1211 4524 493 1211 4525 496 1211 4526 488 1212 4527 490 1212 4528 512 1212 4529 490 1213 4530 491 1213 4531 513 1213 4532 491 1214 4533 489 1214 4534 511 1214 4535 488 1215 4536 497 1215 4537 499 1215 4538 490 1216 4539 499 1216 4540 498 1216 4541 498 1217 4542 496 1217 4543 489 1217 4544 492 1218 4545 506 1218 4546 508 1218 4547 494 1219 4548 508 1219 4549 509 1219 4550 495 1220 4551 509 1220 4552 507 1220 4553 525 1227 4572 527 1227 4573 526 1227 4574 525 1228 4575 529 1228 4576 530 1228 4577 528 1229 4578 530 1229 4579 529 1229 4580 532 1230 4581 533 1230 4582 530 1230 4583 531 1231 4584 533 1231 4585 532 1231 4586 526 1232 4587 527 1232 4588 533 1232 4589 545 1233 4590 547 1233 4591 546 1233 4592 545 1234 4593 549 1234 4594 550 1234 4595 548 1235 4596 550 1235 4597 549 1235 4598 552 1236 4599 553 1236 4600 550 1236 4601 551 1237 4602 553 1237 4603 552 1237 4604 551 1238 4605 546 1238 4606 547 1238 4607 557 1239 4608 559 1239 4609 558 1239 4610 557 1240 4611 561 1240 4612 562 1240 4613 560 1241 4614 562 1241 4615 561 1241 4616 560 1242 4617 564 1242 4618 565 1242 4619 563 1243 4620 565 1243 4621 564 1243 4622 558 1244 4623 559 1244 4624 565 1244 4625 569 1245 4626 571 1245 4627 570 1245 4628 573 1246 4629 574 1246 4630 571 1246 4631 572 1247 4632 574 1247 4633 573 1247 4634 576 1248 4635 577 1248 4636 574 1248 4637 575 1249 4638 577 1249 4639 576 1249 4640 575 1250 4641 570 1250 4642 571 1250 4643 578 1251 4644 582 1251 4645 584 1251 4646 582 1252 4647 586 1252 4648 587 1252 4649 585 340 4650 587 340 4651 586 340 4652 589 340 4653 590 340 4654 587 340 4655 588 221 4656 590 221 4657 589 221 4658 592 221 4659 593 221 4660 590 221 4661 581 221 4662 591 221 4663 593 221 4664 591 221 4665 583 221 4666 584 221 4667 587 221 4668 590 221 4669 593 221 4670 524 1253 4671 518 1253 4672 520 1253 4673 531 1254 4674 520 1254 4675 521 1254 4676 526 1255 4677 521 1255 4678 519 1255 4679 568 1256 4680 514 1256 4681 516 1256 4682 575 1257 4683 516 1257 4684 517 1257 4685 570 1258 4686 517 1258 4687 515 1258 4688 524 1259 4689 532 1259 4690 516 1259 4691 532 1260 4692 528 1260 4693 517 1260 4694 528 1261 4695 523 1261 4696 515 1261 4697 578 1262 4698 523 1262 4699 529 1262 4700 529 1263 4701 525 1263 4702 586 1263 4703 525 221 4704 522 221 4705 579 221 4706 554 1264 4707 558 1264 4708 520 1264 4709 558 1265 4710 563 1265 4711 521 1265 4712 563 1266 4713 556 1266 4714 519 1266 4715 579 1267 4716 556 1267 4717 564 1267 4718 564 1268 4719 560 1268 4720 589 1268 4721 560 221 4722 555 221 4723 580 221 4724 578 221 4725 583 221 4726 569 221 4727 569 221 4728 583 221 4729 591 221 4730 591 221 4731 581 221 4732 567 221 4733 538 1269 4734 540 1269 4735 551 1269 4736 540 1270 4737 541 1270 4738 546 1270 4739 541 1271 4740 539 1271 4741 542 1271 4742 534 1272 4743 536 1272 4744 572 1272 4745 536 1273 4746 537 1273 4747 576 1273 4748 537 1274 4749 535 1274 4750 568 1274 4751 534 1275 4752 543 1275 4753 549 1275 4754 536 1276 4755 549 1276 4756 545 1276 4757 537 1277 4758 545 1277 4759 542 1277 4760 544 1278 4761 552 1278 4762 588 1278 4763 588 1279 4764 552 1279 4765 548 1279 4766 548 221 4767 543 221 4768 581 221 4769 538 1280 4770 555 1280 4771 561 1280 4772 540 1281 4773 561 1281 4774 557 1281 4775 541 1282 4776 557 1282 4777 554 1282 4778 514 1283 4779 568 1283 4780 510 1283 4781 599 1284 4782 601 1284 4783 608 1284 4784 601 1285 4785 602 1285 4786 607 1285 4787 602 1286 4788 603 1286 4789 606 1286 4790 606 1287 4791 603 1287 4792 600 1287 4793 594 1288 4794 596 1288 4795 670 1288 4796 596 1289 4797 597 1289 4798 669 1289 4799 597 1290 4800 598 1290 4801 668 1290 4802 598 1291 4803 595 1291 4804 666 1291 4805 594 1292 4806 605 1292 4807 608 1292 4808 596 1293 4809 608 1293 4810 607 1293 4811 597 1294 4812 607 1294 4813 606 1294 4814 598 1295 4815 606 1295 4816 604 1295 4817 613 1296 4818 614 1296 4819 627 1296 4820 614 1297 4821 615 1297 4822 628 1297 4823 615 1298 4824 616 1298 4825 629 1298 4826 881 1299 4827 838 1299 4828 845 1299 4829 609 1300 4830 600 1300 4831 603 1300 4832 610 1301 4833 603 1301 4834 602 1301 4835 611 1302 4836 602 1302 4837 601 1302 4838 677 32 4839 887 32 4840 605 32 4841 887 1303 4842 832 1303 4843 599 1303 4844 621 1304 4845 622 1304 4846 618 1304 4847 622 1305 4848 623 1305 4849 619 1305 4850 623 1306 4851 624 1306 4852 620 1306 4853 851 1307 4854 898 1307 4855 893 1307 4856 609 1308 4857 610 1308 4858 622 1308 4859 610 1309 4860 611 1309 4861 623 1309 4862 623 1310 4863 611 1310 4864 612 1310 4865 886 1311 4866 899 1311 4867 850 1311 4868 613 1312 4869 617 1312 4870 618 1312 4871 614 1313 4872 618 1313 4873 619 1313 4874 619 1314 4875 620 1314 4876 616 1314 4877 626 1315 4878 629 1315 4879 839 1315 4880 629 1316 4881 616 1316 4882 839 1316 4883 635 1317 4884 637 1317 4885 644 1317 4886 644 1318 4887 637 1318 4888 638 1318 4889 643 1319 4890 638 1319 4891 639 1319 4892 642 1320 4893 639 1320 4894 636 1320 4895 666 1321 4896 630 1321 4897 632 1321 4898 668 1322 4899 632 1322 4900 633 1322 4901 669 1323 4902 633 1323 4903 634 1323 4904 670 1324 4905 634 1324 4906 631 1324 4907 641 1325 4908 644 1325 4909 632 1325 4910 644 1326 4911 643 1326 4912 633 1326 4913 643 1327 4914 642 1327 4915 634 1327 4916 642 1328 4917 640 1328 4918 631 1328 4919 652 1329 4920 864 1329 4921 863 1329 4922 863 1330 4923 868 1330 4924 656 1330 4925 868 1331 4926 870 1331 4927 656 1331 4928 663 1332 4929 652 1332 4930 651 1332 4931 664 1333 4932 651 1333 4933 650 1333 4934 665 1334 4935 650 1334 4936 649 1334 4937 875 1335 4938 922 1335 4939 911 1335 4940 639 1336 4941 638 1336 4942 647 1336 4943 638 1337 4944 637 1337 4945 646 1337 4946 637 1338 4947 635 1338 4948 645 1338 4949 874 1339 4950 869 1339 4951 916 1339 4952 656 1340 4953 660 1340 4954 659 1340 4955 655 1341 4956 659 1341 4957 658 1341 4958 654 1342 4959 658 1342 4960 657 1342 4961 648 1343 4962 858 1343 4963 857 1343 4964 857 1344 4965 636 1344 4966 648 1344 4967 648 1345 4968 647 1345 4969 659 1345 4970 659 1346 4971 647 1346 4972 646 1346 4973 658 1347 4974 646 1347 4975 645 1347 4976 904 1348 4977 917 1348 4978 868 1348 4979 652 1349 4980 656 1349 4981 655 1349 4982 655 1350 4983 654 1350 4984 650 1350 4985 654 1351 4986 653 1351 4987 649 1351 4988 476 1352 4989 511 1352 4990 666 1352 4991 671 1353 4992 673 1353 4993 732 1353 4994 673 1354 4995 674 1354 4996 731 1354 4997 674 1355 4998 675 1355 4999 730 1355 5000 675 1356 5001 672 1356 5002 728 1356 5003 676 1357 5004 678 1357 5005 673 1357 5006 673 1358 5007 678 1358 5008 679 1358 5009 674 1359 5010 679 1359 5011 680 1359 5012 675 1360 5013 680 1360 5014 677 1360 5015 682 1361 5016 882 1361 5017 881 1361 5018 881 1362 5019 892 1362 5020 682 1362 5021 892 1363 5022 894 1363 5023 692 1363 5024 682 1364 5025 683 1364 5026 726 1364 5027 683 1365 5028 684 1365 5029 725 1365 5030 725 1366 5031 684 1366 5032 681 1366 5033 692 1367 5034 894 1367 5035 893 1367 5036 893 1368 5037 898 1368 5038 694 1368 5039 898 1369 5040 900 1369 5041 694 1369 5042 680 1370 5043 679 1370 5044 687 1370 5045 679 1371 5046 678 1371 5047 686 1371 5048 678 1372 5049 676 1372 5050 685 1372 5051 906 1373 5052 710 1373 5053 904 1373 5054 710 1374 5055 716 1374 5056 917 1374 5057 716 1375 5058 918 1375 5059 917 1375 5060 692 1376 5061 694 1376 5062 695 1376 5063 691 1377 5064 695 1377 5065 696 1377 5066 690 1378 5067 696 1378 5068 693 1378 5069 685 1379 5070 693 1379 5071 696 1379 5072 686 1380 5073 696 1380 5074 695 1380 5075 687 1381 5076 695 1381 5077 694 1381 5078 688 1382 5079 888 1382 5080 887 1382 5081 887 1383 5082 677 1383 5083 680 1383 5084 888 1384 5085 688 1384 5086 886 1384 5087 688 1385 5088 694 1385 5089 899 1385 5090 694 1386 5091 900 1386 5092 899 1386 5093 692 1387 5094 691 1387 5095 683 1387 5096 691 1388 5097 690 1388 5098 684 1388 5099 690 1389 5100 689 1389 5101 681 1389 5102 728 1390 5103 697 1390 5104 699 1390 5105 730 1391 5106 699 1391 5107 700 1391 5108 731 1392 5109 700 1392 5110 701 1392 5111 732 1393 5112 701 1393 5113 698 1393 5114 702 1394 5115 704 1394 5116 699 1394 5117 704 1395 5118 705 1395 5119 700 1395 5120 705 1396 5121 706 1396 5122 701 1396 5123 706 1397 5124 703 1397 5125 698 1397 5126 707 1398 5127 708 1398 5128 725 1398 5129 725 1399 5130 708 1399 5131 709 1399 5132 726 1400 5133 709 1400 5134 710 1400 5135 712 1401 5136 912 1401 5137 911 1401 5138 911 1402 5139 922 1402 5140 712 1402 5141 922 1403 5142 924 1403 5143 722 1403 5144 711 1404 5145 703 1404 5146 706 1404 5147 714 1405 5148 706 1405 5149 705 1405 5150 713 1406 5151 705 1406 5152 704 1406 5153 918 1407 5154 716 1407 5155 916 1407 5156 716 1408 5157 722 1408 5158 916 1408 5159 722 1409 5160 924 1409 5161 923 1409 5162 719 1410 5163 720 1410 5164 718 1410 5165 720 1411 5166 721 1411 5167 717 1411 5168 721 1412 5169 722 1412 5170 716 1412 5171 912 32 5172 712 32 5173 910 32 5174 712 1413 5175 704 1413 5176 910 1413 5177 722 1414 5178 721 1414 5179 713 1414 5180 721 1415 5181 720 1415 5182 714 1415 5183 720 1416 5184 719 1416 5185 711 1416 5186 707 1417 5187 715 1417 5188 718 1417 5189 708 1418 5190 718 1418 5191 717 1418 5192 709 1419 5193 717 1419 5194 716 1419 5195 724 1420 5196 727 1420 5197 905 1420 5198 727 1421 5199 710 1421 5200 905 1421 5201 667 1422 5202 728 1422 5203 672 1422 5204 742 1423 5205 737 1423 5206 738 1423 5207 745 1424 5208 738 1424 5209 739 1424 5210 744 1425 5211 739 1425 5212 740 1425 5213 751 1426 5214 828 1426 5215 827 1426 5216 827 1427 5217 820 1427 5218 751 1427 5219 820 1428 5220 822 1428 5221 747 1428 5222 733 1429 5223 734 1429 5224 738 1429 5225 734 1430 5226 735 1430 5227 739 1430 5228 735 1431 5229 736 1431 5230 740 1431 5231 741 1432 5232 743 1432 5233 815 1432 5234 743 1433 5235 740 1433 5236 815 1433 5237 759 1434 5238 761 1434 5239 734 1434 5240 761 1435 5241 762 1435 5242 735 1435 5243 762 1436 5244 763 1436 5245 736 1436 5246 816 1437 5247 740 1437 5248 814 1437 5249 740 1438 5250 736 1438 5251 809 1438 5252 736 1439 5253 810 1439 5254 809 1439 5255 751 1440 5256 752 1440 5257 757 1440 5258 752 1441 5259 753 1441 5260 756 1441 5261 753 1442 5262 750 1442 5263 754 1442 5264 747 1443 5265 822 1443 5266 821 1443 5267 821 1444 5268 760 1444 5269 763 1444 5270 751 1445 5271 747 1445 5272 748 1445 5273 752 1446 5274 748 1446 5275 749 1446 5276 753 1447 5277 749 1447 5278 746 1447 5279 758 1448 5280 755 1448 5281 826 1448 5282 826 1449 5283 828 1449 5284 751 1449 5285 747 1450 5286 763 1450 5287 762 1450 5288 748 1451 5289 762 1451 5290 761 1451 5291 749 1452 5292 761 1452 5293 759 1452 5294 774 1453 5295 776 1453 5296 768 1453 5297 776 1454 5298 777 1454 5299 767 1454 5300 777 1455 5301 778 1455 5302 766 1455 5303 778 1456 5304 775 1456 5305 764 1456 5306 774 1457 5307 779 1457 5308 781 1457 5309 776 1458 5310 781 1458 5311 782 1458 5312 777 1459 5313 782 1459 5314 783 1459 5315 778 1460 5316 783 1460 5317 780 1460 5318 779 1461 5319 769 1461 5320 771 1461 5321 781 1462 5322 771 1462 5323 772 1462 5324 782 1463 5325 772 1463 5326 773 1463 5327 783 1464 5328 773 1464 5329 770 1464 5330 765 1465 5331 768 1465 5332 756 1465 5333 768 1466 5334 767 1466 5335 757 1466 5336 767 1467 5337 766 1467 5338 758 1467 5339 766 1468 5340 764 1468 5341 755 1468 5342 741 1469 5343 770 1469 5344 773 1469 5345 743 1470 5346 773 1470 5347 772 1470 5348 744 1471 5349 772 1471 5350 771 1471 5351 745 1472 5352 771 1472 5353 769 1472 5354 809 1474 5358 813 1474 5359 787 1474 5360 813 1475 5361 812 1475 5362 788 1475 5363 812 1476 5364 811 1476 5365 789 1476 5366 789 1477 5367 811 1477 5368 808 1477 5369 815 1478 5370 819 1478 5371 793 1478 5372 819 1479 5373 818 1479 5374 794 1479 5375 794 1480 5376 818 1480 5377 817 1480 5378 795 1481 5379 817 1481 5380 814 1481 5381 820 1482 5382 797 1482 5383 801 1482 5384 823 1483 5385 801 1483 5386 800 1483 5387 824 1484 5388 800 1484 5389 799 1484 5390 799 1485 5391 796 1485 5392 821 1485 5393 826 1486 5394 803 1486 5395 807 1486 5396 829 1487 5397 807 1487 5398 806 1487 5399 806 1488 5400 805 1488 5401 831 1488 5402 805 1489 5403 802 1489 5404 827 1489 5405 808 1490 5406 760 1490 5407 230 1490 5408 760 1491 5409 243 1491 5410 230 1491 5411 769 1492 5412 501 1492 5413 503 1492 5414 503 1493 5415 723 1493 5416 769 1493 5417 723 1494 5418 681 1494 5419 769 1494 5420 833 1495 5421 837 1495 5422 889 1495 5423 837 1496 5424 836 1496 5425 890 1496 5426 890 1497 5427 836 1497 5428 835 1497 5429 891 1498 5430 835 1498 5431 832 1498 5432 880 1499 5433 839 1499 5434 843 1499 5435 883 1500 5436 843 1500 5437 842 1500 5438 884 1501 5439 842 1501 5440 841 1501 5441 885 1502 5442 841 1502 5443 838 1502 5444 844 1503 5445 893 1503 5446 897 1503 5447 847 1504 5448 897 1504 5449 896 1504 5450 848 1505 5451 896 1505 5452 895 1505 5453 849 1506 5454 895 1506 5455 892 1506 5456 851 1507 5457 855 1507 5458 901 1507 5459 855 1508 5460 854 1508 5461 902 1508 5462 854 1509 5463 853 1509 5464 903 1509 5465 853 1510 5466 850 1510 5467 899 1510 5468 856 1511 5469 911 1511 5470 915 1511 5471 859 1512 5472 915 1512 5473 914 1512 5474 914 1513 5475 913 1513 5476 861 1513 5477 913 1514 5478 910 1514 5479 857 1514 5480 863 1515 5481 867 1515 5482 907 1515 5483 867 1516 5484 866 1516 5485 908 1516 5486 866 1517 5487 865 1517 5488 909 1517 5489 865 1518 5490 862 1518 5491 905 1518 5492 869 1519 5493 873 1519 5494 919 1519 5495 873 1520 5496 872 1520 5497 920 1520 5498 872 1521 5499 871 1521 5500 921 1521 5501 871 1522 5502 868 1522 5503 917 1522 5504 874 1523 5505 923 1523 5506 927 1523 5507 877 1524 5508 927 1524 5509 926 1524 5510 878 1525 5511 926 1525 5512 925 1525 5513 879 1526 5514 925 1526 5515 922 1526 5516 852 1527 5517 624 1527 5518 850 1527 5519 624 1528 5520 612 1528 5521 833 1528 5522 612 1529 5523 834 1529 5524 833 1529 5525</p>
        </triangles>
      </mesh>
    </geometry>
  </library_geometries>
  <library_visual_scenes>
    <visual_scene id="Scene" name="Scene">
      <node id="Cube" name="Cube" type="NODE">
        <matrix sid="transform">-0.2830379 -0.2438196 0 1.77927 0.2438196 -0.2830379 0 -0.09124973 0 0 0.3519247 1.306421 0 0 0 1</matrix>
        <instance_geometry url="#Cube_005-mesh" name="Cube">
          <bind_material>
            <technique_common>
              <instance_material symbol="Material_004-material" target="#Material_004-material">
                <bind_vertex_input semantic="UVMap" input_semantic="TEXCOORD" input_set="0"/>
              </instance_material>
              <instance_material symbol="Material_005-material" target="#Material_005-material">
                <bind_vertex_input semantic="UVMap" input_semantic="TEXCOORD" input_set="0"/>
              </instance_material>
              <instance_material symbol="Material_006-material" target="#Material_006-material">
                <bind_vertex_input semantic="UVMap" input_semantic="TEXCOORD" input_set="0"/>
              </instance_material>
              <instance_material symbol="Material_006-material" target="#Material_006-material">
                <bind_vertex_input semantic="UVMap" input_semantic="TEXCOORD" input_set="0"/>
              </instance_material>
              <instance_material symbol="Material_007-material" target="#Material_007-material">
                <bind_vertex_input semantic="UVMap" input_semantic="TEXCOORD" input_set="0"/>
              </instance_material>
              <instance_material symbol="Material_006-material" target="#Material_006-material">
                <bind_vertex_input semantic="UVMap" input_semantic="TEXCOORD" input_set="0"/>
              </instance_material>
            </technique_common>
          </bind_material>
        </instance_geometry>
        <node id="Cube_001" name="Cube.001" type="NODE">
          <matrix sid="transform">1 -2.98023e-8 0 -2.98023e-5 2.98023e-8 1 0 0.08580637 0 0 1.06152 3.842064 0 0 0 1</matrix>
          <instance_geometry url="#Cube_003-mesh" name="Cube.001">
            <bind_material>
              <technique_common>
                <instance_material symbol="Material_004-material" target="#Material_004-material">
                  <bind_vertex_input semantic="UVMap" input_semantic="TEXCOORD" input_set="0"/>
                </instance_material>
                <instance_material symbol="Material_005-material" target="#Material_005-material">
                  <bind_vertex_input semantic="UVMap" input_semantic="TEXCOORD" input_set="0"/>
                </instance_material>
                <instance_material symbol="Material_006-material" target="#Material_006-material">
                  <bind_vertex_input semantic="UVMap" input_semantic="TEXCOORD" input_set="0"/>
                </instance_material>
                <instance_material symbol="Material_006-material" target="#Material_006-material">
                  <bind_vertex_input semantic="UVMap" input_semantic="TEXCOORD" input_set="0"/>
                </instance_material>
                <instance_material symbol="Material_004-material" target="#Material_004-material">
                  <bind_vertex_input semantic="UVMap" input_semantic="TEXCOORD" input_set="0"/>
                </instance_material>
              </technique_common>
            </bind_material>
          </instance_geometry>
        </node>
        <node id="Cube_004" name="Cube.004" type="NODE">
          <matrix sid="transform">3.07146e-8 -2.23517e-8 0.1577478 0.08587503 0 0.1577478 2.23517e-8 1.512734 -0.1674525 -4.38066e-15 3.26042e-8 6.416223 0 0 0 1</matrix>
          <instance_geometry url="#Cube_009-mesh" name="Cube.004">
            <bind_material>
              <technique_common>
                <instance_material symbol="Material_001-material" target="#Material_001-material">
                  <bind_vertex_input semantic="UVMap" input_semantic="TEXCOORD" input_set="0"/>
                </instance_material>
              </technique_common>
            </bind_material>
          </instance_geometry>
        </node>
        <node id="Cube_005" name="Cube.005" type="NODE">
          <matrix sid="transform">0.7228578 0 0 0.7270977 0 0.7228578 0 1.77728 0 0 0.7673281 5.454702 0 0 0 1</matrix>
          <instance_geometry url="#Cube_010-mesh" name="Cube.005">
            <bind_material>
              <technique_common>
                <instance_material symbol="Material_001-material" target="#Material_001-material">
                  <bind_vertex_input semantic="UVMap" input_semantic="TEXCOORD" input_set="0"/>
                </instance_material>
              </technique_common>
            </bind_material>
          </instance_geometry>
        </node>
      </node>
    </visual_scene>
  </library_visual_scenes>
  <scene>
    <instance_visual_scene url="#Scene"/>
  </scene>
</COLLADA>